Summary,Issue key,Issue id,Parent id,Issue Type,Status,Project key,Project name,Project type,Project lead,Project description,Project url,Priority,Resolution,Assignee,Reporter,Creator,Created,Updated,Last Viewed,Resolved,Affects Version/s,Affects Version/s.1,Affects Version/s.2,Affects Version/s.3,Affects Version/s.4,Fix Version/s,Fix Version/s.1,Fix Version/s.2,Fix Version/s.3,Fix Version/s.4,Component/s,Component/s.1,Component/s.2,Component/s.3,Due Date,Votes,Labels,Labels.1,Labels.2,Labels.3,Labels.4,Labels.5,Description,Environment,Original Estimate,Remaining Estimate,Time Spent,Work Ratio,Σ Original Estimate,Σ Remaining Estimate,Σ Time Spent,Security Level,Inward issue link (Blocked),Inward issue link (Blocker),Inward issue link (Blocker).1,Inward issue link (Blocker).2,Inward issue link (Blocker).3,Inward issue link (Blocker).4,Outward issue link (Blocker),Outward issue link (Blocker).1,Outward issue link (Blocker).2,Outward issue link (Blocker).3,Inward issue link (Cloners),Inward issue link (Cloners).1,Outward issue link (Cloners),Inward issue link (Duplicate),Outward issue link (Duplicate),Outward issue link (Duplicate).1,Inward issue link (Problem/Incident),Outward issue link (Problem/Incident),Outward issue link (Problem/Incident).1,Inward issue link (Reference),Inward issue link (Reference).1,Outward issue link (Reference),Outward issue link (Reference).1,Outward issue link (Reference).2,Outward issue link (Required),Inward issue link (Supercedes),Outward issue link (Supercedes),Outward issue link (dependent),Attachment,Attachment.1,Attachment.2,Attachment.3,Custom field (Affects version (Component)),Custom field (Attachment count),Custom field (Blog - New Blog Administrators),Custom field (Blog - New Blog PMC),Custom field (Blog - Write access),Custom field (Blog Administrator?),Custom field (Blogs - Admin for blog),Custom field (Blogs - Email Address),Custom field (Blogs - Existing Blog Access Level),Custom field (Blogs - Existing Blog Name),Custom field (Blogs - New Blog Write Access),Custom field (Blogs - Username),Custom field (Bug Category),Custom field (Bugzilla - Email Notification Address),Custom field (Bugzilla - List of usernames),Custom field (Bugzilla - PMC Name),Custom field (Bugzilla - Project Name),Custom field (Bugzilla Id),Custom field (Bugzilla Id).1,Custom field (Change Category),Custom field (Complexity),Custom field (Discovered By),Custom field (Docs Text),Custom field (Enable Automatic Patch Review),Custom field (Epic Colour),Custom field (Epic Link),Custom field (Epic Name),Custom field (Epic Status),Custom field (Estimated Complexity),Custom field (Evidence Of Open Source Adoption),Custom field (Evidence Of Registration),Custom field (Evidence Of Use On World Wide Web),Custom field (Existing GitBox Approval),Custom field (External issue ID),Custom field (External issue URL),Custom field (Fix version (Component)),Custom field (Flags),Custom field (Git Notification Mailing List),Custom field (Git Repository Import Path),Custom field (Git Repository Name),Custom field (Git Repository Type),Custom field (GitHub Options),Custom field (Github Integration),Custom field (Github Integrations - Other),Custom field (Global Rank),Custom field (INFRA - Subversion Repository Path),Custom field (Initial Confluence Contributors),Custom field (Language),Custom field (Last public comment date),Custom field (Level of effort),Custom field (Machine Readable Info),Custom field (Mentor),Custom field (New-TLP-TLPName),Custom field (Original story points),Custom field (Parent Link),Custom field (Priority),Custom field (Project),Custom field (Protected Branch),Custom field (Rank),Custom field (Rank (Obsolete)),Custom field (Review Date),Custom field (Reviewer),Custom field (Severity),Custom field (Severity).1,Custom field (Skill Level),Custom field (Source Control Link),Custom field (Space Description),Custom field (Space Key),Custom field (Space Name),Custom field (Start Date),Custom field (Tags),Custom field (Target Version/s),Custom field (Target Version/s).1,Custom field (Target Version/s).2,Custom field (Target Version/s).3,Custom field (Target Version/s).4,Custom field (Target end),Custom field (Target start),Custom field (Team),Custom field (Test and Documentation Plan),Custom field (Testcase included),Custom field (Tester),Custom field (Workaround),Comment,Comment.1,Comment.2,Comment.3,Comment.4,Comment.5,Comment.6,Comment.7,Comment.8,Comment.9,Comment.10,Comment.11,Comment.12,Comment.13,Comment.14,Comment.15,Comment.16,Comment.17,Comment.18,Comment.19,Comment.20,Comment.21,Comment.22,Comment.23,Comment.24,Comment.25,Comment.26,Comment.27
Upgrade to Apache POM 28,KARAF-7620,13506033,,Dependency upgrade,Resolved,KARAF,Karaf,software,jbonofre,,http://karaf.apache.org,Major,Fixed,jbonofre,jbonofre,jbonofre,26/Nov/22 12:51,26/Nov/22 16:44,06/Sep/26 16:38,26/Nov/22 16:44,,,,,,4.3.9,4.4.3,,,,karaf,,,,,0,,,,,,,,,,,,,,,,,,,,,,,,,,,,,,,,,,,,,,,,,,,,,,,,,,0.0,,,,,,,,,,,,,,,,,,,,,,no_permission,,,,,,,,,,,,,,,,,,,,,9223372036854775807,,,,Sat Nov 26 16:44:03 UTC 2022,,,,,,,,,,0|z1cquo:,9223372036854775807,,,,,,,,,,,,4.3.9,4.4.3,,,,,,,,,,,"26/Nov/22 16:43;githubbot;jbonofre merged PR #1684:
URL: https://github.com/apache/karaf/pull/1684


;;;","26/Nov/22 16:43;jira-bot;Commit ea3118c384db2a3536ffb49c89df8942e16b4330 in karaf's branch refs/heads/main from Jean-Baptiste Onofré
[ https://gitbox.apache.org/repos/asf?p=karaf.git;h=ea3118c384 ]

[KARAF-7620] Upgrade to Apache POM 28
;;;","26/Nov/22 16:43;jira-bot;Commit 1282ab7cd89abb2c0eaffdf0b14e3057c61978c7 in karaf's branch refs/heads/main from Jean-Baptiste Onofré
[ https://gitbox.apache.org/repos/asf?p=karaf.git;h=1282ab7cd8 ]

Merge pull request #1684 from jbonofre/KARAF-7620

[KARAF-7620] Upgrade to Apache POM 28;;;","26/Nov/22 16:44;jira-bot;Commit faab590de395d4fc02333dc146913a28ca06c013 in karaf's branch refs/heads/karaf-4.3.x from Jean-Baptiste Onofré
[ https://gitbox.apache.org/repos/asf?p=karaf.git;h=faab590de3 ]

[KARAF-7620] Upgrade to Apache POM 28

(cherry picked from commit ea3118c384db2a3536ffb49c89df8942e16b4330)
;;;",,,,,,,,,,,,,,,,,,,,,,,,
Scheduler should deal with array service pid,KARAF-7113,13373453,,Bug,Resolved,KARAF,Karaf,software,jbonofre,,http://karaf.apache.org,Major,Fixed,jbonofre,jbonofre,jbonofre,19/Apr/21 05:43,04/May/21 06:44,06/Sep/26 16:38,04/May/21 06:44,,,,,,4.2.12,4.3.2,,,,karaf,,,,,0,,,,,,,"Scheduler throws ClassCastException when it detects a Runnable with array service pid:
{code:java}
16:44:46.313 ERROR [pipe-start 195] Bundle org.apache.karaf.scheduler.core [182] EventDispatcher: Error during dispatch. (java.lang.ClassCastException: java.util.ArrayList cannot be cast to java.lang.String)
java.lang.ClassCastException: java.util.ArrayList cannot be cast to java.lang.String
	at org.apache.karaf.scheduler.core.WhiteboardHandler.getServiceIdentifier(WhiteboardHandler.java:87) ~[?:?]
	at org.apache.karaf.scheduler.core.WhiteboardHandler.register(WhiteboardHandler.java:101) ~[?:?]
	at org.apache.karaf.scheduler.core.WhiteboardHandler.access$100(WhiteboardHandler.java:36) ~[?:?]
	at org.apache.karaf.scheduler.core.WhiteboardHandler$1.addingService(WhiteboardHandler.java:65) ~[?:?]
	at org.osgi.util.tracker.ServiceTracker$Tracked.customizerAdding(ServiceTracker.java:941) ~[osgi.core-6.0.0.jar:?]
	at org.osgi.util.tracker.ServiceTracker$Tracked.customizerAdding(ServiceTracker.java:870) ~[osgi.core-6.0.0.jar:?]
	at org.osgi.util.tracker.AbstractTracked.trackAdding(AbstractTracked.java:256) ~[osgi.core-6.0.0.jar:?]
	at org.osgi.util.tracker.AbstractTracked.track(AbstractTracked.java:229) ~[osgi.core-6.0.0.jar:?]
	at org.osgi.util.tracker.ServiceTracker$Tracked.serviceChanged(ServiceTracker.java:901) ~[osgi.core-6.0.0.jar:?]
 {code}
{code:java}
@Component {configurationPid = {""foo"",""bar""})
public class Foo implements Runnable {
...
} {code}",,,,,,,,,,,,,,,,,,,,,,,,,,,,,,,,,,,,,,,,,,,0.0,,,,,,,,,,,,,,,,,,,,,,no_permission,,,,,,,,,,,,,,,,,,,,,9223372036854775807,,,,Tue May 04 06:43:57 UTC 2021,,,,,,,,,,0|z0q6eo:,9223372036854775807,,,,,,,,,,,,4.2.12,4.3.2,,,,,,,,,,,"19/Apr/21 06:20;paulsp;The bug is in the calculation of the SetviceIdentifier when the configurationPid of the Component is an Array and the scheduler.name property is not defined.  When the configurationPis is a String, the Scheduler correctly determines if the component should.be ignored. ;;;","28/Apr/21 07:56;githubbot;jbonofre opened a new pull request #1358:
URL: https://github.com/apache/karaf/pull/1358


   


-- 
This is an automated message from the Apache Git Service.
To respond to the message, please log on to GitHub and use the
URL above to go to the specific comment.

For queries about this service, please contact Infrastructure at:
users@infra.apache.org
;;;","04/May/21 06:43;jira-bot;Commit 7e8b5171b5672470c76ef7749bdacf84e25f78f6 in karaf's branch refs/heads/main from jbonofre
[ https://gitbox.apache.org/repos/asf?p=karaf.git;h=7e8b517 ]

[KARAF-7113] Improve scheduler whiteboard name handling
;;;","04/May/21 06:43;jira-bot;Commit 20396b38ebf115392138d907120a3e8d2ff04ed8 in karaf's branch refs/heads/main from Jean-Baptiste Onofré
[ https://gitbox.apache.org/repos/asf?p=karaf.git;h=20396b3 ]

Merge pull request #1358 from jbonofre/KARAF-7113

[KARAF-7113] Improve scheduler whiteboard name handling;;;","04/May/21 06:43;githubbot;jbonofre merged pull request #1358:
URL: https://github.com/apache/karaf/pull/1358


   


-- 
This is an automated message from the Apache Git Service.
To respond to the message, please log on to GitHub and use the
URL above to go to the specific comment.

For queries about this service, please contact Infrastructure at:
users@infra.apache.org
;;;","04/May/21 06:43;jira-bot;Commit 20396b38ebf115392138d907120a3e8d2ff04ed8 in karaf's branch refs/heads/main from Jean-Baptiste Onofré
[ https://gitbox.apache.org/repos/asf?p=karaf.git;h=20396b3 ]

Merge pull request #1358 from jbonofre/KARAF-7113

[KARAF-7113] Improve scheduler whiteboard name handling;;;","04/May/21 06:43;jira-bot;Commit 9218521c8ee4c5bec1cb61bd2463917d049e510c in karaf's branch refs/heads/karaf-4.2.x from jbonofre
[ https://gitbox.apache.org/repos/asf?p=karaf.git;h=9218521 ]

[KARAF-7113] Improve scheduler whiteboard name handling

(cherry picked from commit 7e8b5171b5672470c76ef7749bdacf84e25f78f6)
;;;",,,,,,,,,,,,,,,,,,,,,
Upgrade to OSGi R8,KARAF-7646,13522245,,Dependency upgrade,Resolved,KARAF,Karaf,software,jbonofre,,http://karaf.apache.org,Major,Fixed,jbonofre,jbonofre,jbonofre,31/Jan/23 15:20,16/Feb/23 17:49,06/Sep/26 16:38,16/Feb/23 17:49,,,,,,decanter-2.10.0,,,,,decanter,,,,,0,,,,,,,,,,,,,,,,,,,,,,,,,,,,,,,,,,,,,,,,,,,,,,,,,,0.0,,,,,,,,,,,,,,,,,,,,,,no_permission,,,,,,,,,,,,,,,,,,,,,9223372036854775807,,,,Thu Feb 16 17:47:09 UTC 2023,,,,,,,,,,0|z1fifk:,9223372036854775807,,,,,,,,,,,,decanter-2.10.0,,,,,,,,,,,,"16/Feb/23 17:47;githubbot;jbonofre merged PR #328:
URL: https://github.com/apache/karaf-decanter/pull/328


;;;","16/Feb/23 17:47;jira-bot;Commit 3a5dc67fcfc28cb7b93ae2724d663d1743bbc2c1 in karaf-decanter's branch refs/heads/main from Jean-Baptiste Onofré
[ https://gitbox.apache.org/repos/asf?p=karaf-decanter.git;h=3a5dc67f ]

[KARAF-7646] Upgrade to OSGi R8 and use atomic service artifacts
;;;","16/Feb/23 17:47;jira-bot;Commit 7f93174716e3db9b824c4e60c9a3176fc8edb913 in karaf-decanter's branch refs/heads/main from JB Onofré
[ https://gitbox.apache.org/repos/asf?p=karaf-decanter.git;h=7f931747 ]

Merge pull request #328 from jbonofre/KARAF-7646

[KARAF-7646] Upgrade to OSGi R8 and use atomic service artifacts;;;",,,,,,,,,,,,,,,,,,,,,,,,,
Upgrade to ActiveMQ 5.17.3,KARAF-7644,13522243,,Dependency upgrade,Resolved,KARAF,Karaf,software,jbonofre,,http://karaf.apache.org,Major,Fixed,jbonofre,jbonofre,jbonofre,31/Jan/23 15:19,03/Feb/23 14:33,06/Sep/26 16:38,03/Feb/23 14:33,,,,,,decanter-2.10.0,,,,,decanter,,,,,0,,,,,,,,,,,,,,,,,,,,,,,,,,,,,,,,,,,,,,,,,,,,,,,,,,0.0,,,,,,,,,,,,,,,,,,,,,,no_permission,,,,,,,,,,,,,,,,,,,,,9223372036854775807,,,,Fri Feb 03 14:33:11 UTC 2023,,,,,,,,,,0|z1fif4:,9223372036854775807,,,,,,,,,,,,decanter-2.10.0,,,,,,,,,,,,"03/Feb/23 14:33;githubbot;jbonofre merged PR #308:
URL: https://github.com/apache/karaf-decanter/pull/308


;;;","03/Feb/23 14:33;jira-bot;Commit 332c1a5d64d7b76a966efc69c0fd72ba89463e58 in karaf-decanter's branch refs/heads/main from JB Onofré
[ https://gitbox.apache.org/repos/asf?p=karaf-decanter.git;h=332c1a5d ]

[KARAF-7644] Upgrade to ActiveMQ 5.17.3
;;;","03/Feb/23 14:33;jira-bot;Commit 1108a8cc78c41f500dc9d019ef6ef228b72da476 in karaf-decanter's branch refs/heads/main from JB Onofré
[ https://gitbox.apache.org/repos/asf?p=karaf-decanter.git;h=1108a8cc ]

Merge pull request #308 from jbonofre/KARAF-7644

[KARAF-7644] Upgrade to ActiveMQ 5.17.3;;;",,,,,,,,,,,,,,,,,,,,,,,,,
Some REST example features fail to install,KARAF-7639,13520908,,Bug,Resolved,KARAF,Karaf,software,jbonofre,,http://karaf.apache.org,Major,Cannot Reproduce,jbonofre,paulsp,paulsp,21/Jan/23 23:24,03/Jul/25 05:02,06/Sep/26 16:38,03/Jul/25 05:02,4.4.3,,,,,,,,,,karaf,,,,,0,,,,,,,Some of the REST Example features fail to install due to missing dependencies.,,,,,,,,,,,,,,,,,,,,,,,,,,,,,,,,,,,,,,,,,,,0.0,,,,,,,,,,,,,,,,,,,,,,no_permission,,,,,,,,,,,,,,,,,,,,,9223372036854775807,,,,Thu Jul 03 05:02:06 UTC 2025,,,,,,,,,,0|z1fa9k:,9223372036854775807,,,,,,,,,,,,,,,,,,,,,,,,"21/Jan/23 23:58;githubbot;paulsp opened a new pull request, #1711:
URL: https://github.com/apache/karaf/pull/1711

   - Use Jackson features instead of individual bundles
   - Add feature dependencies dependences for clients that can be use with remote providers, i.e. CXF and http.
   - Correct the schemaLocation attribute
   - Add missing feature and bundle dependencies
   - Remove unneeded servicemix bundle dependencies
   - Remove HTTP prerequisites as they are installed by the features
   - Add Whiteboard documentation


;;;","03/Jul/25 05:01;githubbot;jbonofre closed pull request #1711: KARAF-7639 Correct feature dependencies and documentation.
URL: https://github.com/apache/karaf/pull/1711


;;;","03/Jul/25 05:01;githubbot;jbonofre commented on PR #1711:
URL: https://github.com/apache/karaf/pull/1711#issuecomment-3030756367

   This PR is ""out to date"":
   - Jackson feature changed a little
   - Other version (CXF) also changed
   
   The REST example should work ""smoothly"" as it's part of the itest (executed by CI): https://github.com/apache/karaf/blob/main/itests/test/src/test/java/org/apache/karaf/itests/examples/RestExampleTest.java
   
   I'm closing this PR, please feel free to reopen a new one if needed.


;;;",03/Jul/25 05:02;jbonofre;The REST Example installation is working fine on my laptop. Also CI is testing that via itests.;;;,,,,,,,,,,,,,,,,,,,,,,,,
Upgrade to maven wagon 3.5.2,KARAF-7510,13470241,,Dependency upgrade,Resolved,KARAF,Karaf,software,jbonofre,,http://karaf.apache.org,Major,Fixed,jbonofre,jbonofre,jbonofre,06/Jul/22 05:58,06/Jul/22 07:24,06/Sep/26 16:38,06/Jul/22 07:24,,,,,,4.3.8,4.4.1,,,,karaf,,,,,0,,,,,,,,,,,,,,,,,,,,,,,,,,,,,,,,,,,,,,,,,,,,,,,,,,0.0,,,,,,,,,,,,,,,,,,,,,,no_permission,,,,,,,,,,,,,,,,,,,,,9223372036854775807,,,,Wed Jul 06 07:24:06 UTC 2022,,,,,,,,,,0|z16mts:,9223372036854775807,,,,,,,,,,,,4.3.8,4.4.1,,,,,,,,,,,"06/Jul/22 07:23;githubbot;jbonofre merged PR #1597:
URL: https://github.com/apache/karaf/pull/1597


;;;","06/Jul/22 07:23;jira-bot;Commit 6c56fff9868f4ef4dbc58691006aabf1d4ce3ca9 in karaf's branch refs/heads/main from Jean-Baptiste Onofré
[ https://gitbox.apache.org/repos/asf?p=karaf.git;h=6c56fff986 ]

[KARAF-7510] Upgrade to maven wagon 3.5.2
;;;","06/Jul/22 07:23;jira-bot;Commit 266bb5863952774dc78ab6b985453f237cb17d16 in karaf's branch refs/heads/main from Jean-Baptiste Onofré
[ https://gitbox.apache.org/repos/asf?p=karaf.git;h=266bb58639 ]

Merge pull request #1597 from jbonofre/KARAF-7510

[KARAF-7510] Upgrade to maven wagon 3.5.2;;;","06/Jul/22 07:24;jira-bot;Commit 56633999ba55a6989d753394728cf39c72faae8e in karaf's branch refs/heads/karaf-4.3.x from Jean-Baptiste Onofré
[ https://gitbox.apache.org/repos/asf?p=karaf.git;h=56633999ba ]

[KARAF-7510] Upgrade to maven wagon 3.5.2

(cherry picked from commit 6c56fff9868f4ef4dbc58691006aabf1d4ce3ca9)
;;;",,,,,,,,,,,,,,,,,,,,,,,,
Upgrade to Pax Logging 1.11.12,KARAF-7301,13418432,,Dependency upgrade,Resolved,KARAF,Karaf,software,jbonofre,,http://karaf.apache.org,Major,Fixed,jbonofre,jbonofre,jbonofre,19/Dec/21 06:27,19/Dec/21 15:04,06/Sep/26 16:38,19/Dec/21 15:04,,,,,,4.2.14,,,,,karaf,,,,,0,,,,,,,,,,,,,,,,,,,,,,,,,,,,,,,,,,,,,,,,,,,,,,,,,,0.0,,,,,,,,,,,,,,,,,,,,,,no_permission,,,,,,,,,,,,,,,,,,,,,9223372036854775807,,,,Sun Dec 19 15:04:25 UTC 2021,,,,,,,,,,0|z0xv0w:,9223372036854775807,,,,,,,,,,,,4.2.14,,,,,,,,,,,,"19/Dec/21 15:04;jira-bot;Commit f7a2ad5e908c168d119f8083ddff3f1747912007 in karaf's branch refs/heads/karaf-4.2.x from Jean-Baptiste Onofré
[ https://gitbox.apache.org/repos/asf?p=karaf.git;h=f7a2ad5 ]

[KARAF-7301] Upgrade to Pax Logging 1.11.12
;;;",,,,,,,,,,,,,,,,,,,,,,,,,,,
Upgrade to equinox 3.17.100,KARAF-7394,13429531,,Dependency upgrade,Resolved,KARAF,Karaf,software,jbonofre,,http://karaf.apache.org,Major,Fixed,jbonofre,wborn,wborn,20/Feb/22 12:43,20/Mar/22 10:30,06/Sep/26 16:38,20/Mar/22 10:13,4.3.6,,,,,4.3.7,4.4.0,,,,karaf,,,,,0,,,,,,,"Equinox 3.17.100 should fix warnings when starting Karaf with Java 17.

See: [https://bugs.eclipse.org/bugs/show_bug.cgi?id=574729]

 

When launching Karaf 4.3.6 with Java 17 the following warning currently shows:
{code:java}
WARNING: A terminally deprecated method in java.lang.System has been called
WARNING: System::setSecurityManager has been called by org.eclipse.osgi.internal.framework.SystemBundleActivator (file:/home/wouter/openhab/runtime/system/org/eclipse/platform/org.eclipse.osgi/3.16.300/org.eclipse.osgi-3.16.300.jar)
WARNING: Please consider reporting this to the maintainers of org.eclipse.osgi.internal.framework.SystemBundleActivator
WARNING: System::setSecurityManager will be removed in a future release {code}
 

 ","Karaf 4.3.6

OpenJDK Runtime Environment Zulu17.32+13-CA (build 17.0.2+8-LTS)

Ubuntu 20.04.3 LTS",,,,,,,,,,,,,,,,,,,,,,,,,,,,,,,,,,,,,,,,,,0.0,,,,,,,,,,,,,,,,,,,,,,no_permission,,,,,,,,,,,,,,,,,,,,,9223372036854775807,,,,Sun Mar 20 10:30:38 UTC 2022,,,,,,,,,,0|z0zr88:,9223372036854775807,,,,,,,,,,,,4.3.7,4.4.0,,,,,,,,,,,"20/Mar/22 10:12;githubbot;jbonofre merged pull request #1498:
URL: https://github.com/apache/karaf/pull/1498


   


-- 
This is an automated message from the Apache Git Service.
To respond to the message, please log on to GitHub and use the
URL above to go to the specific comment.

To unsubscribe, e-mail: commits-unsubscribe@karaf.apache.org

For queries about this service, please contact Infrastructure at:
users@infra.apache.org
;;;","20/Mar/22 10:12;jira-bot;Commit 9afdf9d050ab8f5ae88509a96593655d05c53a96 in karaf's branch refs/heads/main from Jean-Baptiste Onofré
[ https://gitbox.apache.org/repos/asf?p=karaf.git;h=9afdf9d ]

[KARAF-7394] Upgrade to equinox 3.17.100
;;;","20/Mar/22 10:12;jira-bot;Commit d030ca67d75bd3bfb156cbc55400ffa0a04894e5 in karaf's branch refs/heads/main from Jean-Baptiste Onofré
[ https://gitbox.apache.org/repos/asf?p=karaf.git;h=d030ca6 ]

Merge pull request #1498 from jbonofre/KARAF-7394

[KARAF-7394] Upgrade to equinox 3.17.100;;;","20/Mar/22 10:12;jira-bot;Commit 5f1c1d70b57ec43d48bede4606f0de9e39f7fa5d in karaf's branch refs/heads/karaf-4.3.x from Jean-Baptiste Onofré
[ https://gitbox.apache.org/repos/asf?p=karaf.git;h=5f1c1d7 ]

[KARAF-7394] Upgrade to equinox 3.17.100

(cherry picked from commit 9afdf9d050ab8f5ae88509a96593655d05c53a96)
;;;","20/Mar/22 10:17;githubbot;wborn commented on pull request #1498:
URL: https://github.com/apache/karaf/pull/1498#issuecomment-1073217761


   Thanks @jbonofre! It's nice to get rid of the warning on Java 17.  :+1: 
   There's also a 3.17.200 release now if you want to upgrade to latest available version. :slightly_smiling_face: 


-- 
This is an automated message from the Apache Git Service.
To respond to the message, please log on to GitHub and use the
URL above to go to the specific comment.

To unsubscribe, e-mail: commits-unsubscribe@karaf.apache.org

For queries about this service, please contact Infrastructure at:
users@infra.apache.org
;;;","20/Mar/22 10:30;githubbot;jbonofre commented on pull request #1498:
URL: https://github.com/apache/karaf/pull/1498#issuecomment-1073219910


   @wborn indeed, let me create a dedicated Jira for equinox 3.17.200.


-- 
This is an automated message from the Apache Git Service.
To respond to the message, please log on to GitHub and use the
URL above to go to the specific comment.

To unsubscribe, e-mail: commits-unsubscribe@karaf.apache.org

For queries about this service, please contact Infrastructure at:
users@infra.apache.org
;;;",,,,,,,,,,,,,,,,,,,,,,
Add recursive folder / regex scanning in file collector,KARAF-7439,13446836,,Improvement,Resolved,KARAF,Karaf,software,jbonofre,,http://karaf.apache.org,Major,Duplicate,jbonofre,jbonofre,jbonofre,25/May/22 13:43,05/Feb/25 15:21,06/Sep/26 16:38,05/Feb/25 15:21,,,,,,,,,,,decanter,,,,,0,,,,,,,"Instead of having a single line via path property, the file collector should support base folder + regex to find all related files.",,,,,,,,,,,,,,,,,,,,,,,,,,,,,,,,,,,,,,,,,,,0.0,,,,,,,,,,,,,,,,,,,,,,no_permission,,,,,,,,,,,,,,,,,,,,,9223372036854775807,,,,Wed Feb 05 15:21:23 UTC 2025,,,,,,,,,,0|z12onk:,9223372036854775807,,,,,,,,,,,,,,,,,,,,,,,,05/Feb/25 15:21;jbonofre;Moved to GitHub: https://github.com/apache/karaf-decanter/issues/359;;;,,,,,,,,,,,,,,,,,,,,,,,,,,,
Support JDK JAAS API migration ,KARAF-7977,13623049,,Improvement,Open,KARAF,Karaf,software,jbonofre,,http://karaf.apache.org,Major,,,mattrpav,mattrpav,10/Jul/25 14:01,02/Sep/25 17:10,06/Sep/26 16:38,,,,,,,,,,,,,,,,,0,,,,,,,"The JDK JAAS API is undergoing transition to better support Virtual Threads by removing APIs that utilize ThreadLocal in favor of StoredValue.

Issue(s):

1. JDK 11 and 17 do not support the end-state JAAS APIs (specifically Subject.current())
2. Mixing JAAS APIs will break if users switch JDKs for the same Karaf and any code that uses JAAS security APIs.

API combinations:

doAs() + AccessController <-- deprecated for removal
callAs() + Subject.current() <-- first available in JDK 18 (or JDK 21 LTS)

There is not a current solution to provide:

1. Seamless transition for Karaf users across JDKs, unless the starting supported LTS version is JDK 21

2. Consistent JAAS API usage across Karaf ",,,,,,,,,,,,,,,,,,,,,,,,,,,,,,,KARAF-7970,KARAF-8005,,,,,,,,,,,0.0,,,,,,,,,,,,,,,,,,,,,,no_permission,,,,,,,,,,,,,,,,,,,,,9223372036854775807,,,,2025-07-10 14:01:57.0,,,,,,,,,,0|z1wp48:,9223372036854775807,,,,,,,,,,,,,,,,,,,,,,,,,,,,,,,,,,,,,,,,,,,,,,,,,,,
Upgrade to Pax Logging 1.11.15,KARAF-7399,13431216,,Dependency upgrade,Resolved,KARAF,Karaf,software,jbonofre,,http://karaf.apache.org,Major,Fixed,jbonofre,jbonofre,jbonofre,01/Mar/22 11:40,26/May/22 05:12,06/Sep/26 16:38,26/May/22 05:12,,,,,,4.2.16,,,,,karaf,,,,,0,,,,,,,,,,,,,,,,,,,,,,,,,,,,,,,,,,,,,,,,,,,,,,,,,,0.0,,,,,,,,,,,,,,,,,,,,,,no_permission,,,,,,,,,,,,,,,,,,,,,9223372036854775807,,,,2022-03-01 11:40:01.0,,,,,,,,,,0|z101kg:,9223372036854775807,,,,,,,,,,,,,,,,,,,,,,,,,,,,,,,,,,,,,,,,,,,,,,,,,,,
Upgrade to bndlib 6.3.1,KARAF-7472,13467124,,Dependency upgrade,Resolved,KARAF,Karaf,software,jbonofre,,http://karaf.apache.org,Major,Fixed,jbonofre,jbonofre,jbonofre,24/Jun/22 09:17,03/Jul/22 19:02,06/Sep/26 16:38,03/Jul/22 19:02,,,,,,4.3.8,4.4.1,,,,karaf,,,,,0,,,,,,,,,,,,,,,,,,,,,,,,,,,,,,,,,,,,,,,,,,,,,,,,,,0.0,,,,,,,,,,,,,,,,,,,,,,no_permission,,,,,,,,,,,,,,,,,,,,,9223372036854775807,,,,Sun Jul 03 19:02:01 UTC 2022,,,,,,,,,,0|z164yg:,9223372036854775807,,,,,,,,,,,,4.3.8,4.4.1,,,,,,,,,,,"03/Jul/22 19:01;githubbot;jbonofre merged PR #1579:
URL: https://github.com/apache/karaf/pull/1579


;;;","03/Jul/22 19:01;jira-bot;Commit a8bb987940a797408a4cd1932448344fda37c202 in karaf's branch refs/heads/main from Jean-Baptiste Onofré
[ https://gitbox.apache.org/repos/asf?p=karaf.git;h=a8bb987940 ]

[KARAF-7472] Upgrade to bndlib 6.3.1
;;;","03/Jul/22 19:01;jira-bot;Commit 80c785c68b915034a2187d8cecb2ccaffc2b701a in karaf's branch refs/heads/main from Jean-Baptiste Onofré
[ https://gitbox.apache.org/repos/asf?p=karaf.git;h=80c785c68b ]

Merge pull request #1579 from jbonofre/KARAF-7472

[KARAF-7472] Upgrade to bndlib 6.3.1;;;","03/Jul/22 19:02;jira-bot;Commit 071b8d291abd18df1d5cf22f123a3c72a821dcc1 in karaf's branch refs/heads/karaf-4.3.x from Jean-Baptiste Onofré
[ https://gitbox.apache.org/repos/asf?p=karaf.git;h=071b8d291a ]

[KARAF-7472] Upgrade to bndlib 6.3.1

(cherry picked from commit a8bb987940a797408a4cd1932448344fda37c202)
;;;",,,,,,,,,,,,,,,,,,,,,,,,
Upgrade to commons-lang3 3.14.0,KARAF-7788,13561707,,Dependency upgrade,Resolved,KARAF,Karaf,software,jbonofre,,http://karaf.apache.org,Major,Fixed,jbonofre,jbonofre,jbonofre,13/Dec/23 16:06,15/Dec/23 04:40,06/Sep/26 16:38,15/Dec/23 04:40,,,,,,4.4.5,4.5.0,,,,karaf,,,,,0,,,,,,,,,,,,,,,,,,,,,,,,,,,,,,,,,,,,,,,,,,,,,,,,,,0.0,,,,,,,,,,,,,,,,,,,,,,no_permission,,,,,,,,,,,,,,,,,,,,,9223372036854775807,,,,Fri Dec 15 04:39:48 UTC 2023,,,,,,,,,,0|z1m8mg:,9223372036854775807,,,,,,,,,,,,4.4.5,4.5.0,,,,,,,,,,,"14/Dec/23 13:48;githubbot;jbonofre opened a new pull request, #1798:
URL: https://github.com/apache/karaf/pull/1798

   (no comment)


;;;","14/Dec/23 21:15;githubbot;rovarga merged PR #1798:
URL: https://github.com/apache/karaf/pull/1798


;;;","14/Dec/23 21:15;jira-bot;Commit 02b5182cd50162dea85d24acb1056accaa1cde23 in karaf's branch refs/heads/main from JB Onofré
[ https://gitbox.apache.org/repos/asf?p=karaf.git;h=02b5182cd5 ]

KARAF-7788: Upgrade to commons-lang3 3.14.0
;;;","14/Dec/23 21:15;jira-bot;Commit fe857ff9c8001cb652123f7aec41ed37e53a9a52 in karaf's branch refs/heads/main from Robert Varga
[ https://gitbox.apache.org/repos/asf?p=karaf.git;h=fe857ff9c8 ]

Merge pull request #1798 from jbonofre/KARAF-7788

KARAF-7788: Upgrade to commons-lang3 3.14.0;;;","15/Dec/23 04:39;jira-bot;Commit 2ba431012f9b03865172bd598c69d83005f257a2 in karaf's branch refs/heads/karaf-4.4.x from JB Onofré
[ https://gitbox.apache.org/repos/asf?p=karaf.git;h=2ba431012f ]

KARAF-7788: Upgrade to commons-lang3 3.14.0

(cherry picked from commit 02b5182cd50162dea85d24acb1056accaa1cde23)
;;;",,,,,,,,,,,,,,,,,,,,,,,
Apache karaf throwing message exception when it hits StringUtils.containsIgnoreCase in code( commons-lang3 jar),KARAF-7944,13609928,,Question,Open,KARAF,Karaf,software,jbonofre,,http://karaf.apache.org,Major,,,nshifat,nshifat,26/Feb/25 19:56,26/Feb/25 19:56,06/Sep/26 16:38,,,,,,,,,,,,,,,,,0,,,,,,,"Hi,

I am upgrading my camel java project from camel-core 2.22.0 to 3.22.3 and also upgraded to java11 from java8.

I have deployed the project in Apache Karaf 4.4.5. It gives me a message exception and when I have debugged the code remotely I see it throws exceptions at the following method: StringUtils.containsIgnoreCase(). I am using dependency common-lang3 in my pom and also i have it installed as a bundle. Yet it is failing to run this line. Please advise, how can I fix it.

 

Thanks,

Nabila",,,,,,,,,,,,,,,,,,,,,,,,,,,,,,,,,,,,,,,,,,,0.0,,,,,,,,,,,,,,,,,,,,,,no_permission,,,,,,,,,,,,,,,,,,,,,9223372036854775807,,,,2025-02-26 19:56:50.0,,,,,,,,,,0|z1uglk:,9223372036854775807,,,,,,,,,,,,,,,,,,,,,,,,,,,,,,,,,,,,,,,,,,,,,,,,,,,
Factory PIDs not working with static config admin,KARAF-7686,13531212,,Bug,Open,KARAF,Karaf,software,jbonofre,,http://karaf.apache.org,Major,,jbonofre,lukakama,lukakama,03/Apr/23 08:50,17/Apr/23 11:41,06/Sep/26 16:38,,4.4.3,,,,,,,,,,karaf,,,,,0,,,,,,,"The static config component, used in static Karaf runtimes, does not correctly handle Factory PIDs. As a result, features leveraging factory configurations, like PAX JDBC, does not detect static configuration defined in the karaf etc folder.

 

For more information, the culprit is this line in the code handling ManagedServiceFactory configurations, which is performed before invoking the ""{_}factory.updated{_}"" method: [https://github.com/apache/karaf/blob/a4d055ab4a3bfc9f2f05145c6b0a436ba0b28efd/services/staticcm/src/main/java/org/apache/karaf/services/staticcm/StaticConfigAdminImpl.java#L90]
{code:java}
if (config.getPid().equals(pid) && config.getFactoryPid() != null) {{code}
 where ""pid"" is the SERVICE_PID of the ManagedServiceFactory, which is ""org.ops4j.datasource"" for PAX JDBC.

 
As far as I can tell, for ManagedServiceFactory the SERVICE_PID correspondence should be checked against the configuration's factory PID, not the configuration PID itself. As an example, for a DS configuration of Pax JDBC, the configuration PID would be defined in a file named ""org.ops4j.datasource-dsname.cfg"" inside the Karaf's etc directory, so its PID would be ""org.ops4j.datasource-dsname"", with the factory PID ""org.ops4j.datasource"".

 

So, the static config component of Karaf should be changed, in order to check for the configuration correspondence on the factory PID. 

Additionally, the line [https://github.com/apache/karaf/blob/a4d055ab4a3bfc9f2f05145c6b0a436ba0b28efd/services/staticcm/src/main/java/org/apache/karaf/services/staticcm/StaticConfigAdminImpl.java#L92] should be changed too, in order to pass to the ManagedServiceFactory update method, the actual configuration PID, not the ""base"" factory PID.

 ",Static Karaf runtime,,,,,,,,,,,,,,,,,,,,,,,,,,,,,,,,,,,,,,,,,,0.0,,,,,,,,,,,,,,,,,,,,,,no_permission,,,,,,,,,,,,,Important,,,,,,,,9223372036854775807,,,,2023-04-03 08:50:52.0,,,,,,,,,,0|z1h1nc:,9223372036854775807,,,,,,,,,,,,,,,,,,,,,,,,,,,,,,,,,,,,,,,,,,,,,,,,,,,
camel 4 jms + pax,KARAF-7968,13622079,,Bug,Open,KARAF,Karaf,software,jbonofre,,http://karaf.apache.org,Major,,jbonofre,michael992,michael992,29/Jun/25 10:44,03/Jul/25 03:26,06/Sep/26 16:38,,4.4.7,,,,,,,,,,karaf,,,,,0,,,,,,,I can't use pax connection factory because camel are now expected to jakarta.jms.ConnectionFactory not the oldest javax.jms.ConnectionFactory so how to do ?,,,,,,,,,,,,,,,,,,,,,,,,,,,,,,,,,,,,,,,,,,,0.0,,,,,,,,,,,,,,,,,,,,,,no_permission,,,,,,,,,,,,,,,,,,,,,9223372036854775807,,,,2025-06-29 10:44:01.0,,,,,,,,,,0|z1wj54:,9223372036854775807,,,,,,,,,,,,,,,,,,,,,,,,,,,,,,,,,,,,,,,,,,,,,,,,,,,
Remove karaf.specs.*,KARAF-7768,13552215,,Improvement,Open,KARAF,Karaf,software,jbonofre,,http://karaf.apache.org,Major,,jbonofre,nite,nite,27/Sep/23 16:28,29/Sep/25 11:43,06/Sep/26 16:38,,,,,,,,,,,,,,,,,0,,,,,,,"As noted in https://lists.apache.org/thread/dhfzyyph43h9hqn9fd47qwh1krvx83tl, it seems we can remove our patching of javax.xml(.ws) by including SPI Fly directly in the system.

Prototype whether this idea works and implement it if it does.",,,,,,,,,,,,,,,,KARAF-7767,,,,,,,,,,,,,,,KARAF-5688,KARAF-5991,KARAF-5680,,,KARAF-7084,,,,,,,0.0,,,,,,,,,,,,,,,,,,,,,,no_permission,,KARAF-7754,,,,,,,,,,,,,,,,,,,9223372036854775807,,,,Sat Apr 26 20:45:36 UTC 2025,,,,,,,,,,0|z1kmfc:,9223372036854775807,,,,,,,,,,,,4.5.0,,,,,,,,,,,,"02/Oct/23 00:44;githubbot;rovarga opened a new pull request, #1784:
URL: https://github.com/apache/karaf/pull/1784

   Signed-off-by: Robert Varga <robert.varga@pantheon.tech>
   


;;;","17/Nov/23 13:42;githubbot;jbonofre commented on code in PR #1784:
URL: https://github.com/apache/karaf/pull/1784#discussion_r1397331349


##########
assemblies/features/framework/src/main/feature/feature.xml:
##########
@@ -45,6 +45,20 @@
         <bundle start-level=""12"">mvn:org.apache.felix/org.apache.felix.fileinstall/${felix.fileinstall.version}</bundle>
         <!;;;",17/Nov/23 13:43;jbonofre;Do we really want spifly at framework level ? Is it an problem to have a spifly spec feature loaded at feature boot time (first stage) ?;;;,"13/Jan/24 20:49;githubbot;rovarga commented on code in PR #1784:
URL: https://github.com/apache/karaf/pull/1784#discussion_r1451604246


##########
assemblies/features/framework/src/main/feature/feature.xml:
##########
@@ -45,6 +45,20 @@
         <bundle start-level=""12"">mvn:org.apache.felix/org.apache.felix.fileinstall/${felix.fileinstall.version}</bundle>
         <!;;;","13/Jan/24 20:50;githubbot;rovarga closed pull request #1784: [KARAF-7768]: Provide SPI Fly from framework
URL: https://github.com/apache/karaf/pull/1784


;;;","13/Jan/24 20:50;githubbot;rovarga commented on PR #1784:
URL: https://github.com/apache/karaf/pull/1784#issuecomment-1890765848

   This PR does the wrong thing, I will raise another one.


;;;","13/Jan/24 20:59;nite;This wiring we are seeking to replace was introduced KARAF-5680. I strongly suspect this relates to wiring Woodstox.

Woodstox provides SPI-Fly metadata since [version 6.3.0|https://github.com/FasterXML/woodstox/milestone/25?closed=1], so as long as SPI-Fly is pulled in (as it should be by users of woodstox), everything will Just Work(tm).;;;","13/Jan/24 21:45;githubbot;rovarga opened a new pull request, #1816:
URL: https://github.com/apache/karaf/pull/1816

   specs.locator and related logic just dances around the need to integrate with ServiceLoader. In OSGi world that's properly done with adding the appropriate metadata and therefore this magic should not be used.


;;;","23/Apr/25 22:25;nite;So, as far as I am reading this right, specification-wise, we should be bridging to either
# SPI-Fly as [a consumer|https://aries.apache.org/documentation/modules/spi-fly.html#_consumers], or
# XML Parser Service as [specified as OSGi Companion R8|https://docs.osgi.org/specification/osgi.cmpn/8.0.0/util.xml.html]

The former boils down to a Require-Capability header, which can be added via [the wrap: protocol|https://ops4j1.jira.com/wiki/spaces/paxurl/pages/3833898/Wrap+Protocol].
The latter has a well-known API which user can exploit and we should provide, probably as part the framework feature, perhaps bridging to a reasonably-configured platform provider.

Also note that features.core implies Jackson, which implies woodstox, which implies stax2-api: our JSON library brings into the picture a StAX implementation which has its own [OSGi injection mechanism|https://www.javadoc.io/static/org.codehaus.woodstox/stax2-api/4.2.2/org/codehaus/stax2/osgi/package-summary.html]. We need to decide how this dependency is integrated: we can say all Karaf installations are using WoodStox for XML parsing -- which feels like a third parsing option.;;;","26/Apr/25 20:45;nite;So as it turns out this entire mechanism does not work with Java 9+ runtimes, as we deploy it via lib/endorsed only, which [was removed in Java 9|https://docs.oracle.com/javase/9/migrate/toc.htm#JSMIG-GUID-8E83E51A-88A3-4E9A-8E2A-66E1D66A966C].;;;",,,,,,,,,,,,,,,,,,
How to get any configuration within the job context of a org.apache.karaf.scheduler.Job,KARAF-7105,13372084,,Question,Resolved,KARAF,Karaf,software,jbonofre,,http://karaf.apache.org,Minor,Information Provided,jbonofre,vassilz,vassilz,13/Apr/21 16:45,14/Apr/21 07:47,06/Sep/26 16:38,13/Apr/21 17:48,4.3.1,,,,,,,,,,karaf,,,,,0,job,scheduler,,,,,"Hello,

I haven't posted questions about Karaf before, so sorry if this is the wrong place for them.. I also tried to subscribe to the karaf user mailing list so i can post my question there (as i thought it is the place for questions and general discussions), but my request is not yet approved, so not sure if i did it right at all. If possible, please give the correct steps to request such membership/subscription or if such requests take longer to process that's fine, i'll wait then.

 

To the question. Following the karaf-scheduler-example for a Runnable service (https://github.com/apache/karaf/tree/main/examples/karaf-scheduler-example/karaf-scheduler-example-runnable) i implemented a similar Job-based service. Please see attached the Job itself and its pom.xml. I placed it in a module within the existing examples project only for local testing purpose, so please don't mind the official groupId/package..

Then the job was executed 5 times as expected, but each time if i tried to read from the JobContext the configuration attribute, it is always null (org.apache.karaf.scheduler.JobContext#getConfiguration). I tried to figure out by looking at the scheduler sources (org.apache.karaf.scheduler.core.QuartzScheduler) how the job is scheduled, but couldn't find that there is any configuration set there in any case. Please tell me if i missed something, if such configuration would be available to the job implementor at all in any case, and what to expect there ?

 

Hope you got my question..

Thank you,

Regards,

Vassil Zorev","Windows 10 Home

java --version
java 9.0.4
Java(TM) SE Runtime Environment (build 9.0.4+11)
Java HotSpot(TM) 64-Bit Server VM (build 9.0.4+11, mixed mode)

Karaf 4.3.0

Quartz config:

Pid: org.apache.karaf.scheduler.quartz
BundleLocation: ?
Properties:
 felix.fileinstall.filename = file:/C:/DEV/apache-karaf-4.3.0/etc/org.apache.karaf.scheduler.quartz.cfg
 org.apache.karaf.features.configKey = org.apache.karaf.scheduler.quartz
 org.quartz.jobStore.class = org.quartz.simpl.RAMJobStore
 org.quartz.scheduler.instanceId = AUTO
 org.quartz.scheduler.instanceName = Karaf
 org.quartz.threadPool.class = org.quartz.simpl.SimpleThreadPool
 org.quartz.threadPool.threadCount = 30
 org.quartz.threadPool.threadPriority = 5
 service.pid = org.apache.karaf.scheduler.quartz",,,,,,,,,,,,,,,,,,,,,,,,,,,,,,,,,,,,,13/Apr/21 16:28;vassilz;SampleJob.java;https://issues.apache.org/jira/secure/attachment/13023786/SampleJob.java,13/Apr/21 16:28;vassilz;pom.xml;https://issues.apache.org/jira/secure/attachment/13023785/pom.xml,,,,2.0,,,,,,,,,,,,,,,,,,,,,,no_permission,,,,,,,,,,,,,,,,,,,,,9223372036854775807,,,,Tue Apr 13 18:10:53 UTC 2021,,,,,,,,,,0|z0pxyg:,9223372036854775807,,,,,,,,,,,,,,,,,,,,,,,,"13/Apr/21 17:19;ffang;Hi [~vassilz],

Yes, this question should be sent to mailinglist.

To subscribe the maillinglist, just sent a email to user-subscribe@karaf.apache.org(without subject), and you should receive the automatic reply IIRC.

Or actually you can send question to user@karaf.apache.org directly, without subscribe the mailinglist.

Thanks!
Freeman;;;","13/Apr/21 17:50;vassilz;Thank you Freeman Yue Fang,

I subscribed to the mailing list successfully i think, at least got an email reply such as:

Hi! This is the ezmlm program. I'm managing the
 user@karaf.apache.org mailing list.

Acknowledgment: I have added the address

vassil.zorev87@gmail.com

to the user mailing list.

Welcome to user@karaf.apache.org!
 ...

 

And my question appeared on the nabble page: [http://karaf.922171.n3.nabble.com/How-to-get-any-configuration-within-the-job-context-of-a-org-apache-karaf-scheduler-Job-td4059841.html.]

I still cannot post to this nabble page or reply there directly. It says
 Authorized Users Only
 Only authorized users can proceed in this area. You can use the form below to send a request to the administrators.

But hopefully i can reply if needed via email.

 

Regards,

Vassil;;;","13/Apr/21 18:10;ffang;Hi [~vassilz],

To be able to post directly on nabble forum, you need to register first. You should be able to find the Register link from the top-right of that nabble page.

And if you subscribe the karaf user maillinglist already, you should be able to receive email as well, and you can actually reply the email directly. And your reply will be availble from nabble forum as well.

Cheers
Freeman;;;",,,,,,,,,,,,,,,,,,,,,,,,,
Upgrade to jakarta.el-api 3.0.3,KARAF-7574,13485834,,Improvement,Resolved,KARAF,Karaf,software,jbonofre,,http://karaf.apache.org,Major,Fixed,jbonofre,jbonofre,jbonofre,12/Oct/22 09:11,13/Oct/22 07:31,06/Sep/26 16:38,13/Oct/22 07:31,,,,,,4.3.8,4.4.2,,,,karaf,,,,,0,,,,,,,,,,,,,,,,,,,,,,,KARAF-7535,,,,,,,,,,,,,,,,,,,,,,,,,,,0.0,,,,,,,,,,,,,,,,,,,,,,no_permission,,,,,,,,,,,,,,,,,,,,,9223372036854775807,,,,Thu Oct 13 07:31:29 UTC 2022,,,,,,,,,,0|z19af4:,9223372036854775807,,,,,,,,,,,,4.3.8,4.4.2,,,,,,,,,,,"13/Oct/22 07:30;githubbot;jbonofre merged PR #1647:
URL: https://github.com/apache/karaf/pull/1647


;;;","13/Oct/22 07:30;jira-bot;Commit 423a721a045a94fa29b428adc608483d393fff3e in karaf's branch refs/heads/main from Jean-Baptiste Onofré
[ https://gitbox.apache.org/repos/asf?p=karaf.git;h=423a721a04 ]

[KARAF-7574] Upgrade to jakarta.el-api 3.0.3
;;;","13/Oct/22 07:30;jira-bot;Commit 5e708feef4ef57301ecbc5d5775a438d0d899c4f in karaf's branch refs/heads/main from Jean-Baptiste Onofré
[ https://gitbox.apache.org/repos/asf?p=karaf.git;h=5e708feef4 ]

Merge pull request #1647 from jbonofre/KARAF-7574

[KARAF-7574] Upgrade to jakarta.el-api 3.0.3;;;","13/Oct/22 07:31;jira-bot;Commit 034fbf254a78ab6b372878977762c3162141564b in karaf's branch refs/heads/karaf-4.3.x from Jean-Baptiste Onofré
[ https://gitbox.apache.org/repos/asf?p=karaf.git;h=034fbf254a ]

[KARAF-7574] Upgrade to jakarta.el-api 3.0.3

(cherry picked from commit 423a721a045a94fa29b428adc608483d393fff3e)
;;;",,,,,,,,,,,,,,,,,,,,,,,,
Upgrade to Pax Web 8.0.30,KARAF-7934,13605264,,Dependency upgrade,Resolved,KARAF,Karaf,software,jbonofre,,http://karaf.apache.org,Major,Fixed,jbonofre,jbonofre,jbonofre,16/Jan/25 16:19,17/Jan/25 16:08,06/Sep/26 16:38,17/Jan/25 16:08,,,,,,4.4.7,4.5.0,,,,karaf,,,,,0,,,,,,,,,,,,,,,,,,,,,,,,,,,,,,,,,,,,,,,,,,,,,,,,,,0.0,,,,,,,,,,,,,,,,,,,,,,no_permission,,,,,,,,,,,,,,,,,,,,,9223372036854775807,,,,Fri Jan 17 16:08:39 UTC 2025,,,,,,,,,,0|z1tnw0:,9223372036854775807,,,,,,,,,,,,4.4.7,4.5.0,,,,,,,,,,,"16/Jan/25 17:22;githubbot;jbonofre opened a new pull request, #1930:
URL: https://github.com/apache/karaf/pull/1930

   (no comment)


;;;","16/Jan/25 23:27;githubbot;holgerfriedrich commented on PR #1930:
URL: https://github.com/apache/karaf/pull/1930#issuecomment-2597114259

   @jbonofre thanks for taking this up so shortly before the planned release. Shouldn't this go along with setting jetty.version to 9.4.57.v20241219?


;;;","17/Jan/25 04:07;githubbot;jbonofre commented on PR #1930:
URL: https://github.com/apache/karaf/pull/1930#issuecomment-2597392953

   Yeah that makes sense. I can do a new Pax Web release if needed. Let me check. 


;;;","17/Jan/25 04:30;githubbot;jbonofre commented on PR #1930:
URL: https://github.com/apache/karaf/pull/1930#issuecomment-2597412956

   > @jbonofre thanks for taking this up so shortly before the planned release. Shouldn't this go along with setting jetty.version to 9.4.57.v20241219?
   
   @holgerfriedrich Pax Web 8.0.30 already upgrade to Jetty 9.4.57, I'm aligning Karaf in this PR.
   
   


;;;","17/Jan/25 16:07;githubbot;jbonofre merged PR #1930:
URL: https://github.com/apache/karaf/pull/1930


;;;","17/Jan/25 16:07;jira-bot;Commit f5c84f2cb36dbe5e5f2c9f8ffedf0c75af89be0c in karaf's branch refs/heads/main from JB Onofré
[ https://gitbox.apache.org/repos/asf?p=karaf.git;h=f5c84f2cb3 ]

KARAF-7934: Upgrade to Pax Web 8.0.30
;;;","17/Jan/25 16:07;jira-bot;Commit 2848bc21cb78ff405da9e219a86d19fc9ef9be03 in karaf's branch refs/heads/main from JB Onofré
[ https://gitbox.apache.org/repos/asf?p=karaf.git;h=2848bc21cb ]

Merge pull request #1930 from jbonofre/KARAF-7934

KARAF-7934: Upgrade to Pax Web 8.0.30;;;","17/Jan/25 16:08;jira-bot;Commit bc96612718050d141f24628cf9fd16b3b95daa27 in karaf's branch refs/heads/karaf-4.4.x from JB Onofré
[ https://gitbox.apache.org/repos/asf?p=karaf.git;h=bc96612718 ]

KARAF-7934: Upgrade to Pax Web 8.0.30

(cherry picked from commit f5c84f2cb36dbe5e5f2c9f8ffedf0c75af89be0c)
;;;",,,,,,,,,,,,,,,,,,,,
"Update Pax Transx, Pax JMS and Pax JDBC",KARAF-7057,13362050,,Dependency upgrade,Resolved,KARAF,Karaf,software,jbonofre,,http://karaf.apache.org,Major,Fixed,ggrzybek,ggrzybek,ggrzybek,03/Mar/21 08:29,03/Mar/21 14:49,06/Sep/26 16:38,03/Mar/21 14:49,,,,,,4.2.11,4.3.1,,,,,,,,,0,,,,,,,,,,,,,,,,,,,,,,,,,,,,,,,,,,,,,,,,,,,,,,,,,,0.0,,,,,,,,,,,,,,,,,,,,,,no_permission,,,,,,,,,,,,,,,,,,,,,9223372036854775807,,,,Wed Mar 03 14:49:00 UTC 2021,,,,,,,,,,0|z0o8wg:,9223372036854775807,,,,,,,,,,,,4.2.11,4.3.1,,,,,,,,,,,"03/Mar/21 08:56;ggrzybek;I'm running the integration tests now. {{org.apache.karaf.itests.examples.JpaExampleTest}} fails with:
{noformat}
Caused by: org.h2.jdbc.JdbcSQLNonTransientConnectionException: Unsupported connection setting ""VER"" [90113-200]
	at org.h2.message.DbException.getJdbcSQLException(DbException.java:622)
	at org.h2.message.DbException.getJdbcSQLException(DbException.java:429)
	at org.h2.message.DbException.get(DbException.java:205)
	at org.h2.message.DbException.get(DbException.java:181)
	at org.h2.engine.ConnectionInfo.readSettingsFromURL(ConnectionInfo.java:269)
	at org.h2.engine.ConnectionInfo.<init>(ConnectionInfo.java:78)
	at org.h2.jdbc.JdbcConnection.<init>(JdbcConnection.java:152)
	at org.h2.Driver.connect(Driver.java:69)
	at org.h2.jdbcx.JdbcDataSource.getJdbcConnection(JdbcDataSource.java:189)
	at org.h2.jdbcx.JdbcDataSource.getConnection(JdbcDataSource.java:160)
	at org.eclipse.persistence.sessions.JNDIConnector.connect(JNDIConnector.java:138)
	... 39 more
{noformat}

checking...;;;","03/Mar/21 11:37;ggrzybek;Here's deeper problem:
{noformat}
Refreshing bundles:
    javax.enterprise.cdi-api/2.0.0.SP1 (Wired to javax.interceptor-api/1.2.2 which is being refreshed)
    javax.interceptor-api/1.2.0 (Bundle will be updated)
    javax.transaction-api/1.2.0 (Wired to javax.enterprise.cdi-api/2.0.0.SP1 which is being refreshed)
    org.ops4j.pax.jdbc.config/1.5.0 (Wired to org.ops4j.pax.jdbc.pool.common/1.5.0 which is being refreshed)
    org.ops4j.pax.jdbc.pool.common/1.5.0 (Wired to javax.transaction-api/1.2.0 which is being refreshed)
{noformat};;;","03/Mar/21 11:51;ggrzybek;Now:
{noformat}
Refreshing bundles:
    org.apache.geronimo.specs.geronimo-atinject_1.0_spec/1.0.0 (Bundle will be uninstalled)
    org.apache.karaf.itests.common/4.2.11.SNAPSHOT (Wired to org.apache.geronimo.specs.geronimo-atinject_1.0_spec/1.0.0 which is being refreshed)
    org.ops4j.pax.exam.inject/4.13.4 (Wired to org.apache.geronimo.specs.geronimo-atinject_1.0_spec/1.0.0 which is being refreshed)
{noformat};;;","03/Mar/21 13:51;jira-bot;Commit 731f8ca24237892e0ee333ffe38e23d8bcb1cc35 in karaf's branch refs/heads/karaf-4.2.x from Grzegorz Grzybek
[ https://gitbox.apache.org/repos/asf?p=karaf.git;h=731f8ca ]

[KARAF-7057] Upgrade to Pax Transx 0.5.0, Pax JMS 1.1.0 and Pax JDBC 1.5.0
;;;","03/Mar/21 13:51;jira-bot;Commit 3a6d646c49ecb2c2b87ee92f0fe00114a2bb1878 in karaf's branch refs/heads/karaf-4.2.x from Grzegorz Grzybek
[ https://gitbox.apache.org/repos/asf?p=karaf.git;h=3a6d646 ]

[KARAF-7057] Fix integration tests after Pax Transx/JMS/JDBC update
;;;","03/Mar/21 14:48;jira-bot;Commit b71f878915a9a483acc5aee6849841065c6643f3 in karaf's branch refs/heads/master from Grzegorz Grzybek
[ https://gitbox.apache.org/repos/asf?p=karaf.git;h=b71f878 ]

[KARAF-7057] Upgrade to Pax Transx 0.5.0, Pax JMS 1.1.0 and Pax JDBC 1.5.0
;;;","03/Mar/21 14:49;jira-bot;Commit 905c3fd1ae0e7fe314bb0689424f259382ba3b92 in karaf's branch refs/heads/master from Grzegorz Grzybek
[ https://gitbox.apache.org/repos/asf?p=karaf.git;h=905c3fd ]

[KARAF-7057] Fix integration tests after Pax Transx/JMS/JDBC update
;;;",,,,,,,,,,,,,,,,,,,,,
Upgrade to Felix SCR 2.2.12,KARAF-7836,13582489,,Dependency upgrade,Open,KARAF,Karaf,software,jbonofre,,http://karaf.apache.org,Major,,jbonofre,jbonofre,jbonofre,13/Jun/24 07:32,05/Nov/24 12:55,06/Sep/26 16:38,,,,,,,,,,,,karaf,,,,,0,,,,,,,,,,,,,,,,,,,,,,,,,,,,,,,,,,,,,,,,,,,,,,,,,,0.0,,,,,,,,,,,,,,,,,,,,,,no_permission,,,,,,,,,,,,,,,,,,,,,9223372036854775807,,,,2024-06-13 07:32:18.0,,,,,,,,,,0|z1prts:,9223372036854775807,,,,,,,,,,,,4.5.0,,,,,,,,,,,,,,,,,,,,,,,,,,,,,,,,,,,,,,,
Upgrade to Spring 5.3.6,KARAF-7139,13376984,,Dependency upgrade,Resolved,KARAF,Karaf,software,jbonofre,,http://karaf.apache.org,Major,Fixed,jbonofre,jbonofre,jbonofre,06/May/21 08:04,06/May/21 13:42,06/Sep/26 16:38,06/May/21 13:42,,,,,,4.2.12,4.3.2,,,,karaf,,,,,0,,,,,,,,,,,,,,,,,,,,,,,,,,,,,,,,,,,,,,,,,,,,,,,,,,0.0,,,,,,,,,,,,,,,,,,,,,,no_permission,,,,,,,,,,,,,,,,,,,,,9223372036854775807,,,,Thu May 06 13:41:45 UTC 2021,,,,,,,,,,0|z0qs5s:,9223372036854775807,,,,,,,,,,,,4.2.12,4.3.2,,,,,,,,,,,"06/May/21 13:41;jira-bot;Commit 2913307b48b72c3bd6ff47d8688ddce29320f59d in karaf's branch refs/heads/main from jbonofre
[ https://gitbox.apache.org/repos/asf?p=karaf.git;h=2913307 ]

[KARAF-7139] Upgrade to Spring 5.3.6
;;;","06/May/21 13:41;jira-bot;Commit 3ddd6aec7e56544bd5f3ea244674f1cd025b3ebf in karaf's branch refs/heads/main from Jean-Baptiste Onofré
[ https://gitbox.apache.org/repos/asf?p=karaf.git;h=3ddd6ae ]

Merge pull request #1367 from jbonofre/KARAF-7139

[KARAF-7139] Upgrade to Spring 5.3.6;;;","06/May/21 13:41;jira-bot;Commit 3ddd6aec7e56544bd5f3ea244674f1cd025b3ebf in karaf's branch refs/heads/main from Jean-Baptiste Onofré
[ https://gitbox.apache.org/repos/asf?p=karaf.git;h=3ddd6ae ]

Merge pull request #1367 from jbonofre/KARAF-7139

[KARAF-7139] Upgrade to Spring 5.3.6;;;","06/May/21 13:41;jira-bot;Commit c0c397747f80b10767c5dd2da5caf7294eff234d in karaf's branch refs/heads/karaf-4.2.x from jbonofre
[ https://gitbox.apache.org/repos/asf?p=karaf.git;h=c0c3977 ]

[KARAF-7139] Upgrade to Spring 5.3.6

(cherry picked from commit 2913307b48b72c3bd6ff47d8688ddce29320f59d)
;;;",,,,,,,,,,,,,,,,,,,,,,,,
Upgrade sling-commons-johnzon to 1.2.14,KARAF-7365,13425594,,Task,Resolved,KARAF,Karaf,software,jbonofre,,http://karaf.apache.org,Major,Duplicate,jbonofre,karthickm512,karthickm512,30/Jan/22 06:10,19/Apr/22 09:10,06/Sep/26 16:38,19/Apr/22 09:10,4.3.6,,,,,,,,,,karaf,,,,,0,,,,,,,"Security scans on our software that uses Apache Karaf 4.3.6 showed CVE-2016-0956 related to Apache Sling commons johnzon


 

This latest version of Karaf uses 1.2.6 version of sling while the latest available is 1.2.14. So please plan to update the 3pp so as to not miss the recent software and security updates

 

 

 ",,,,,,,,,,,,,,,,,,,,,,,KARAF-7420,,,,,,,,,,,,,,,,,,,,0.0,,,,,,,,,,,,,,,,,,,,,,no_permission,,,,,,,,,,,,,,,,,,,,,9223372036854775807,,,,2022-01-30 06:10:48.0,,,,,,,,,,0|z0z348:,9223372036854775807,,,,,,,,,,,,,,,,,,,,,,,,,,,,,,,,,,,,,,,,,,,,,,,,,,,
Upgrade to Pax URL 2.6.16,KARAF-7936,13605270,,Dependency upgrade,Resolved,KARAF,Karaf,software,jbonofre,,http://karaf.apache.org,Major,Fixed,jbonofre,jbonofre,jbonofre,16/Jan/25 16:52,17/Jan/25 06:56,06/Sep/26 16:38,17/Jan/25 06:56,,,,,,4.4.7,4.5.0,,,,karaf,,,,,0,,,,,,,,,,,,,,,,,,,,,,,,,,,,,,,,,,,,,,,,,,,,,,,,,,0.0,,,,,,,,,,,,,,,,,,,,,,no_permission,,,,,,,,,,,,,,,,,,,,,9223372036854775807,,,,Fri Jan 17 06:56:17 UTC 2025,,,,,,,,,,0|z1tnxc:,9223372036854775807,,,,,,,,,,,,4.4.7,4.5.0,,,,,,,,,,,"16/Jan/25 17:11;githubbot;jbonofre opened a new pull request, #1928:
URL: https://github.com/apache/karaf/pull/1928

   (no comment)


;;;","17/Jan/25 06:55;githubbot;jbonofre merged PR #1928:
URL: https://github.com/apache/karaf/pull/1928


;;;","17/Jan/25 06:55;jira-bot;Commit 4dd1d53e4e66d552b26355ff2ac9168869ca32a2 in karaf's branch refs/heads/main from JB Onofré
[ https://gitbox.apache.org/repos/asf?p=karaf.git;h=4dd1d53e4e ]

KARAF-7936: Upgrade to Pax URL 2.6.16
;;;","17/Jan/25 06:55;jira-bot;Commit 0a9a916825afa80d2bdad39f60de5df01e0cc7a6 in karaf's branch refs/heads/main from JB Onofré
[ https://gitbox.apache.org/repos/asf?p=karaf.git;h=0a9a916825 ]

Merge pull request #1928 from jbonofre/KARAF-7936

KARAF-7936: Upgrade to Pax URL 2.6.16;;;","17/Jan/25 06:56;jira-bot;Commit c3ca2ac7a29527f14163b17157b8c768e8cf1073 in karaf's branch refs/heads/karaf-4.4.x from JB Onofré
[ https://gitbox.apache.org/repos/asf?p=karaf.git;h=c3ca2ac7a2 ]

KARAF-7936: Upgrade to Pax URL 2.6.16

(cherry picked from commit 4dd1d53e4e66d552b26355ff2ac9168869ca32a2)
;;;",,,,,,,,,,,,,,,,,,,,,,,
Upgrade to CXF 3.6.5,KARAF-7940,13605839,,Dependency upgrade,Resolved,KARAF,Karaf,software,jbonofre,,http://karaf.apache.org,Major,Fixed,jbonofre,andreschlegel,andreschlegel,22/Jan/25 05:34,20/Feb/25 15:27,06/Sep/26 16:38,20/Feb/25 15:27,,,,,,4.4.8,4.5.0,,,,karaf,,,,,0,,,,,,,Please Upgrade to fix a potential DOS attack vector -> https://cxf.apache.org/security-advisories.data/CVE-2025-23184.txt?version=2&modificationDate=1737381863000&api=v2,,,,,,,,,,,,,,,,,,,,,,,,,,,,,,,,,,,,,,,,,,,0.0,,,,,,,,,,,,,,,,,,,,,,no_permission,,,,,,,,,,,,,,,,,,,,,9223372036854775807,,,,Thu Feb 20 15:27:37 UTC 2025,,,,,,,,,,0|z1trfc:,9223372036854775807,,,,,,,,,,,,4.4.8,4.5.0,,,,,,,,,,,"22/Jan/25 05:50;githubbot;AndreVirtimo opened a new pull request, #1932:
URL: https://github.com/apache/karaf/pull/1932

   CXF Upgrade to fix security issue -> https://cxf.apache.org/security-advisories.data/CVE-2025-23184.txt?version=2&modificationDate=1737381863000&api=v2


;;;","22/Jan/25 07:03;githubbot;jbonofre commented on PR #1932:
URL: https://github.com/apache/karaf/pull/1932#issuecomment-2606446409

   To be clear: Karaf doesn't provide CXF directly in the distribution, so no security impact. CXF version is used in Karaf examples, the users can easily update.


;;;","22/Jan/25 09:54;githubbot;AndreVirtimo commented on PR #1932:
URL: https://github.com/apache/karaf/pull/1932#issuecomment-2606774535

   That is correct. I'm sorry if I implied a security problem in Karaf.


;;;","22/Jan/25 12:21;githubbot;jbonofre commented on PR #1932:
URL: https://github.com/apache/karaf/pull/1932#issuecomment-2607104949

   @AndreVirtimo no worries at all. I just wanted to provide some details 😄 Thanks !


;;;","20/Feb/25 15:26;githubbot;jbonofre merged PR #1932:
URL: https://github.com/apache/karaf/pull/1932


;;;","20/Feb/25 15:27;jira-bot;Commit f0c2b0c0a9e0049cab99292f70f5b7c5dfbad10e in karaf's branch refs/heads/main from Andre Schlegel-Tylla
[ https://gitbox.apache.org/repos/asf?p=karaf.git;h=f0c2b0c0a9 ]

KARAF-7940 Upgrade to CXF 3.6.5
;;;","20/Feb/25 15:27;jira-bot;Commit dd3b215aa6db3bb3ed23d79c65c388d45f0ce198 in karaf's branch refs/heads/main from JB Onofré
[ https://gitbox.apache.org/repos/asf?p=karaf.git;h=dd3b215aa6 ]

Merge pull request #1932 from AndreVirtimo/main

KARAF-7940 Upgrade to CXF 3.6.5;;;","20/Feb/25 15:27;jira-bot;Commit 8c51c3d180254ad101953a8d2b69b7401a37b27e in karaf's branch refs/heads/karaf-4.4.x from Andre Schlegel-Tylla
[ https://gitbox.apache.org/repos/asf?p=karaf.git;h=8c51c3d180 ]

KARAF-7940 Upgrade to CXF 3.6.5

(cherry picked from commit f0c2b0c0a9e0049cab99292f70f5b7c5dfbad10e)
;;;",,,,,,,,,,,,,,,,,,,,
Add support for JDK 20,KARAF-7696,13540063,,Task,Resolved,KARAF,Karaf,software,jbonofre,,http://karaf.apache.org,Major,Fixed,jbonofre,mattrpav,mattrpav,14/Jun/23 14:51,21/Jul/23 05:41,06/Sep/26 16:38,21/Jul/23 05:41,,,,,,4.3.10,4.4.4,,,,karaf,,,,,0,,,,,,,Add bootstrapping support for JDK 20,,,,,,,,,,,,,,,,,,,,,,,,,,,,,,,,,,,,,,,,,,,0.0,,,,,,,,,,,,,,,,,,,,,,no_permission,,,,,,,,,,,,,,,,,,,,,9223372036854775807,,,,Fri Jul 21 05:40:20 UTC 2023,,,,,,,,,,0|z1ijxs:,9223372036854775807,,,,,,,,,,,,,,,,,,,,,,,,"21/Jul/23 05:40;jira-bot;Commit ef2a12142bcf923bd309e5f970a69eccc6bce4fb in karaf's branch refs/heads/main from JB Onofré
[ https://gitbox.apache.org/repos/asf?p=karaf.git;h=ef2a12142b ]

Merge pull request #1723 from mattrpav/KARAF-7696

[#7696] Add JDK 19/20/21 support;;;",,,,,,,,,,,,,,,,,,,,,,,,,,,
Upgrade to easymock 4.3,KARAF-7140,13377265,,Dependency upgrade,Resolved,KARAF,Karaf,software,jbonofre,,http://karaf.apache.org,Major,Fixed,jbonofre,jbonofre,jbonofre,07/May/21 15:52,08/May/21 04:03,06/Sep/26 16:38,08/May/21 04:03,,,,,,4.2.12,4.3.2,,,,karaf,,,,,0,,,,,,,,,,,,,,,,,,,,,,,,,,,,,,,,,,,,,,,,,,,,,,,,,,0.0,,,,,,,,,,,,,,,,,,,,,,no_permission,,,,,,,,,,,,,,,,,,,,,9223372036854775807,,,,Sat May 08 04:03:30 UTC 2021,,,,,,,,,,0|z0qtw0:,9223372036854775807,,,,,,,,,,,,4.2.12,4.3.2,,,,,,,,,,,"07/May/21 15:57;githubbot;jbonofre opened a new pull request #1370:
URL: https://github.com/apache/karaf/pull/1370


   


-- 
This is an automated message from the Apache Git Service.
To respond to the message, please log on to GitHub and use the
URL above to go to the specific comment.

For queries about this service, please contact Infrastructure at:
users@infra.apache.org
;;;","08/May/21 04:02;githubbot;jbonofre merged pull request #1370:
URL: https://github.com/apache/karaf/pull/1370


   


-- 
This is an automated message from the Apache Git Service.
To respond to the message, please log on to GitHub and use the
URL above to go to the specific comment.

For queries about this service, please contact Infrastructure at:
users@infra.apache.org
;;;","08/May/21 04:02;jira-bot;Commit db85fe9677066afeaa8bb3434545fc24039eb54a in karaf's branch refs/heads/main from jbonofre
[ https://gitbox.apache.org/repos/asf?p=karaf.git;h=db85fe9 ]

[KARAF-7140] Upgrade to easymock 4.3
;;;","08/May/21 04:02;jira-bot;Commit ae057c3218dcec1e0b60b137f303c2e6eaa038e2 in karaf's branch refs/heads/main from Jean-Baptiste Onofré
[ https://gitbox.apache.org/repos/asf?p=karaf.git;h=ae057c3 ]

Merge pull request #1370 from jbonofre/KARAF-7140

[KARAF-7140] Upgrade to easymock 4.3;;;","08/May/21 04:02;jira-bot;Commit ae057c3218dcec1e0b60b137f303c2e6eaa038e2 in karaf's branch refs/heads/main from Jean-Baptiste Onofré
[ https://gitbox.apache.org/repos/asf?p=karaf.git;h=ae057c3 ]

Merge pull request #1370 from jbonofre/KARAF-7140

[KARAF-7140] Upgrade to easymock 4.3;;;","08/May/21 04:03;jira-bot;Commit 97ced89b841985754170bcb0193bd12e0c79cb85 in karaf's branch refs/heads/karaf-4.2.x from jbonofre
[ https://gitbox.apache.org/repos/asf?p=karaf.git;h=97ced89 ]

[KARAF-7140] Upgrade to easymock 4.3

(cherry picked from commit db85fe9677066afeaa8bb3434545fc24039eb54a)
;;;",,,,,,,,,,,,,,,,,,,,,,
Upgrade to Felix WebConsole 4.7.0,KARAF-7253,13400446,,Dependency upgrade,Resolved,KARAF,Karaf,software,jbonofre,,http://karaf.apache.org,Major,Fixed,jbonofre,jbonofre,jbonofre,10/Sep/21 12:02,12/Sep/21 05:34,06/Sep/26 16:38,12/Sep/21 05:34,,,,,,4.2.12,4.3.4,,,,karaf,,,,,0,,,,,,,,,,,,,,,,,,,,,,,,,,,,,,,,,,,,,,,,,,,,,,,,,,0.0,,,,,,,,,,,,,,,,,,,,,,no_permission,,,,,,,,,,,,,,,,,,,,,9223372036854775807,,,,Sun Sep 12 05:34:50 UTC 2021,,,,,,,,,,0|z0usqw:,9223372036854775807,,,,,,,,,,,,4.2.12,4.3.4,,,,,,,,,,,"11/Sep/21 17:47;githubbot;jbonofre merged pull request #1433:
URL: https://github.com/apache/karaf/pull/1433


   


-- 
This is an automated message from the Apache Git Service.
To respond to the message, please log on to GitHub and use the
URL above to go to the specific comment.

To unsubscribe, e-mail: commits-unsubscribe@karaf.apache.org

For queries about this service, please contact Infrastructure at:
users@infra.apache.org
;;;","11/Sep/21 17:47;jira-bot;Commit 1eddb18aa3fa3ed22caa10312a710702abe5a9cf in karaf's branch refs/heads/main from Jean-Baptiste Onofré
[ https://gitbox.apache.org/repos/asf?p=karaf.git;h=1eddb18 ]

[KARAF-7253] Upgrade to Felix WebConsole 4.7.0
;;;","11/Sep/21 17:47;jira-bot;Commit a5d25e721814f4eb92b2ada41aa73f8d7d769c02 in karaf's branch refs/heads/main from Jean-Baptiste Onofré
[ https://gitbox.apache.org/repos/asf?p=karaf.git;h=a5d25e7 ]

Merge pull request #1433 from jbonofre/KARAF-7253

[KARAF-7253] Upgrade to Felix WebConsole 4.7.0;;;","11/Sep/21 17:49;githubbot;jbonofre opened a new pull request #1439:
URL: https://github.com/apache/karaf/pull/1439


   (cherry picked from commit 1eddb18aa3fa3ed22caa10312a710702abe5a9cf)


-- 
This is an automated message from the Apache Git Service.
To respond to the message, please log on to GitHub and use the
URL above to go to the specific comment.

To unsubscribe, e-mail: commits-unsubscribe@karaf.apache.org

For queries about this service, please contact Infrastructure at:
users@infra.apache.org
;;;","12/Sep/21 05:34;jira-bot;Commit 9f84e644751d43f969c57ac7ee33a28dc527672f in karaf's branch refs/heads/karaf-4.2.x from Jean-Baptiste Onofré
[ https://gitbox.apache.org/repos/asf?p=karaf.git;h=9f84e64 ]

[KARAF-7253] Upgrade to Felix WebConsole 4.7.0

(cherry picked from commit 1eddb18aa3fa3ed22caa10312a710702abe5a9cf)
;;;","12/Sep/21 05:34;jira-bot;Commit 6cd74ee02ab611f7ed88c2cef9341a500ac98be0 in karaf's branch refs/heads/karaf-4.2.x from Jean-Baptiste Onofré
[ https://gitbox.apache.org/repos/asf?p=karaf.git;h=6cd74ee ]

Merge pull request #1439 from jbonofre/KARAF-7253

[karaf-4.2.x][KARAF-7253] Upgrade to Felix WebConsole 4.7.0;;;","12/Sep/21 05:34;githubbot;jbonofre merged pull request #1439:
URL: https://github.com/apache/karaf/pull/1439


   


-- 
This is an automated message from the Apache Git Service.
To respond to the message, please log on to GitHub and use the
URL above to go to the specific comment.

To unsubscribe, e-mail: commits-unsubscribe@karaf.apache.org

For queries about this service, please contact Infrastructure at:
users@infra.apache.org
;;;",,,,,,,,,,,,,,,,,,,,,
Upgrade to lucene 8.11.1,KARAF-7346,13422194,,Dependency upgrade,Resolved,KARAF,Karaf,software,jbonofre,,http://karaf.apache.org,Major,Fixed,jbonofre,jbonofre,jbonofre,12/Jan/22 10:04,02/Feb/22 09:27,06/Sep/26 16:38,02/Feb/22 09:26,,,,,,decanter-2.9.0,,,,,decanter,,,,,0,,,,,,,,,,,,,,,,,,,,,,,,,,,,,,,,,,,,,,,,,,,,,,,,,,0.0,,,,,,,,,,,,,,,,,,,,,,no_permission,,,,,,,,,,,,,,,,,,,,,9223372036854775807,,,,Wed Feb 02 09:27:34 UTC 2022,,,,,,,,,,0|z0yi6o:,9223372036854775807,,,,,,,,,,,,decanter-2.9.0,,,,,,,,,,,,"02/Feb/22 09:26;githubbot;jbonofre merged pull request #279:
URL: https://github.com/apache/karaf-decanter/pull/279


   


-- 
This is an automated message from the Apache Git Service.
To respond to the message, please log on to GitHub and use the
URL above to go to the specific comment.

To unsubscribe, e-mail: commits-unsubscribe@karaf.apache.org

For queries about this service, please contact Infrastructure at:
users@infra.apache.org
;;;","02/Feb/22 09:27;jira-bot;Commit 884ade7b559e236b5a80bf4d3e9213bd76377b24 in karaf-decanter's branch refs/heads/main from Jean-Baptiste Onofré
[ https://gitbox.apache.org/repos/asf?p=karaf-decanter.git;h=884ade7 ]

[KARAF-7346] Upgrade to lucene 8.11.1
;;;","02/Feb/22 09:27;jira-bot;Commit 59bbb2038f5bb4a526c066602832125f6c59f4ef in karaf-decanter's branch refs/heads/main from Jean-Baptiste Onofré
[ https://gitbox.apache.org/repos/asf?p=karaf-decanter.git;h=59bbb20 ]

Merge pull request #279 from jbonofre/KARAF-7346

[KARAF-7346] Upgrade to lucene 8.11.1;;;",,,,,,,,,,,,,,,,,,,,,,,,,
Add JDK20 packages in etc/jre.properties,KARAF-7681,13529574,,Task,Resolved,KARAF,Karaf,software,jbonofre,,http://karaf.apache.org,Major,Fixed,jbonofre,jbonofre,jbonofre,22/Mar/23 08:47,05/Sep/23 13:03,06/Sep/26 16:38,05/Sep/23 13:03,,,,,,4.3.10,4.4.4,,,,karaf,,,,,0,,,,,,,,,,,,,,,,,,,,,,,,,,,,,,,,,,,,,,,,,,,,,,,,,,0.0,,,,,,,,,,,,,,,,,,,,,,no_permission,,,,,,,,,,,,,,,,,,,,,9223372036854775807,,,,2023-03-22 08:47:28.0,,,,,,,,,,0|z1grk8:,9223372036854775807,,,,,,,,,,,,4.3.10,4.4.4,,,,,,,,,,,,,,,,,,,,,,,,,,,,,,,,,,,,,,
Unable to consume from Kafka topic using Karaf 4.3.1 with Camel 3.7.4,KARAF-7184,13385193,,Bug,Closed,KARAF,Karaf,software,jbonofre,,http://karaf.apache.org,Major,Fixed,,michael992,michael992,22/Jun/21 15:17,22/Jun/21 15:41,06/Sep/26 16:38,22/Jun/21 15:41,4.3.1,4.3.2,,,,,,,,,karaf,,,,,0,,,,,,,"Hello i have a very basic camel route (trying to consume and log Kafka topic message):


{code:java}
@Override
public void configure() throws Exception {
    super.configure();

    from(kafka())
            .routeId(INPUT_BROKER_ROUTE_ID)

            .log(""KAFKA BODY ::: ${body}"");
}

private static String kafka() {
    return new StringBuilder(""kafka:"")
            .append(""{{kafka.topic}}"")
            .append(""?brokers="")
            .append(""{{kafka.brokers}}"")
            .append(""&groupId="")
            .append(""{{kafka.group.id}}"")
            .append(""&clientId="")
            .append(""myClientId"")
            .append(""&autoOffsetReset="")
            .append(""earliest"")
            .append(""&saslMechanism="")
            .append(""PLAIN"")
            .append(""&securityProtocol="")
            .append(SASL_PLAINTEXT)
            .append(""&saslJaasConfig="")
            .append(saslJaasConfig())
            .toString();
}

private static String saslJaasConfig() {
    return new StringBuilder(format(""%s"", PlainLoginModule.class.getCanonicalName()))
            .append(' ').append(""required"").append(' ')
            .append(""username="")
            .append('""').append(""{{kafka.username}}"").append('""')
            .append(' ')
            .append(""password="")
            .append('""').append(""{{kafka.password}}"").append('""')
            .append(';')
            .toString();
}
{code}

If i run *unit test* on this route *i see topics message*, but when i deploy this bundle i don't get any message from my topic and there is no error Karaf just show me this logs:


{code:java}
11:37:27.064 INFO [Blueprint Event Dispatcher: 1] Successfully logged in.
11:37:27.067 WARN [Blueprint Event Dispatcher: 1] The configuration 'specific.avro.reader' was supplied but isn't a known config.
11:37:27.068 INFO [Blueprint Event Dispatcher: 1] Kafka version: 2.6.0
11:37:27.069 INFO [Blueprint Event Dispatcher: 1] Kafka commitId: 62abe01bee039651
11:37:27.069 INFO [Blueprint Event Dispatcher: 1] Kafka startTimeMs: 1624354647068
11:37:27.070 INFO [Blueprint Event Dispatcher: 1] Route: input-broker-route started and consuming from: kafka://test
11:37:27.070 INFO [Camel (integ-norauto-v1-input) thread #75 - KafkaConsumer[test]] Subscribing test-Thread 0 to topic test
11:37:27.071 INFO [Blueprint Event Dispatcher: 1] Total 1 routes, of which 1 are started
11:37:27.073 INFO [Camel (integ-norauto-v1-input) thread #75 - KafkaConsumer[test]] [Consumer clientId=myClientId, groupId=myGroupId] Subscribed to topic(s): test
11:37:27.073 INFO [Blueprint Event Dispatcher: 1] Apache Camel 3.7.4 (integ-norauto-v1-input) started in 38ms
{code}


I do some tests and i see that even if i provide wrong username or password nothing happen (only when running on Karaf) *it's look like it's not really connected to Kafka*
",*texte fort*,,,,,,,,,,,,,,,,,,,,,,,,,,,,,,,,,,,,,,,,,,0.0,,,,,,,,,,,,,,,,,,,,,,no_permission,,,,,,,,,,,,,,,,,,,,,9223372036854775807,,,,Tue Jun 22 15:41:35 UTC 2021,,,,,,,,,,0|z0s6ps:,9223372036854775807,,,,,,,,,,,,,,,,,,,,,,,,22/Jun/21 15:34;michael992;Ok so after being completely blocked for two days i finally found that is camel bug is resolved by using the latest camel version (3.10.0)...;;;,22/Jun/21 15:41;michael992;Was a camel LTS (3.7.4) issue;;;,,,,,,,,,,,,,,,,,,,,,,,,,,
Upgrade to Felix WebConsole 4.8.2,KARAF-7442,13446940,,Dependency upgrade,Resolved,KARAF,Karaf,software,jbonofre,,http://karaf.apache.org,Major,Fixed,jbonofre,jbonofre,jbonofre,26/May/22 05:03,05/Jun/22 04:56,06/Sep/26 16:38,05/Jun/22 04:56,,,,,,4.2.16,4.3.8,4.4.1,,,karaf,,,,,0,,,,,,,,,,,,,,,,,,,,,,,,,,,,,,,,,,,,,,,,,,,,,,,,,,0.0,,,,,,,,,,,,,,,,,,,,,,no_permission,,,,,,,,,,,,,,,,,,,,,9223372036854775807,,,,Sun Jun 05 04:55:55 UTC 2022,,,,,,,,,,0|z12pao:,9223372036854775807,,,,,,,,,,,,4.2.16,4.3.8,4.4.1,,,,,,,,,,"05/Jun/22 04:47;githubbot;jbonofre merged PR #1546:
URL: https://github.com/apache/karaf/pull/1546


;;;","05/Jun/22 04:47;jira-bot;Commit 554e9e46bf07c999544dd574bb8f974f58469e6f in karaf's branch refs/heads/main from Jean-Baptiste Onofré
[ https://gitbox.apache.org/repos/asf?p=karaf.git;h=554e9e46bf ]

[KARAF-7442] Upgrade to Felix WebConsole 4.8.2
;;;","05/Jun/22 04:47;jira-bot;Commit 6050e80e4b18a33aa5bb53cdaa0ff40b0bb6cbf4 in karaf's branch refs/heads/main from Jean-Baptiste Onofré
[ https://gitbox.apache.org/repos/asf?p=karaf.git;h=6050e80e4b ]

Merge pull request #1546 from jbonofre/KARAF-7442

[KARAF-7442] Upgrade to Felix WebConsole 4.8.2;;;","05/Jun/22 04:47;jira-bot;Commit 8e76ef2fce1a418ffd6a8d7d0c584a88861cbffd in karaf's branch refs/heads/karaf-4.3.x from Jean-Baptiste Onofré
[ https://gitbox.apache.org/repos/asf?p=karaf.git;h=8e76ef2fce ]

[KARAF-7442] Upgrade to Felix WebConsole 4.8.2

(cherry picked from commit 554e9e46bf07c999544dd574bb8f974f58469e6f)
;;;","05/Jun/22 04:55;jira-bot;Commit 39d68b216d28e7c054b3cd8ba953f50baa8d2a09 in karaf's branch refs/heads/karaf-4.2.x from Jean-Baptiste Onofré
[ https://gitbox.apache.org/repos/asf?p=karaf.git;h=39d68b216d ]

[KARAF-7442] Upgrade to Felix WebConsole 4.8.2

(cherry picked from commit 554e9e46bf07c999544dd574bb8f974f58469e6f)
;;;",,,,,,,,,,,,,,,,,,,,,,,
Upgrade to orientdb-client 3.2.15,KARAF-7660,13522261,,Dependency upgrade,Resolved,KARAF,Karaf,software,jbonofre,,http://karaf.apache.org,Major,Fixed,jbonofre,jbonofre,jbonofre,31/Jan/23 15:50,07/Feb/23 17:35,06/Sep/26 16:38,07/Feb/23 17:35,,,,,,decanter-2.10.0,,,,,decanter,,,,,0,,,,,,,,,,,,,,,,,,,,,,,,,,,,,,,,,,,,,,,,,,,,,,,,,,0.0,,,,,,,,,,,,,,,,,,,,,,no_permission,,,,,,,,,,,,,,,,,,,,,9223372036854775807,,,,Tue Feb 07 17:35:05 UTC 2023,,,,,,,,,,0|z1fij4:,9223372036854775807,,,,,,,,,,,,decanter-2.10.0,,,,,,,,,,,,"07/Feb/23 17:35;githubbot;jbonofre merged PR #319:
URL: https://github.com/apache/karaf-decanter/pull/319


;;;","07/Feb/23 17:35;jira-bot;Commit f9f5af2c11cfa8a836681034d6a082e43aa807dc in karaf-decanter's branch refs/heads/main from JB Onofré
[ https://gitbox.apache.org/repos/asf?p=karaf-decanter.git;h=f9f5af2c ]

[KARAF-7660] Upgrade to orientdb-client 3.2.15
;;;","07/Feb/23 17:35;jira-bot;Commit 8611f2fbb0d7510758ebbd549212bfa9aaed8c3f in karaf-decanter's branch refs/heads/main from JB Onofré
[ https://gitbox.apache.org/repos/asf?p=karaf-decanter.git;h=8611f2fb ]

Merge pull request #319 from jbonofre/KARAF-7660

[KARAF-7660] Upgrade to orientdb-client 3.2.15;;;",,,,,,,,,,,,,,,,,,,,,,,,,
Upgrade to org.osgi.util.promise 1.3.0,KARAF-7727,13544380,,Dependency upgrade,Resolved,KARAF,Karaf,software,jbonofre,,http://karaf.apache.org,Major,Fixed,jbonofre,jbonofre,jbonofre,21/Jul/23 05:02,02/Jan/24 17:42,06/Sep/26 16:38,02/Jan/24 17:42,,,,,,4.4.5,4.5.0,,,,karaf,,,,,0,,,,,,,,,,,,,,,,,,,,,,,,,,,,,,,,,,,,,,,,,,,,,,,,,,0.0,,,,,,,,,,,,,,,,,,,,,,no_permission,,,,,,,,,,,,,,,,,,,,,9223372036854775807,,,,Tue Jan 02 17:42:10 UTC 2024,,,,,,,,,,0|z1jagg:,9223372036854775807,,,,,,,,,,,,4.4.5,4.5.0,,,,,,,,,,,"21/Jul/23 09:46;githubbot;jbonofre opened a new pull request, #1730:
URL: https://github.com/apache/karaf/pull/1730

   (no comment)


;;;","21/Jul/23 13:06;githubbot;jbonofre merged PR #1730:
URL: https://github.com/apache/karaf/pull/1730


;;;","21/Jul/23 13:06;jira-bot;Commit b652582c02faf7983822b539ff90db5213d0f4e8 in karaf's branch refs/heads/main from JB Onofré
[ https://gitbox.apache.org/repos/asf?p=karaf.git;h=b652582c02 ]

KARAF-7727 - Upgrade to org.osgi.util.promise 1.3.0
;;;","21/Jul/23 13:06;jira-bot;Commit 9c70dd6bf9524177c8df02a1e12e15e325014dbc in karaf's branch refs/heads/main from JB Onofré
[ https://gitbox.apache.org/repos/asf?p=karaf.git;h=9c70dd6bf9 ]

Merge pull request #1730 from jbonofre/KARAF-7727

KARAF-7727 - Upgrade to org.osgi.util.promise 1.3.0;;;","18/Sep/23 14:05;riconeubauer;discussed in channel:
in https://github.com/apache/karaf/blob/main/assemblies/features/framework/src/main/feature/feature.xml there still is (hard-coded, not using the properties, for org.osgi.util.promise and org.osgi.util.functions) 1.2.0

Similar for the ""specs"" and ""standard"" assemblies next to ""framework""

Seems that is intentional for some features but not all-;;;","18/Sep/23 15:15;b.eckenfels;different topic but same issue with different config file (template) content: The assemblies/features/standard/src/main/feature/feature.xml config ""org.apache.karaf.shell"" defines disableLogout and disableEofExit which are missing in instance/src/main/resources, on the other hand the instance file contains sigAlgorithms which are missing from the assembly template.;;;","15/Dec/23 16:37;githubbot;jbonofre opened a new pull request, #1808:
URL: https://github.com/apache/karaf/pull/1808

   (no comment)


;;;","16/Dec/23 09:00;githubbot;rovarga merged PR #1808:
URL: https://github.com/apache/karaf/pull/1808


;;;","16/Dec/23 09:00;jira-bot;Commit f7451eb3618decec1a276148add5ba598b1ed95a in karaf's branch refs/heads/main from JB Onofré
[ https://gitbox.apache.org/repos/asf?p=karaf.git;h=f7451eb361 ]

KARAF-7727: Fix org.osgi.util.promise version and use properties
;;;","16/Dec/23 09:00;jira-bot;Commit fef1c5533fb3f3950f079a55e75bf4530e493359 in karaf's branch refs/heads/main from Robert Varga
[ https://gitbox.apache.org/repos/asf?p=karaf.git;h=fef1c5533f ]

Merge pull request #1808 from jbonofre/KARAF-7727

KARAF-7727: Fix org.osgi.util.promise version and use properties;;;","02/Jan/24 17:42;jira-bot;Commit f66f32cf6b411c2673f49f955f79413b8595c20d in karaf's branch refs/heads/karaf-4.4.x from JB Onofré
[ https://gitbox.apache.org/repos/asf?p=karaf.git;h=f66f32cf6b ]

KARAF-7727: Fix org.osgi.util.promise version and use properties

(cherry picked from commit f7451eb361)
;;;",,,,,,,,,,,,,,,,,
Upgrade to exec-maven-plugin 3.0.0,KARAF-7495,13468282,,Dependency upgrade,Resolved,KARAF,Karaf,software,jbonofre,,http://karaf.apache.org,Major,Fixed,jbonofre,jbonofre,jbonofre,24/Jun/22 11:59,26/Jun/22 06:16,06/Sep/26 16:38,26/Jun/22 06:16,,,,,,4.3.8,4.4.1,,,,karaf,,,,,0,,,,,,,,,,,,,,,,,,,,,,,,,,,,,,,,,,,,,,,,,,,,,,,,,,0.0,,,,,,,,,,,,,,,,,,,,,,no_permission,,,,,,,,,,,,,,,,,,,,,9223372036854775807,,,,Sun Jun 26 06:15:59 UTC 2022,,,,,,,,,,0|z16c3s:,9223372036854775807,,,,,,,,,,,,4.3.8,4.4.1,,,,,,,,,,,"26/Jun/22 06:14;githubbot;jbonofre merged PR #1557:
URL: https://github.com/apache/karaf/pull/1557


;;;","26/Jun/22 06:15;jira-bot;Commit f21032761077459d508c4a978955c071cf371d39 in karaf's branch refs/heads/main from Jean-Baptiste Onofré
[ https://gitbox.apache.org/repos/asf?p=karaf.git;h=f210327610 ]

[KARAF-7495] Upgrade to exec-maven-plugin 3.0.0
;;;","26/Jun/22 06:15;jira-bot;Commit fb0e4cdc9dc440fbdf28d29c2de2589f6c43984b in karaf's branch refs/heads/main from Jean-Baptiste Onofré
[ https://gitbox.apache.org/repos/asf?p=karaf.git;h=fb0e4cdc9d ]

Merge pull request #1557 from jbonofre/KARAF-7495

[KARAF-7495] Upgrade to exec-maven-plugin 3.0.0;;;","26/Jun/22 06:15;jira-bot;Commit a2cb0039b9660721b66d307307d44bccde09ca00 in karaf's branch refs/heads/karaf-4.3.x from Jean-Baptiste Onofré
[ https://gitbox.apache.org/repos/asf?p=karaf.git;h=a2cb0039b9 ]

[KARAF-7495] Upgrade to exec-maven-plugin 3.0.0

(cherry picked from commit f21032761077459d508c4a978955c071cf371d39)
;;;",,,,,,,,,,,,,,,,,,,,,,,,
Test and example of JSON configuration,KARAF-7708,13543052,,Improvement,Resolved,KARAF,Karaf,software,jbonofre,,http://karaf.apache.org,Minor,Fixed,jbonofre,paulsp,paulsp,10/Jul/23 18:23,21/Jul/23 05:57,06/Sep/26 16:38,21/Jul/23 05:57,4.4.3,,,,,4.4.4,,,,,karaf,,,,,0,,,,,,,The examples and itests are missing and need a JSON configuration use case.  ,,,,,,,,,,,,,,,,,,,,,,,,,,,,,,,,,,,,,,,,,,,0.0,,,,,,,,,,,,,,,,,,,,,,no_permission,,,,,,,,,,,,,,,,,,,,,9223372036854775807,,,,Fri Jul 21 05:57:11 UTC 2023,,,,,,,,,,0|z1j29k:,9223372036854775807,,,,,,,,,,,,,,,,,,,,,,,,"10/Jul/23 18:38;githubbot;paulsp opened a new pull request, #1725:
URL: https://github.com/apache/karaf/pull/1725

   - JSON configuration includes data types desribed in section 150.3.4 of the OSGi 8 Compendium
   - Corrected XML schema definition of the features file.


;;;","21/Jul/23 05:53;githubbot;jbonofre commented on PR #1725:
URL: https://github.com/apache/karaf/pull/1725#issuecomment-1645019540

   I'm merging manually in order to cleanly squash the two commits in one. Thanks !


;;;","21/Jul/23 05:57;githubbot;jbonofre merged PR #1725:
URL: https://github.com/apache/karaf/pull/1725


;;;","21/Jul/23 05:57;jira-bot;Commit eeb44b80efd1577fcd1fa55c3c17911f1f409e95 in karaf's branch refs/heads/main from Paul Spencer
[ https://gitbox.apache.org/repos/asf?p=karaf.git;h=eeb44b80ef ]

KARAF-7708 Add example and test for JSON configuration (#1725)

* KARAF-7708 Add example and test for JSON configuration

---------

Co-authored-by: Paul Spencer <paul@hummingbird.local>;;;",,,,,,,,,,,,,,,,,,,,,,,,
Upgrade to modello-maven-plugin 2.0.0,KARAF-7497,13468285,,Dependency upgrade,Resolved,KARAF,Karaf,software,jbonofre,,http://karaf.apache.org,Major,Fixed,jbonofre,jbonofre,jbonofre,24/Jun/22 12:00,25/Jun/22 12:00,06/Sep/26 16:38,25/Jun/22 12:00,,,,,,4.3.8,4.4.1,,,,karaf,,,,,0,,,,,,,,,,,,,,,,,,,,,,,,,,,,,,,,,,,,,,,,,,,,,,,,,,0.0,,,,,,,,,,,,,,,,,,,,,,no_permission,,,,,,,,,,,,,,,,,,,,,9223372036854775807,,,,Sat Jun 25 11:59:34 UTC 2022,,,,,,,,,,0|z16c4g:,9223372036854775807,,,,,,,,,,,,4.3.8,4.4.1,,,,,,,,,,,"25/Jun/22 11:56;githubbot;jbonofre merged PR #1554:
URL: https://github.com/apache/karaf/pull/1554


;;;","25/Jun/22 11:56;jira-bot;Commit 92fe8cd38dd11a5da834f36a2d2ce8c9c2a00fe0 in karaf's branch refs/heads/main from Jean-Baptiste Onofré
[ https://gitbox.apache.org/repos/asf?p=karaf.git;h=92fe8cd38d ]

[KARAF-7497] Upgrade to modello-maven-plugin 2.0.0
;;;","25/Jun/22 11:56;jira-bot;Commit d2dedd662f6604a79889864b8dc3f6e31532a290 in karaf's branch refs/heads/main from Jean-Baptiste Onofré
[ https://gitbox.apache.org/repos/asf?p=karaf.git;h=d2dedd662f ]

Merge pull request #1554 from jbonofre/KARAF-7497

[KARAF-7497] Upgrade to modello-maven-plugin 2.0.0;;;","25/Jun/22 11:59;jira-bot;Commit 460530ad8b159ab21859168517c4cab1275501cd in karaf's branch refs/heads/karaf-4.3.x from Jean-Baptiste Onofré
[ https://gitbox.apache.org/repos/asf?p=karaf.git;h=460530ad8b ]

[KARAF-7497] Upgrade to modello-maven-plugin 2.0.0

(cherry picked from commit 92fe8cd38dd11a5da834f36a2d2ce8c9c2a00fe0)
;;;",,,,,,,,,,,,,,,,,,,,,,,,
HawtIO-offline feature shows error in Terminal window,KARAF-7355,13422570,,Bug,Resolved,KARAF,Karaf,software,jbonofre,,http://karaf.apache.org,Major,Won't Fix,,akhaware,akhaware,13/Jan/22 16:20,14/Jan/22 07:34,06/Sep/26 16:38,14/Jan/22 07:34,4.2.14,,,,,,,,,,karaf,,,,,0,,,,,,,"My project currently includes HawtIO version 1.5.10. Project has a custom feature including -

{{<feature version=""${hawtio.version}"">hawtio-offline</feature>}}

With the changes, HawtIO is coming up but gives error on HawtIO terminal screen - _Error executing command: Method io/hawt/web/plugin/karaf/terminal/JLineTerminal.getPalette()Lorg/jline/utils/ColorPalette; is abstract_

If I update the HawtIO version to 2.14.3 (latest), it is not able to recognize hawtio-offline. In this case I have to change the feature to:

{{<feature version=""${hawtio.version}"">hawtio</feature>}}

But with this Terminal section is not present in HawtIO UI.

 

Has hawtio-offline been deprecated now or embedded in some other way ? What is the substitute now or best practice for using Hawtio with Karaf 4.2.14? 

 

 ",,,,,,,,,,,,,,,,,,,,,,,,,,,,,,,,,,,,,,,,,,,0.0,,,,,,,,,,,,,,,,,,,,,,no_permission,,,,,,,,,,,,,,,,,,,,,9223372036854775807,,,,Fri Jan 14 07:34:19 UTC 2022,,,,,,,,,,0|z0yki0:,9223372036854775807,,,,,,,,,,,,,,,,,,,,,,,,"14/Jan/22 07:34;jbonofre;That's a Hawtio issue, as Hawtio should upgrade to latest jline version (at least align with Karaf jline version) and update the code.;;;",,,,,,,,,,,,,,,,,,,,,,,,,,,
Use maven-invoker-plugin version from Apache POM,KARAF-7984,13624566,,Dependency upgrade,Resolved,KARAF,Karaf,software,jbonofre,,http://karaf.apache.org,Major,Fixed,jbonofre,jbonofre,jbonofre,25/Jul/25 05:29,26/Jul/25 09:17,06/Sep/26 16:38,26/Jul/25 09:17,,,,,,4.4.8,4.5.0,,,,karaf,,,,,0,,,,,,,,,,,,,,,,,,,,,,,,,,,,,,,,,,,,,,,,,,,,,,,,,,0.0,,,,,,,,,,,,,,,,,,,,,,no_permission,,,,,,,,,,,,,,,,,,,,,9223372036854775807,,,,Sat Jul 26 09:17:09 UTC 2025,,,,,,,,,,0|z1wy2w:,9223372036854775807,,,,,,,,,,,,4.4.8,4.5.0,,,,,,,,,,,"26/Jul/25 05:36;githubbot;jbonofre opened a new pull request, #1971:
URL: https://github.com/apache/karaf/pull/1971

   (no comment)


;;;","26/Jul/25 09:16;githubbot;jbonofre merged PR #1971:
URL: https://github.com/apache/karaf/pull/1971


;;;","26/Jul/25 09:16;jira-bot;Commit fc521f1351da300c21b9bba1c52ac69d54d67293 in karaf's branch refs/heads/main from JB Onofré
[ https://gitbox.apache.org/repos/asf?p=karaf.git;h=fc521f1351 ]

KARAF-7984: Use maven-invoker-plugin version from Apache POM (#1971)

;;;","26/Jul/25 09:17;jira-bot;Commit ab8dfd27ba144684b0a1c41d4913e6676a4d6b7f in karaf's branch refs/heads/karaf-4.4.x from JB Onofré
[ https://gitbox.apache.org/repos/asf?p=karaf.git;h=ab8dfd27ba ]

KARAF-7984: Use maven-invoker-plugin version from Apache POM (#1971)

(cherry picked from commit fc521f1351da300c21b9bba1c52ac69d54d67293)
;;;",,,,,,,,,,,,,,,,,,,,,,,,
Upgrade to Aries SpiFly 1.3.5,KARAF-7557,13484563,,Dependency upgrade,Resolved,KARAF,Karaf,software,jbonofre,,http://karaf.apache.org,Major,Fixed,jbonofre,jbonofre,jbonofre,05/Oct/22 09:08,07/Oct/22 09:25,06/Sep/26 16:38,07/Oct/22 09:25,,,,,,4.3.8,4.4.2,,,,karaf,,,,,0,,,,,,,,,,,,,,,,,,,,,,,,,,,,,,,,,,,,,,,,,,,,,,,,,,0.0,,,,,,,,,,,,,,,,,,,,,,no_permission,,,,,,,,,,,,,,,,,,,,,9223372036854775807,,,,Fri Oct 07 09:25:35 UTC 2022,,,,,,,,,,0|z192n4:,9223372036854775807,,,,,,,,,,,,4.3.8,4.4.2,,,,,,,,,,,"07/Oct/22 09:25;githubbot;jbonofre merged PR #1634:
URL: https://github.com/apache/karaf/pull/1634


;;;","07/Oct/22 09:25;jira-bot;Commit 480f2a5a1782d289624cebe05c22074f83ade223 in karaf's branch refs/heads/main from Jean-Baptiste Onofré
[ https://gitbox.apache.org/repos/asf?p=karaf.git;h=480f2a5a17 ]

[KARAF-7557] Upgrade to Aries SpiFly 1.3.5
;;;","07/Oct/22 09:25;jira-bot;Commit 73bf0c842be6cfdd67f19f9b4f73a3a5e64906f6 in karaf's branch refs/heads/main from Jean-Baptiste Onofré
[ https://gitbox.apache.org/repos/asf?p=karaf.git;h=73bf0c842b ]

Merge pull request #1634 from jbonofre/KARAF-7557

[KARAF-7557] Upgrade to Aries SpiFly 1.3.5;;;","07/Oct/22 09:25;jira-bot;Commit dd103bc81816ef9427e6fa90fffac78f61e497ab in karaf's branch refs/heads/karaf-4.3.x from Jean-Baptiste Onofré
[ https://gitbox.apache.org/repos/asf?p=karaf.git;h=dd103bc818 ]

[KARAF-7557] Upgrade to Aries SpiFly 1.3.5

(cherry picked from commit 480f2a5a1782d289624cebe05c22074f83ade223)
;;;",,,,,,,,,,,,,,,,,,,,,,,,
Support for WebSocket proxy ,KARAF-7588,13486662,,Improvement,Open,KARAF,Karaf,software,jbonofre,,http://karaf.apache.org,Minor,,,aleksy.wroblewski,aleksy.wroblewski,17/Oct/22 15:46,18/Oct/22 06:24,06/Sep/26 16:38,,,,,,,,,,,,karaf,,,,,0,,,,,,,"We were checking if it is possible to get rid of NGINX in our project and use Karaf ProxyService or http:proxy-* commands instead. While it was fine to proxy HTTP calls, proxying WebSocket calls (precisely, to ActiveMQ websocket connector in another docker, e.g. `ws://our-activemq-docker:61614`) did not work. 

Is this perhaps already supported or can this be added in the future?

 

 ",Karaf 4.4.0,,,,,,,,,,,,,,,,,,,,,,,,,,,,,,,,,,,,,,,,,,0.0,,,,,,,,,,,,,,,,,,,,,,no_permission,,,,,,,,,,,,,,,,,,,,,9223372036854775807,,,,Tue Oct 18 06:24:49 UTC 2022,,,,,,,,,,0|z19fiw:,9223372036854775807,,,,,,,,,,,,,,,,,,,,,,,,"18/Oct/22 06:24;jbonofre;I did only pure HTTP proxy. However, I think it's pretty easy to add websocket proxy (via jetty-websocket). It's a new feature.;;;",,,,,,,,,,,,,,,,,,,,,,,,,,,
Upgrade to Aries Proxy 1.1.14,KARAF-7785,13561704,,Dependency upgrade,Resolved,KARAF,Karaf,software,jbonofre,,http://karaf.apache.org,Major,Fixed,jbonofre,jbonofre,jbonofre,13/Dec/23 16:02,15/Dec/23 04:42,06/Sep/26 16:38,15/Dec/23 04:42,,,,,,4.4.5,4.5.0,,,,karaf,,,,,0,,,,,,,,,,,,,,,,,,,,,,,,,,,,,,,,,,,,,,,,,,,,,,,,,,0.0,,,,,,,,,,,,,,,,,,,,,,no_permission,,,,,,,,,,,,,,,,,,,,,9223372036854775807,,,,Fri Dec 15 04:42:30 UTC 2023,,,,,,,,,,0|z1m8ls:,9223372036854775807,,,,,,,,,,,,4.4.5,4.5.0,,,,,,,,,,,"14/Dec/23 14:07;githubbot;jbonofre opened a new pull request, #1801:
URL: https://github.com/apache/karaf/pull/1801

   (no comment)


;;;","14/Dec/23 21:16;githubbot;rovarga merged PR #1801:
URL: https://github.com/apache/karaf/pull/1801


;;;","14/Dec/23 21:16;jira-bot;Commit 6c3906c71bb73c4b0e4398d4f17bae36acdfa3c5 in karaf's branch refs/heads/main from JB Onofré
[ https://gitbox.apache.org/repos/asf?p=karaf.git;h=6c3906c71b ]

KARAF-7785: Upgrade to Aries Proxy 1.1.14
;;;","14/Dec/23 21:16;jira-bot;Commit aceb6ffbd70d3ea05ae398b6f75670081f9b9af6 in karaf's branch refs/heads/main from Robert Varga
[ https://gitbox.apache.org/repos/asf?p=karaf.git;h=aceb6ffbd7 ]

Merge pull request #1801 from jbonofre/KARAF-7785

KARAF-7785: Upgrade to Aries Proxy 1.1.14;;;","15/Dec/23 04:42;jira-bot;Commit a4f13b330a9138141d4f3a21dbcd268623e3e4fd in karaf's branch refs/heads/karaf-4.4.x from JB Onofré
[ https://gitbox.apache.org/repos/asf?p=karaf.git;h=a4f13b330a ]

KARAF-7785: Upgrade to Aries Proxy 1.1.14

(cherry picked from commit 6c3906c71bb73c4b0e4398d4f17bae36acdfa3c5)
;;;",,,,,,,,,,,,,,,,,,,,,,,
Upgrade to javax.jms-api 2.0.1 and ActiveMQ 5.17.1,KARAF-7470,13467103,,Dependency upgrade,Resolved,KARAF,Karaf,software,jbonofre,,http://karaf.apache.org,Major,Fixed,jbonofre,jbonofre,jbonofre,24/Jun/22 09:14,06/Jul/22 07:33,06/Sep/26 16:38,06/Jul/22 07:33,,,,,,4.3.8,4.4.1,,,,karaf,,,,,0,,,,,,,,,,,,,,,,,,,,,,,,,,,,,,,,,,,,,,,,,,,,,,,,,,0.0,,,,,,,,,,,,,,,,,,,,,,no_permission,,,,,,,,,,,,,,,,,,,,,9223372036854775807,,,,Wed Jul 06 07:32:52 UTC 2022,,,,,,,,,,0|z164ts:,9223372036854775807,,,,,,,,,,,,4.3.8,4.4.1,,,,,,,,,,,"06/Jul/22 07:32;githubbot;jbonofre merged PR #1596:
URL: https://github.com/apache/karaf/pull/1596


;;;","06/Jul/22 07:32;jira-bot;Commit 2c7750467c0f44e581d47dca223a0445771976fd in karaf's branch refs/heads/main from Jean-Baptiste Onofré
[ https://gitbox.apache.org/repos/asf?p=karaf.git;h=2c7750467c ]

[KARAF-7470] Upgrade to javax.jms-api 2.0.1 and ActiveMQ 5.17.1
;;;","06/Jul/22 07:32;jira-bot;Commit bfaefcc3faa871ad6536636117661d627fe24a9e in karaf's branch refs/heads/main from Jean-Baptiste Onofré
[ https://gitbox.apache.org/repos/asf?p=karaf.git;h=bfaefcc3fa ]

Merge pull request #1596 from jbonofre/KARAF-7470

[KARAF-7470] Upgrade to javax.jms-api 2.0.1 and ActiveMQ 5.17.1;;;","06/Jul/22 07:32;jira-bot;Commit 1abee97108bef1c544150f516eca5fd67bfc332c in karaf's branch refs/heads/karaf-4.3.x from Jean-Baptiste Onofré
[ https://gitbox.apache.org/repos/asf?p=karaf.git;h=1abee97108 ]

[KARAF-7470] Upgrade to javax.jms-api 2.0.1 and ActiveMQ 5.17.1

(cherry picked from commit 2c7750467c0f44e581d47dca223a0445771976fd)
;;;",,,,,,,,,,,,,,,,,,,,,,,,
Upgrade to Felix ConfigAdmin plugin interpolation 1.2.2,KARAF-7373,13426836,,Dependency upgrade,Resolved,KARAF,Karaf,software,jbonofre,,http://karaf.apache.org,Major,Fixed,jbonofre,jbonofre,jbonofre,07/Feb/22 06:16,03/Apr/22 05:14,06/Sep/26 16:38,03/Apr/22 05:14,,,,,,4.3.7,4.4.0,,,,karaf,,,,,0,,,,,,,,,,,,,,,,,,,,,,,,,,,,,,,,,,,,,,,,,,,,,,,,,,0.0,,,,,,,,,,,,,,,,,,,,,,no_permission,,,,,,,,,,,,,,,,,,,,,9223372036854775807,,,,Sun Apr 03 05:14:04 UTC 2022,,,,,,,,,,0|z0zapk:,9223372036854775807,,,,,,,,,,,,4.3.7,4.4.0,,,,,,,,,,,"03/Apr/22 05:13;jira-bot;Commit 2676f42d4f62ee50e6fecfe74b721c32eed475e2 in karaf's branch refs/heads/main from Jean-Baptiste Onofré
[ https://gitbox.apache.org/repos/asf?p=karaf.git;h=2676f42 ]

[KARAF-7373] Upgrade to Felix ConfigAdmin plugin interpolation 1.2.2
;;;","03/Apr/22 05:13;jira-bot;Commit 7607be675c4248f02d7ea68c54e8e202ee14ca8f in karaf's branch refs/heads/main from Jean-Baptiste Onofré
[ https://gitbox.apache.org/repos/asf?p=karaf.git;h=7607be6 ]

Merge pull request #1516 from jbonofre/KARAF-7373

[KARAF-7373] Upgrade to Felix ConfigAdmin plugin interpolation 1.2.2;;;","03/Apr/22 05:13;githubbot;jbonofre merged pull request #1516:
URL: https://github.com/apache/karaf/pull/1516


   


-- 
This is an automated message from the Apache Git Service.
To respond to the message, please log on to GitHub and use the
URL above to go to the specific comment.

To unsubscribe, e-mail: commits-unsubscribe@karaf.apache.org

For queries about this service, please contact Infrastructure at:
users@infra.apache.org
;;;","03/Apr/22 05:14;jira-bot;Commit 90718e7810f0fbb2de11940f77ff064fa268ef08 in karaf's branch refs/heads/karaf-4.3.x from Jean-Baptiste Onofré
[ https://gitbox.apache.org/repos/asf?p=karaf.git;h=90718e7 ]

[KARAF-7373] Upgrade to Felix ConfigAdmin plugin interpolation 1.2.2

(cherry picked from commit 2676f42d4f62ee50e6fecfe74b721c32eed475e2)
;;;",,,,,,,,,,,,,,,,,,,,,,,,
Upgrade to Pax Web 7.3.13,KARAF-7054,13361622,,Dependency upgrade,Resolved,KARAF,Karaf,software,jbonofre,,http://karaf.apache.org,Major,Fixed,jbonofre,jbonofre,jbonofre,01/Mar/21 13:40,03/Mar/21 15:54,06/Sep/26 16:38,03/Mar/21 15:54,,,,,,4.3.1,,,,,karaf,,,,,0,,,,,,,,,,,,,,,,,,,,,,,,,,,,,,,,,,,,,,,,,,,,,,,,,,0.0,,,,,,,,,,,,,,,,,,,,,,no_permission,,,,,,,,,,,,,,,,,,,,,9223372036854775807,,,,Wed Mar 03 15:54:53 UTC 2021,,,,,,,,,,0|z0o69k:,9223372036854775807,,,,,,,,,,,,4.3.1,,,,,,,,,,,,"03/Mar/21 10:42;githubbot;jbonofre opened a new pull request #1313:
URL: https://github.com/apache/karaf/pull/1313


   [KARAF-7053] Upgrade to Jetty 9.4.38.v20210224


----------------------------------------------------------------
This is an automated message from the Apache Git Service.
To respond to the message, please log on to GitHub and use the
URL above to go to the specific comment.

For queries about this service, please contact Infrastructure at:
users@infra.apache.org
;;;","03/Mar/21 15:54;jira-bot;Commit 04b081db1bfa66a913e98ddeec521db4f45e696f in karaf's branch refs/heads/master from jbonofre
[ https://gitbox.apache.org/repos/asf?p=karaf.git;h=04b081d ]

[KARAF-7054] Upgrade to Pax Web 7.3.13
[KARAF-7053] Upgrade to Jetty 9.4.38.v20210224
;;;","03/Mar/21 15:54;githubbot;jbonofre merged pull request #1313:
URL: https://github.com/apache/karaf/pull/1313


   


----------------------------------------------------------------
This is an automated message from the Apache Git Service.
To respond to the message, please log on to GitHub and use the
URL above to go to the specific comment.

For queries about this service, please contact Infrastructure at:
users@infra.apache.org
;;;","03/Mar/21 15:54;jira-bot;Commit cebf5488cfedbd7546f810e919f615d604cf162a in karaf's branch refs/heads/master from Jean-Baptiste Onofré
[ https://gitbox.apache.org/repos/asf?p=karaf.git;h=cebf548 ]

Merge pull request #1313 from jbonofre/KARAF-7054

[KARAF-7054] Upgrade to Pax Web 7.3.13;;;","03/Mar/21 15:54;jira-bot;Commit cebf5488cfedbd7546f810e919f615d604cf162a in karaf's branch refs/heads/master from Jean-Baptiste Onofré
[ https://gitbox.apache.org/repos/asf?p=karaf.git;h=cebf548 ]

Merge pull request #1313 from jbonofre/KARAF-7054

[KARAF-7054] Upgrade to Pax Web 7.3.13;;;",,,,,,,,,,,,,,,,,,,,,,,
Upgrade to lucene 8.9.0,KARAF-7216,13387472,,Dependency upgrade,Resolved,KARAF,Karaf,software,jbonofre,,http://karaf.apache.org,Major,Fixed,jbonofre,jbonofre,jbonofre,03/Jul/21 05:13,06/Jul/21 11:22,06/Sep/26 16:38,06/Jul/21 05:25,,,,,,decanter-2.8.0,,,,,decanter,,,,,0,,,,,,,,,,,,,,,,,,,,,,,,,,,,,,,,,,,,,,,,,,,,,,,,,,0.0,,,,,,,,,,,,,,,,,,,,,,no_permission,,,,,,,,,,,,,,,,,,,,,9223372036854775807,,,,Tue Jul 06 11:22:51 UTC 2021,,,,,,,,,,0|z0skr4:,9223372036854775807,,,,,,,,,,,,decanter-2.8.0,,,,,,,,,,,,"05/Jul/21 04:53;githubbot;jbonofre opened a new pull request #245:
URL: https://github.com/apache/karaf-decanter/pull/245


   


-- 
This is an automated message from the Apache Git Service.
To respond to the message, please log on to GitHub and use the
URL above to go to the specific comment.

To unsubscribe, e-mail: commits-unsubscribe@karaf.apache.org

For queries about this service, please contact Infrastructure at:
users@infra.apache.org
;;;","06/Jul/21 05:24;jira-bot;Commit 54aeb3877148db030ed1f07ec06efe960a5abbbb in karaf-decanter's branch refs/heads/main from jbonofre
[ https://gitbox.apache.org/repos/asf?p=karaf-decanter.git;h=54aeb38 ]

[KARAF-7216] Upgrade to lucene 8.9.0
;;;","06/Jul/21 05:24;jira-bot;Commit 9d15d072548f476f1502e387a2d1a233f80ed4c9 in karaf-decanter's branch refs/heads/main from Jean-Baptiste Onofré
[ https://gitbox.apache.org/repos/asf?p=karaf-decanter.git;h=9d15d07 ]

Merge pull request #245 from jbonofre/KARAF-7216

[KARAF-7216] Upgrade to lucene 8.9.0;;;","06/Jul/21 05:25;jira-bot;Commit 9d15d072548f476f1502e387a2d1a233f80ed4c9 in karaf-decanter's branch refs/heads/main from Jean-Baptiste Onofré
[ https://gitbox.apache.org/repos/asf?p=karaf-decanter.git;h=9d15d07 ]

Merge pull request #245 from jbonofre/KARAF-7216

[KARAF-7216] Upgrade to lucene 8.9.0;;;","06/Jul/21 05:25;githubbot;jbonofre merged pull request #245:
URL: https://github.com/apache/karaf-decanter/pull/245


   


-- 
This is an automated message from the Apache Git Service.
To respond to the message, please log on to GitHub and use the
URL above to go to the specific comment.

To unsubscribe, e-mail: commits-unsubscribe@karaf.apache.org

For queries about this service, please contact Infrastructure at:
users@infra.apache.org
;;;","06/Jul/21 11:22;githubbot;jbonofre merged pull request #245:
URL: https://github.com/apache/karaf-decanter/pull/245


   


-- 
This is an automated message from the Apache Git Service.
To respond to the message, please log on to GitHub and use the
URL above to go to the specific comment.

To unsubscribe, e-mail: commits-unsubscribe@karaf.apache.org

For queries about this service, please contact Infrastructure at:
users@infra.apache.org
;;;",,,,,,,,,,,,,,,,,,,,,,
Upgrade to org.osgi.service.event 1.4.1,KARAF-7384,13426847,,Dependency upgrade,Resolved,KARAF,Karaf,software,jbonofre,,http://karaf.apache.org,Major,Fixed,jbonofre,jbonofre,jbonofre,07/Feb/22 06:22,31/Mar/22 15:26,06/Sep/26 16:38,31/Mar/22 15:26,,,,,,4.4.0,,,,,karaf,,,,,0,,,,,,,,,,,,,,,,,,,,,,,,,,,,,,,,,,,,,,,,,,,,,,,,,,0.0,,,,,,,,,,,,,,,,,,,,,,no_permission,,,,,,,,,,,,,,,,,,,,,9223372036854775807,,,,Thu Mar 31 15:26:58 UTC 2022,,,,,,,,,,0|z0zas0:,9223372036854775807,,,,,,,,,,,,4.4.0,,,,,,,,,,,,"31/Mar/22 15:26;jira-bot;Commit 1d6a2451b1546e3c18718f83e1820f428a2d5a0b in karaf's branch refs/heads/main from Jean-Baptiste Onofré
[ https://gitbox.apache.org/repos/asf?p=karaf.git;h=1d6a245 ]

[KARAF-7384] Upgrade to org.osgi.service.event 1.4.1
;;;","31/Mar/22 15:26;jira-bot;Commit a4d59813f85f83a625c7eff052c827f91a59a615 in karaf's branch refs/heads/main from Jean-Baptiste Onofré
[ https://gitbox.apache.org/repos/asf?p=karaf.git;h=a4d5981 ]

Merge pull request #1504 from jbonofre/KARAF-7384

[KARAF-7384] Upgrade to org.osgi.service.event 1.4.1;;;","31/Mar/22 15:26;githubbot;jbonofre merged pull request #1504:
URL: https://github.com/apache/karaf/pull/1504


   


-- 
This is an automated message from the Apache Git Service.
To respond to the message, please log on to GitHub and use the
URL above to go to the specific comment.

To unsubscribe, e-mail: commits-unsubscribe@karaf.apache.org

For queries about this service, please contact Infrastructure at:
users@infra.apache.org
;;;",,,,,,,,,,,,,,,,,,,,,,,,,
Upgrade to commons-pool2 2.9.0,KARAF-7272,13410069,,Dependency upgrade,Resolved,KARAF,Karaf,software,jbonofre,,http://karaf.apache.org,Major,Fixed,jbonofre,jbonofre,jbonofre,04/Nov/21 14:14,06/Nov/21 05:46,06/Sep/26 16:38,06/Nov/21 05:46,,,,,,4.3.4,4.4.0,,,,karaf,,,,,0,,,,,,,Aligning commons-pool2 from enterprise features repo with pax-jdbc and pax-jms.,,,,,,,,,,,,,,,,,,,,,,,,,,,,,,,,,,,,,,,,,,,0.0,,,,,,,,,,,,,,,,,,,,,,no_permission,,,,,,,,,,,,,,,,,,,,,9223372036854775807,,,,Sat Nov 06 05:45:58 UTC 2021,,,,,,,,,,0|z0wg2w:,9223372036854775807,,,,,,,,,,,,4.3.4,4.4.0,,,,,,,,,,,"06/Nov/21 05:45;jira-bot;Commit c64a119add41168bc7323a4ed18a0665aa0547d9 in karaf's branch refs/heads/main from Jean-Baptiste Onofré
[ https://gitbox.apache.org/repos/asf?p=karaf.git;h=c64a119 ]

[KARAF-7272] Upgrade to commons-pool2 2.9.0
;;;","06/Nov/21 05:45;jira-bot;Commit b6dee59d4a84090e49d0d9f6cfb8bb4f196a2896 in karaf's branch refs/heads/main from Jean-Baptiste Onofré
[ https://gitbox.apache.org/repos/asf?p=karaf.git;h=b6dee59 ]

Merge pull request #1447 from jbonofre/KARAF-7272

[KARAF-7272] Upgrade to commons-pool2 2.9.0;;;","06/Nov/21 05:45;githubbot;jbonofre merged pull request #1447:
URL: https://github.com/apache/karaf/pull/1447


   


-- 
This is an automated message from the Apache Git Service.
To respond to the message, please log on to GitHub and use the
URL above to go to the specific comment.

To unsubscribe, e-mail: commits-unsubscribe@karaf.apache.org

For queries about this service, please contact Infrastructure at:
users@infra.apache.org
;;;","06/Nov/21 05:45;jira-bot;Commit 63c4f8eb0a444fe31ff7ad6c67d91677bc3d02b6 in karaf's branch refs/heads/karaf-4.3.x from Jean-Baptiste Onofré
[ https://gitbox.apache.org/repos/asf?p=karaf.git;h=63c4f8e ]

[KARAF-7272] Upgrade to commons-pool2 2.9.0

(cherry picked from commit c64a119add41168bc7323a4ed18a0665aa0547d9)
;;;",,,,,,,,,,,,,,,,,,,,,,,,
Upgrade to Aries Transaction Blueprint 2.3.0,KARAF-7228,13391888,,Dependency upgrade,Resolved,KARAF,Karaf,software,jbonofre,,http://karaf.apache.org,Major,Fixed,jbonofre,jbonofre,jbonofre,26/Jul/21 12:45,24/Aug/21 08:57,06/Sep/26 16:38,24/Aug/21 08:57,,,,,,4.2.12,4.3.3,,,,karaf,,,,,0,,,,,,,,,,,,,,,,,,,,,,,,,,,,,,,,,,,,,,,,,,,,,,,,,,0.0,,,,,,,,,,,,,,,,,,,,,,no_permission,,,,,,,,,,,,,,,,,,,,,9223372036854775807,,,,Tue Aug 24 08:57:05 UTC 2021,,,,,,,,,,0|z0tby8:,9223372036854775807,,,,,,,,,,,,4.2.12,4.3.3,,,,,,,,,,,"24/Aug/21 08:56;githubbot;jbonofre merged pull request #1418:
URL: https://github.com/apache/karaf/pull/1418


   


-- 
This is an automated message from the Apache Git Service.
To respond to the message, please log on to GitHub and use the
URL above to go to the specific comment.

To unsubscribe, e-mail: commits-unsubscribe@karaf.apache.org

For queries about this service, please contact Infrastructure at:
users@infra.apache.org
;;;","24/Aug/21 08:56;jira-bot;Commit b6de9a56af69af120469da9252f922cad756989e in karaf's branch refs/heads/main from Jean-Baptiste Onofré
[ https://gitbox.apache.org/repos/asf?p=karaf.git;h=b6de9a5 ]

[KARAF-7228] Upgrade to Aries Transaction Blueprint 2.3.0
;;;","24/Aug/21 08:56;jira-bot;Commit 51836e118a277a0b76747bbd026612aab5172491 in karaf's branch refs/heads/main from Jean-Baptiste Onofré
[ https://gitbox.apache.org/repos/asf?p=karaf.git;h=51836e1 ]

Merge pull request #1418 from jbonofre/KARAF-7228

[KARAF-7228] Upgrade to Aries Transaction Blueprint 2.3.0;;;","24/Aug/21 08:56;jira-bot;Commit 51836e118a277a0b76747bbd026612aab5172491 in karaf's branch refs/heads/main from Jean-Baptiste Onofré
[ https://gitbox.apache.org/repos/asf?p=karaf.git;h=51836e1 ]

Merge pull request #1418 from jbonofre/KARAF-7228

[KARAF-7228] Upgrade to Aries Transaction Blueprint 2.3.0;;;","24/Aug/21 08:57;jira-bot;Commit 9d41e1db262c2b1869ef4b85459f25bff1fdef85 in karaf's branch refs/heads/karaf-4.2.x from Jean-Baptiste Onofré
[ https://gitbox.apache.org/repos/asf?p=karaf.git;h=9d41e1d ]

[KARAF-7228] Upgrade to Aries Transaction Blueprint 2.3.0

(cherry picked from commit b6de9a56af69af120469da9252f922cad756989e)
;;;",,,,,,,,,,,,,,,,,,,,,,,
remove non-reproducible timestamp,KARAF-7638,13519650,,Improvement,Resolved,KARAF,Karaf,software,jbonofre,,http://karaf.apache.org,Major,Fixed,jbonofre,hboutemy,hboutemy,15/Jan/23 09:52,12/Feb/23 06:48,06/Sep/26 16:38,12/Feb/23 06:48,decanter-2.9.0,,,,,decanter-2.10.0,,,,,decanter,,,,,0,,,,,,,"Decanter 2.9.0 is near fully reproducible: https://github.com/jvm-repo-rebuild/reproducible-central/blob/master/content/org/apache/karaf/decanter/README.md
it's just hit my SM-5021
and we'll probably ignore generated manual artifact in the future",,,,,,,,,,,,,,,,,,,,,,,,,,,,,,,,,,,,,SM-5021,,,,,,0.0,,,,,,,,,,,,,,,,,,,,,,no_permission,,,,,,,,,,,,,,,,,,,,,9223372036854775807,,,,Sun Feb 12 06:47:57 UTC 2023,,,,,,,,,,0|z1f2jk:,9223372036854775807,,,,,,,,,,,,decanter-2.10.0,,,,,,,,,,,,"15/Jan/23 09:54;githubbot;hboutemy opened a new pull request, #306:
URL: https://github.com/apache/karaf-decanter/pull/306

   see https://issues.apache.org/jira/browse/KARAF-7638


;;;","12/Feb/23 06:47;githubbot;jbonofre merged PR #306:
URL: https://github.com/apache/karaf-decanter/pull/306


;;;","12/Feb/23 06:47;jira-bot;Commit e2ff7b9db8d40c549326cce805377d48f5d36b84 in karaf-decanter's branch refs/heads/main from Herve Boutemy
[ https://gitbox.apache.org/repos/asf?p=karaf-decanter.git;h=e2ff7b9d ]

[KARAF-7638] workaround SM-5021
;;;","12/Feb/23 06:47;jira-bot;Commit b1ec435d76156287d286af58954545d04d39b097 in karaf-decanter's branch refs/heads/main from JB Onofré
[ https://gitbox.apache.org/repos/asf?p=karaf-decanter.git;h=b1ec435d ]

Merge pull request #306 from hboutemy/KARAF-7638

[KARAF-7638] workaround SM-5021;;;",,,,,,,,,,,,,,,,,,,,,,,,
Upgrade to easymock 5.0.1,KARAF-7411,13437482,,Dependency upgrade,Resolved,KARAF,Karaf,software,jbonofre,,http://karaf.apache.org,Major,Fixed,jbonofre,jbonofre,jbonofre,03/Apr/22 06:12,18/Dec/22 15:11,06/Sep/26 16:38,18/Dec/22 15:11,,,,,,4.3.9,4.4.3,,,,karaf,,,,,0,,,,,,,,,,,,,,,,,,,,,,,,,,,,,,,,,,,,,,KARAF-7266,,,,,,,,,,,,0.0,,,,,,,,,,,,,,,,,,,,,,no_permission,,,,,,,,,,,,,,,,,,,,,9223372036854775807,,,,Sun Dec 18 15:10:43 UTC 2022,,,,,,,,,,0|z113ns:,9223372036854775807,,,,,,,,,,,,4.3.9,4.4.3,,,,,,,,,,,"18/Dec/22 15:09;githubbot;jbonofre merged PR #1696:
URL: https://github.com/apache/karaf/pull/1696


;;;","18/Dec/22 15:09;jira-bot;Commit 83a472347199a0dbcc5c317df59928fbf6e75b5a in karaf's branch refs/heads/main from Jean-Baptiste Onofré
[ https://gitbox.apache.org/repos/asf?p=karaf.git;h=83a4723471 ]

[KARAF-7411] Upgrade to easymock 5.0.1
;;;","18/Dec/22 15:09;jira-bot;Commit 5dabf51f8efb94675666329ba8b20663d0f8187f in karaf's branch refs/heads/main from Jean-Baptiste Onofré
[ https://gitbox.apache.org/repos/asf?p=karaf.git;h=5dabf51f8e ]

Merge pull request #1696 from jbonofre/KARAF-7411

[KARAF-7411] Upgrade to easymock 5.0.1;;;","18/Dec/22 15:10;jira-bot;Commit eef7cbf2473d978785d808bb064235987545696c in karaf's branch refs/heads/karaf-4.3.x from Jean-Baptiste Onofré
[ https://gitbox.apache.org/repos/asf?p=karaf.git;h=eef7cbf247 ]

[KARAF-7411] Upgrade to easymock 5.0.1

(cherry picked from commit 83a472347199a0dbcc5c317df59928fbf6e75b5a)
;;;",,,,,,,,,,,,,,,,,,,,,,,,
Karaf client should be updated to use slf4j2,KARAF-7898,13602867,,Bug,Resolved,KARAF,Karaf,software,jbonofre,,http://karaf.apache.org,Major,Fixed,jbonofre,jbonofre,jbonofre,20/Dec/24 16:04,13/Jan/25 07:02,06/Sep/26 16:38,13/Jan/25 07:02,,,,,,4.4.7,4.5.0,,,,karaf,,,,,0,,,,,,,"{code:java}
SLF4J(W): No SLF4J providers were found.
SLF4J(W): Defaulting to no-operation (NOP) logger implementation
SLF4J(W): See https://www.slf4j.org/codes.html#noProviders for further details.
SLF4J(W): Class path contains SLF4J bindings targeting slf4j-api versions 1.7.x or earlier.
SLF4J(W): Ignoring binding found at [jar:file:/Users/jbonofre/Workspace/karaf/assemblies/apache-karaf/target/apache-karaf-4.5.0-SNAPSHOT/system/org/apache/karaf/org.apache.karaf.client/4.5.0-SNAPSHOT/org.apache.karaf.client-4.5.0-SNAPSHOT.jar!/org/slf4j/impl/StaticLoggerBinder.class]
SLF4J(W): See https://www.slf4j.org/codes.html#ignoredBindings for an explanation.
Logging in as karaf {code}",,,,,,,,,,,,,,,,,,,,,,,,KARAF-7829,,,,,,,,,,,,,,,,,,,0.0,,,,,,,,,,,,,,,,,,,,,,no_permission,,,,,,,,,,,,,,,,,,,,,9223372036854775807,,,,Mon Jan 13 07:02:28 UTC 2025,,,,,,,,,,0|z1t948:,9223372036854775807,,,,,,,,,,,,4.4.7,4.5.0,,,,,,,,,,,"11/Jan/25 07:11;githubbot;jbonofre opened a new pull request, #1922:
URL: https://github.com/apache/karaf/pull/1922

   (no comment)


;;;","13/Jan/25 07:01;githubbot;jbonofre merged PR #1922:
URL: https://github.com/apache/karaf/pull/1922


;;;","13/Jan/25 07:01;jira-bot;Commit 5dc767b60c339c7acd4927c1a4b5249b2b5a2455 in karaf's branch refs/heads/main from JB Onofré
[ https://gitbox.apache.org/repos/asf?p=karaf.git;h=5dc767b60c ]

KARAF-7898: Use slf4j provider in Karaf client
;;;","13/Jan/25 07:01;jira-bot;Commit f77fbabe1e949e640668c6f12efa8bb0a6908fbe in karaf's branch refs/heads/main from JB Onofré
[ https://gitbox.apache.org/repos/asf?p=karaf.git;h=f77fbabe1e ]

Merge pull request #1922 from jbonofre/KARAF-7898

KARAF-7898: Use slf4j provider in Karaf client;;;","13/Jan/25 07:02;jira-bot;Commit 97d40487d792943d8b6180175a1b8a84c639191f in karaf's branch refs/heads/karaf-4.4.x from JB Onofré
[ https://gitbox.apache.org/repos/asf?p=karaf.git;h=97d40487d7 ]

KARAF-7898: Use slf4j provider in Karaf client

(cherry picked from commit 5dc767b60c339c7acd4927c1a4b5249b2b5a2455)
;;;",,,,,,,,,,,,,,,,,,,,,,,
Upgrade to sshd 2.9.0,KARAF-7528,13475658,,Dependency upgrade,Resolved,KARAF,Karaf,software,jbonofre,,http://karaf.apache.org,Major,Fixed,jbonofre,jbonofre,jbonofre,08/Aug/22 06:01,02/Sep/22 09:00,06/Sep/26 16:38,02/Sep/22 09:00,,,,,,4.3.8,4.4.2,,,,karaf,,,,,0,,,,,,,,,,,,,,,,,,,,,,,,,,,,,,,,,,,,,,,,,,,,,,,,,,0.0,,,,,,,,,,,,,,,,,,,,,,no_permission,,,,,,,,,,,,,,,,,,,,,9223372036854775807,,,,Fri Sep 02 09:00:16 UTC 2022,,,,,,,,,,0|z17k60:,9223372036854775807,,,,,,,,,,,,4.3.8,4.4.2,,,,,,,,,,,"02/Sep/22 08:59;githubbot;jbonofre merged PR #1615:
URL: https://github.com/apache/karaf/pull/1615


;;;","02/Sep/22 08:59;jira-bot;Commit abb44fb51bb6cdf0b72bddc6a9281e5ace60e424 in karaf's branch refs/heads/main from Jean-Baptiste Onofré
[ https://gitbox.apache.org/repos/asf?p=karaf.git;h=abb44fb51b ]

[KARAF-7528] Upgrade to sshd 2.9.0
;;;","02/Sep/22 08:59;jira-bot;Commit 9104f4ae19f2e0c0bdc06da331921864ae5a0c28 in karaf's branch refs/heads/main from Jean-Baptiste Onofré
[ https://gitbox.apache.org/repos/asf?p=karaf.git;h=9104f4ae19 ]

Merge pull request #1615 from jbonofre/KARAF-7528

[KARAF-7528] Upgrade to sshd 2.9.0;;;","02/Sep/22 09:00;jira-bot;Commit 69527928dba8e84d00aee2c200dbd162236b95ca in karaf's branch refs/heads/karaf-4.3.x from Jean-Baptiste Onofré
[ https://gitbox.apache.org/repos/asf?p=karaf.git;h=69527928db ]

[KARAF-7528] Upgrade to sshd 2.9.0

(cherry picked from commit abb44fb51bb6cdf0b72bddc6a9281e5ace60e424)
;;;",,,,,,,,,,,,,,,,,,,,,,,,
Rename config json file extension to cfg.json by default,KARAF-7451,13449742,,Improvement,Resolved,KARAF,Karaf,software,jbonofre,,http://karaf.apache.org,Major,Fixed,jbonofre,jbonofre,jbonofre,13/Jun/22 08:18,28/Jun/22 03:37,06/Sep/26 16:38,28/Jun/22 03:37,,,,,,4.3.8,4.4.1,,,,karaf,,,,,0,,,,,,,,,,,,,,,,,,,,,,,,,,,,,,,,,,,,,,,,,,,,,,,,,,0.0,,,,,,,,,,,,,,,,,,,,,,no_permission,,,,,,,,,,,,,,,,,,,,,9223372036854775807,,,,Tue Jun 28 03:37:13 UTC 2022,,,,,,,,,,0|z136h4:,9223372036854775807,,,,,,,,,,,,4.3.8,4.4.1,,,,,,,,,,,"28/Jun/22 03:36;githubbot;jbonofre merged PR #1552:
URL: https://github.com/apache/karaf/pull/1552


;;;","28/Jun/22 03:36;jira-bot;Commit 8c6dd57f4146043177f5fd8ca2c4a17b660f227d in karaf's branch refs/heads/main from Jean-Baptiste Onofré
[ https://gitbox.apache.org/repos/asf?p=karaf.git;h=8c6dd57f41 ]

[KARAF-7451] Upgrade extension to .cfg.json by default
;;;","28/Jun/22 03:36;jira-bot;Commit 82fc025bf564acbc0bd50c14f13532439c843cf0 in karaf's branch refs/heads/main from Jean-Baptiste Onofré
[ https://gitbox.apache.org/repos/asf?p=karaf.git;h=82fc025bf5 ]

Merge pull request #1552 from jbonofre/KARAF-7451

[KARAF-7451] Upgrade extension to .cfg.json by default;;;","28/Jun/22 03:37;jira-bot;Commit c9f09481f526b2d21bd196c497ea5e1a94f52f20 in karaf's branch refs/heads/karaf-4.3.x from Jean-Baptiste Onofré
[ https://gitbox.apache.org/repos/asf?p=karaf.git;h=c9f09481f5 ]

[KARAF-7451] Upgrade extension to .cfg.json by default

(cherry picked from commit 8c6dd57f4146043177f5fd8ca2c4a17b660f227d)
;;;",,,,,,,,,,,,,,,,,,,,,,,,
Upgrade to commons-compress 1.26.1,KARAF-7811,13573651,,Dependency upgrade,Resolved,KARAF,Karaf,software,jbonofre,,http://karaf.apache.org,Major,Fixed,jbonofre,jbonofre,jbonofre,28/Mar/24 09:36,31/Mar/24 06:16,06/Sep/26 16:38,31/Mar/24 06:16,,,,,,4.4.6,4.5.0,,,,karaf,,,,,0,,,,,,,,,,,,,,,,,,,,,,,,,,,,,,,,,,,,,,,,,,,,,,,,,,0.0,,,,,,,,,,,,,,,,,,,,,,no_permission,,,,,,,,,,,,,,,,,,,,,9223372036854775807,,,,Sun Mar 31 06:15:53 UTC 2024,,,,,,,,,,0|z1o9ts:,9223372036854775807,,,,,,,,,,,,4.4.6,4.5.0,,,,,,,,,,,"30/Mar/24 06:19;githubbot;jbonofre opened a new pull request, #1836:
URL: https://github.com/apache/karaf/pull/1836

   (no comment)


;;;","31/Mar/24 06:15;githubbot;jbonofre merged PR #1836:
URL: https://github.com/apache/karaf/pull/1836


;;;","31/Mar/24 06:15;jira-bot;Commit 5d55a981fdf2e45c20dd11ae009db8f0a1ce5984 in karaf's branch refs/heads/main from JB Onofré
[ https://gitbox.apache.org/repos/asf?p=karaf.git;h=5d55a981fd ]

KARAF-7811: Upgrade to commons-compress 1.26.1
;;;","31/Mar/24 06:15;jira-bot;Commit 55293b6f37288ae3926ad2d27ba183f197bf9f13 in karaf's branch refs/heads/main from JB Onofré
[ https://gitbox.apache.org/repos/asf?p=karaf.git;h=55293b6f37 ]

Merge pull request #1836 from jbonofre/KARAF-7811

KARAF-7811: Upgrade to commons-compress 1.26.1;;;","31/Mar/24 06:15;jira-bot;Commit 884173042e0eb0a3d5c45990c38b39cbde95b2e6 in karaf's branch refs/heads/karaf-4.4.x from JB Onofré
[ https://gitbox.apache.org/repos/asf?p=karaf.git;h=884173042e ]

KARAF-7811: Upgrade to commons-compress 1.26.1

(cherry picked from commit 5d55a981fdf2e45c20dd11ae009db8f0a1ce5984)
;;;",,,,,,,,,,,,,,,,,,,,,,,
Upgrade to maven-javadoc-plugin 3.3.2,KARAF-7529,13475661,,Dependency upgrade,Resolved,KARAF,Karaf,software,jbonofre,,http://karaf.apache.org,Major,Fixed,jbonofre,jbonofre,jbonofre,08/Aug/22 06:26,01/Sep/22 12:17,06/Sep/26 16:38,01/Sep/22 12:17,,,,,,4.3.8,4.4.2,,,,karaf,,,,,0,,,,,,,,,,,,,,,,,,,,,,,,,,,,,,,,,,,,,,,,,,,,,,,,,,0.0,,,,,,,,,,,,,,,,,,,,,,no_permission,,,,,,,,,,,,,,,,,,,,,9223372036854775807,,,,Thu Sep 01 12:16:51 UTC 2022,,,,,,,,,,0|z17k6o:,9223372036854775807,,,,,,,,,,,,4.3.8,4.4.2,,,,,,,,,,,"01/Sep/22 12:15;githubbot;jbonofre merged PR #1613:
URL: https://github.com/apache/karaf/pull/1613


;;;","01/Sep/22 12:15;jira-bot;Commit d3a1fb60f5d6fb929662bc611a93348f8af6f906 in karaf's branch refs/heads/main from Jean-Baptiste Onofré
[ https://gitbox.apache.org/repos/asf?p=karaf.git;h=d3a1fb60f5 ]

[KARAF-7529] Upgrade to maven-javadoc-plugin 3.3.2
;;;","01/Sep/22 12:15;jira-bot;Commit ff2a895133e7798eac7d588ef8baae7ce9913c65 in karaf's branch refs/heads/main from Jean-Baptiste Onofré
[ https://gitbox.apache.org/repos/asf?p=karaf.git;h=ff2a895133 ]

Merge pull request #1613 from jbonofre/KARAF-7529

[KARAF-7529] Upgrade to maven-javadoc-plugin 3.3.2;;;","01/Sep/22 12:16;jira-bot;Commit 30af6c66be8d478c70609730f9d2816ef0ad71a7 in karaf's branch refs/heads/karaf-4.3.x from Jean-Baptiste Onofré
[ https://gitbox.apache.org/repos/asf?p=karaf.git;h=30af6c66be ]

[KARAF-7529] Upgrade to maven-javadoc-plugin 3.3.2

(cherry picked from commit d3a1fb60f5d6fb929662bc611a93348f8af6f906)
;;;",,,,,,,,,,,,,,,,,,,,,,,,
jdk.net package is not exposed,KARAF-7690,13534575,,Bug,Resolved,KARAF,Karaf,software,jbonofre,,http://karaf.apache.org,Major,Fixed,jbonofre,nite,nite,30/Apr/23 21:50,08/Sep/23 06:30,06/Sep/26 16:38,07/Sep/23 16:17,4.3.9,4.4.3,,,,4.3.10,4.4.4,,,,karaf,,,,,0,,,,,,,"Java 8 provides jdk.net, which provides access to, potentially platform-specific, https://docs.oracle.com/javase/8/docs/jre/api/net/socketoptions/spec/index.html?jdk/net/ExtendedSocketOptions.html:

Karaf should expose this package if it is available. This is especially pronounced with Java 11+, which usually provides TCP_KEEPIDLE, TCP_KEEPCOUNT and TCP_KEEPINTERVAL -- which are typically widely available.",,,,,,,,,,,,,,,,,,,,,,,,,,,,,,,,,,,,,,,,,,,0.0,,,,,,,,,,,,,,,,,,,,,,no_permission,,,,,,,,,,,,,,,,,,,,,9223372036854775807,,,,Fri Sep 08 06:30:56 UTC 2023,,,,,,,,,,0|z1hmb4:,9223372036854775807,,,,,,,,,,,,4.3.10,4.4.4,,,,,,,,,,,"07/Sep/23 16:16;jira-bot;Commit abca619c0d59c43098cf459f8699b8548f5ac744 in karaf's branch refs/heads/main from Jean-Baptiste Onofré
[ https://gitbox.apache.org/repos/asf?p=karaf.git;h=abca619c0d ]

KARAF-7690: add jdk.net to the exported packages
;;;","07/Sep/23 16:16;jira-bot;Commit 191abca836ae64f71ff11cb2a83d1d7e38a198a0 in karaf's branch refs/heads/main from JB Onofré
[ https://gitbox.apache.org/repos/asf?p=karaf.git;h=191abca836 ]

Merge pull request #1766 from jbonofre/KARAF-7690

KARAF-7690: add jdk.net to the exported packages;;;","07/Sep/23 16:17;jira-bot;Commit 915bc6422e0d028c39aec1d4c4e616560d11b03b in karaf's branch refs/heads/karaf-4.3.x from Jean-Baptiste Onofré
[ https://gitbox.apache.org/repos/asf?p=karaf.git;h=915bc6422e ]

KARAF-7690: add jdk.net to the exported packages

(cherry picked from commit abca619c0d59c43098cf459f8699b8548f5ac744)
;;;","08/Sep/23 06:30;riconeubauer;Thanks for this.
e.g. MS SQL driver is making use of it if package is available: https://github.com/microsoft/mssql-jdbc/issues/2068;;;",,,,,,,,,,,,,,,,,,,,,,,,
Add additional dependencies to karaf-bom,KARAF-7553,13482202,,Task,Resolved,KARAF,Karaf,software,jbonofre,,http://karaf.apache.org,Major,Fixed,jbonofre,mattrpav,mattrpav,19/Sep/22 16:42,05/Oct/22 08:42,06/Sep/26 16:38,05/Oct/22 08:42,,,,,,4.3.8,4.4.2,,,,,,,,,0,,,,,,,Add a few dependencies to assist in managing downstream builds ,,,,,,,,,,,,,,,,,,,,,,,,,,,,,,,,,,,,,,,,,,,0.0,,,,,,,,,,,,,,,,,,,,,,no_permission,,,,,,,,,,,,,,,,,,,,,9223372036854775807,,,,Wed Oct 05 08:41:38 UTC 2022,,,,,,,,,,0|z18o88:,9223372036854775807,,,,,,,,,,,,4.3.8,4.4.2,,,,,,,,,,,"05/Oct/22 08:41;jira-bot;Commit d5489b7ce8bb12fb7696300b238273ec8cad862a in karaf's branch refs/heads/main from Jean-Baptiste Onofré
[ https://gitbox.apache.org/repos/asf?p=karaf.git;h=d5489b7ce8 ]

Merge pull request #1623 from mattrpav/KARAF-7553

[#7553] Add additional dependencies to karaf bom for managing downstr…;;;",,,,,,,,,,,,,,,,,,,,,,,,,,,
Upgrade to maven-project-info-reports-plugin 3.2.2,KARAF-7490,13468277,,Dependency upgrade,Resolved,KARAF,Karaf,software,jbonofre,,http://karaf.apache.org,Major,Fixed,jbonofre,jbonofre,jbonofre,24/Jun/22 11:56,28/Jun/22 03:59,06/Sep/26 16:38,28/Jun/22 03:59,,,,,,4.3.8,4.4.1,,,,karaf,,,,,0,,,,,,,,,,,,,,,,,,,,,,,,,,,,,,,,,,,,,,,,,,,,,,,,,,0.0,,,,,,,,,,,,,,,,,,,,,,no_permission,,,,,,,,,,,,,,,,,,,,,9223372036854775807,,,,Tue Jun 28 03:59:20 UTC 2022,,,,,,,,,,0|z16c2o:,9223372036854775807,,,,,,,,,,,,4.3.8,4.4.1,,,,,,,,,,,"28/Jun/22 03:58;githubbot;jbonofre merged PR #1562:
URL: https://github.com/apache/karaf/pull/1562


;;;","28/Jun/22 03:58;jira-bot;Commit 71635c8ced490103822169b128bf789f31503983 in karaf's branch refs/heads/main from Jean-Baptiste Onofré
[ https://gitbox.apache.org/repos/asf?p=karaf.git;h=71635c8ced ]

[KARAF-7490] Upgrade to maven-project-info-reports-plugin 3.2.2
;;;","28/Jun/22 03:58;jira-bot;Commit 22061b0a5b4cccbb3832ca4c0b6d7c55831a9685 in karaf's branch refs/heads/main from Jean-Baptiste Onofré
[ https://gitbox.apache.org/repos/asf?p=karaf.git;h=22061b0a5b ]

Merge pull request #1562 from jbonofre/KARAF-7490

[KARAF-7490] Upgrade to maven-project-info-reports-plugin 3.2.2;;;","28/Jun/22 03:59;jira-bot;Commit f2fcb00730a645c2ddd05ca2e724f6e445c11794 in karaf's branch refs/heads/karaf-4.3.x from Jean-Baptiste Onofré
[ https://gitbox.apache.org/repos/asf?p=karaf.git;h=f2fcb00730 ]

[KARAF-7490] Upgrade to maven-project-info-reports-plugin 3.2.2

(cherry picked from commit 71635c8ced490103822169b128bf789f31503983)
;;;",,,,,,,,,,,,,,,,,,,,,,,,
Upgrade to commons-logging 1.3.4,KARAF-7865,13593369,,Dependency upgrade,Resolved,KARAF,Karaf,software,jbonofre,,http://karaf.apache.org,Major,Fixed,jbonofre,jbonofre,jbonofre,26/Sep/24 13:08,02/Oct/24 16:41,06/Sep/26 16:38,02/Oct/24 16:41,,,,,,4.4.7,4.5.0,,,,karaf,,,,,0,,,,,,,,,,,,,,,,,,,,,,,,,,,,,,,,,,,,,,,,,,,,,,,,,,0.0,,,,,,,,,,,,,,,,,,,,,,no_permission,,,,,,,,,,,,,,,,,,,,,9223372036854775807,,,,Wed Oct 02 16:40:41 UTC 2024,,,,,,,,,,0|z1rmvc:,9223372036854775807,,,,,,,,,,,,4.4.7,,,,,,,,,,,,"02/Oct/24 16:37;jira-bot;Commit 4a63301677af0061822081ee6ce4bcf60bcd2720 in karaf's branch refs/heads/main from JB Onofré
[ https://gitbox.apache.org/repos/asf?p=karaf.git;h=4a63301677 ]

KARAF-7865: Upgrade to commons-logging 1.3.4
;;;","02/Oct/24 16:37;jira-bot;Commit 0dc698f5065863b01d2ef264a4ade696b2106bd8 in karaf's branch refs/heads/main from JB Onofré
[ https://gitbox.apache.org/repos/asf?p=karaf.git;h=0dc698f506 ]

Merge pull request #1869 from jbonofre/KARAF-7865

KARAF-7865: Upgrade to commons-logging 1.3.4;;;","02/Oct/24 16:40;jira-bot;Commit 58a6910959e433baa48f3df1174b4a6deb4a2642 in karaf's branch refs/heads/karaf-4.4.x from JB Onofré
[ https://gitbox.apache.org/repos/asf?p=karaf.git;h=58a6910959 ]

KARAF-7865: Upgrade to commons-logging 1.3.4

(cherry picked from commit 4a63301677af0061822081ee6ce4bcf60bcd2720)
;;;",,,,,,,,,,,,,,,,,,,,,,,,,
Upgrade to easymock 5.4.0,KARAF-7863,13593367,,Dependency upgrade,Resolved,KARAF,Karaf,software,jbonofre,,http://karaf.apache.org,Major,Fixed,jbonofre,jbonofre,jbonofre,26/Sep/24 13:04,02/Oct/24 16:44,06/Sep/26 16:38,02/Oct/24 16:44,,,,,,4.4.7,4.5.0,,,,karaf,,,,,0,,,,,,,,,,,,,,,,,,,,,,,,,,,,,,,,,,,,,,,,,,,,,,,,,,0.0,,,,,,,,,,,,,,,,,,,,,,no_permission,,,,,,,,,,,,,,,,,,,,,9223372036854775807,,,,Wed Oct 02 16:44:26 UTC 2024,,,,,,,,,,0|z1rmuw:,9223372036854775807,,,,,,,,,,,,4.4.7,,,,,,,,,,,,"02/Oct/24 16:43;jira-bot;Commit 0dd96ed5342cd7ecef3aaba0d1214115d222317a in karaf's branch refs/heads/main from JB Onofré
[ https://gitbox.apache.org/repos/asf?p=karaf.git;h=0dd96ed534 ]

KARAF-7863: Upgrade to easymock 5.4.0
;;;","02/Oct/24 16:43;jira-bot;Commit 69b369ca7a8a30af3be008deaa54ed49a0248d95 in karaf's branch refs/heads/main from JB Onofré
[ https://gitbox.apache.org/repos/asf?p=karaf.git;h=69b369ca7a ]

Merge pull request #1871 from jbonofre/KARAF-7863

KARAF-7863: Upgrade to easymock 5.4.0;;;","02/Oct/24 16:44;jira-bot;Commit 0bc2d226295b6d5e11e57d2d72a0736a6ace52e6 in karaf's branch refs/heads/karaf-4.4.x from JB Onofré
[ https://gitbox.apache.org/repos/asf?p=karaf.git;h=0bc2d22629 ]

KARAF-7863: Upgrade to easymock 5.4.0

(cherry picked from commit 0dd96ed5342cd7ecef3aaba0d1214115d222317a)
;;;",,,,,,,,,,,,,,,,,,,,,,,,,
Require Java 11 to build karaf.git,KARAF-7764,13551798,,Task,Resolved,KARAF,Karaf,software,jbonofre,,http://karaf.apache.org,Major,Fixed,jbonofre,nite,nite,24/Sep/23 23:10,02/Oct/23 05:46,06/Sep/26 16:38,02/Oct/23 05:46,,,,,,4.5.0,,,,,karaf,,,,,0,,,,,,,karaf.git effectively requires Java 11 to build. Codify that requirement in maven-enforcer-plugin.,,,,,,,,,,,,,,,,KARAF-7767,KARAF-7544,KARAF-7635,,,,,,,,,,,,,,,,,,,,,,,,,0.0,,,,,,,,,,,,,,,,,,,,,,no_permission,,KARAF-7754,,,,,,,,,,,,,,,,,,,9223372036854775807,,,,Mon Oct 02 05:46:30 UTC 2023,,,,,,,,,,0|z1kjuo:,9223372036854775807,,,,,,,,,,,,4.5.0,,,,,,,,,,,,"25/Sep/23 01:19;githubbot;rovarga opened a new pull request, #1783:
URL: https://github.com/apache/karaf/pull/1783

   Signed-off-by: Robert Varga <robert.varga@pantheon.tech>
   


;;;","02/Oct/23 00:54;githubbot;rovarga commented on PR #1783:
URL: https://github.com/apache/karaf/pull/1783#issuecomment-1742268134

   @jbonofre Can we get this merged, please?


;;;","02/Oct/23 05:46;githubbot;jbonofre merged PR #1783:
URL: https://github.com/apache/karaf/pull/1783


;;;","02/Oct/23 05:46;jira-bot;Commit 64696f76331dfffb3584a81fdb87838936063c8a in karaf's branch refs/heads/main from Robert Varga
[ https://gitbox.apache.org/repos/asf?p=karaf.git;h=64696f7633 ]

[KARAF-7764] Enforce Java 11 build runtime

Signed-off-by: Robert Varga <robert.varga@pantheon.tech>
;;;","02/Oct/23 05:46;jira-bot;Commit 9ec41cf42314ff2575ce67e67f666325ef065fd9 in karaf's branch refs/heads/main from Robert Varga
[ https://gitbox.apache.org/repos/asf?p=karaf.git;h=9ec41cf423 ]

[KARAF-7764] Inline JDK-activated profiles

Signed-off-by: Robert Varga <robert.varga@pantheon.tech>
;;;","02/Oct/23 05:46;jira-bot;Commit efd1e8703ab57e5444f7619e96d8e4e6b22ecf2a in karaf's branch refs/heads/main from JB Onofré
[ https://gitbox.apache.org/repos/asf?p=karaf.git;h=efd1e8703a ]

Merge pull request #1783 from rovarga/kara7764

[KARAF-7764] Enforce Java 11 build runtime;;;",,,,,,,,,,,,,,,,,,,,,,
Status check has SocketException,KARAF-7691,13534679,,Bug,Resolved,KARAF,Karaf,software,jbonofre,,http://karaf.apache.org,Minor,Fixed,jbonofre,ithiemann,ithiemann,02/May/23 12:03,28/Mar/24 13:57,06/Sep/26 16:38,28/Mar/24 13:57,,,,,,4.4.6,4.5.0,,,,karaf,,,,,0,,,,,,,"Calling a status check logs the following as well
{code:java}
o.a.k.m.ShutdownSocketThread | Karaf shutdown socket: read:
java.net.SocketException: Connection reset
at java.base/java.net.SocketInputStream.read(SocketInputStream.java:186)
at java.base/java.net.SocketInputStream.read(SocketInputStream.java:140)
at java.base/java.net.SocketInputStream.read(SocketInputStream.java:200)
at org.apache.karaf.main.ShutdownSocketThread.run(ShutdownSocketThread.java:101) {code}
 This seems to be caused by a socket being opened to check if it can connect to the shutdown port and then immediately being closed without a proper shutdown signal.

This issue does not affect functionality, but it is overloading logs with irrelevant exceptions which is an inconvenience.",,,,,,,,,,,,,,,,,,,,,,,,,,,,,,,,,,,,,,,,,,,0.0,,,,,,,,,,,,,,,,,,,,,,no_permission,,,,,,,,,,,,,,,,,,,,,9223372036854775807,,,,Thu Mar 28 13:57:13 UTC 2024,,,,,,,,,,0|z1hmxs:,9223372036854775807,,,,,,,,,,,,4.4.6,4.5.0,,,,,,,,,,,02/May/23 12:04;ithiemann;I would be happy to work on this issue myself. Please let me know if that is okay?;;;,"19/Mar/24 07:47;githubbot;i-thiemann opened a new pull request, #1827:
URL: https://github.com/apache/karaf/pull/1827

   (no comment)


;;;","28/Mar/24 13:55;githubbot;jbonofre merged PR #1827:
URL: https://github.com/apache/karaf/pull/1827


;;;","28/Mar/24 13:55;jira-bot;Commit c7bdb9eea312a8ab4027846dbd57b0ec78f5e690 in karaf's branch refs/heads/main from Ian Thiemann
[ https://gitbox.apache.org/repos/asf?p=karaf.git;h=c7bdb9eea3 ]

KARAF-7691 Prevent exception on status check by terminating ShutdownSocketThread loop before socket closes
;;;","28/Mar/24 13:55;jira-bot;Commit ebdb02da26cea3de5da6086187917c0a50776bfb in karaf's branch refs/heads/main from JB Onofré
[ https://gitbox.apache.org/repos/asf?p=karaf.git;h=ebdb02da26 ]

Merge pull request #1827 from i-thiemann/KARAF-7691

KARAF-7691 Prevent SocketException on status check;;;","28/Mar/24 13:57;jira-bot;Commit 04a9654087d5253e0ab5f5853f1440f1f4315ccd in karaf's branch refs/heads/karaf-4.4.x from Ian Thiemann
[ https://gitbox.apache.org/repos/asf?p=karaf.git;h=04a9654087 ]

KARAF-7691 Prevent exception on status check by terminating ShutdownSocketThread loop before socket closes

(cherry picked from commit c7bdb9eea312a8ab4027846dbd57b0ec78f5e690)
;;;",,,,,,,,,,,,,,,,,,,,,,
Upgrade to Pax Web 7.2.27 / Jetty 9.4.41.v20210516,KARAF-7162,13380241,,Dependency upgrade,Resolved,KARAF,Karaf,software,jbonofre,,http://karaf.apache.org,Major,Fixed,jbonofre,jbonofre,jbonofre,25/May/21 05:54,08/Jun/21 09:53,06/Sep/26 16:38,08/Jun/21 09:53,,,,,,4.2.12,,,,,karaf,,,,,0,,,,,,,,,,,,,,,,,,,,,,,,,,,,,,,,,,,,,,,,,,,,,,,,,,0.0,,,,,,,,,,,,,,,,,,,,,,no_permission,,,,,,,,,,,,,,,,,,,,,9223372036854775807,,,,Tue Jun 08 09:53:35 UTC 2021,,,,,,,,,,0|z0rc8g:,9223372036854775807,,,,,,,,,,,,4.2.12,,,,,,,,,,,,"08/Jun/21 09:53;jira-bot;Commit 09bc886c01d02c7077473a887e486c886d750049 in karaf's branch refs/heads/karaf-4.2.x from jbonofre
[ https://gitbox.apache.org/repos/asf?p=karaf.git;h=09bc886 ]

[KARAF-7162] Upgrade to Pax Web 7.2.27 / Jetty 9.4.41.v20210516
;;;",,,,,,,,,,,,,,,,,,,,,,,,,,,
Upgrade to jansi 2.4.2,KARAF-7963,13617424,,Dependency upgrade,Resolved,KARAF,Karaf,software,jbonofre,,http://karaf.apache.org,Major,Fixed,jbonofre,jbonofre,jbonofre,07/May/25 13:38,05/Jul/25 15:04,06/Sep/26 16:38,05/Jul/25 15:04,,,,,,4.4.8,4.5.0,,,,karaf,,,,,0,,,,,,,,,,,,,,,,,,,,,,,,,,,,,,,,,,,,,,,,,,,,,,,,,,0.0,,,,,,,,,,,,,,,,,,,,,,no_permission,,,,,,,,,,,,,,,,,,,,,9223372036854775807,,,,Sat Jul 05 15:04:33 UTC 2025,,,,,,,,,,0|z1vqew:,9223372036854775807,,,,,,,,,,,,4.4.8,4.5.0,,,,,,,,,,,"05/Jul/25 15:03;jira-bot;Commit f713031b4e2ca4f8bce010a5219a4846fd41740c in karaf's branch refs/heads/main from JB Onofré
[ https://gitbox.apache.org/repos/asf?p=karaf.git;h=f713031b4e ]

KARAF-7963: Upgrade to jansi 2.4.2
;;;","05/Jul/25 15:03;jira-bot;Commit b80249f8f818735c1c843ded1796b1e49fffc49a in karaf's branch refs/heads/main from JB Onofré
[ https://gitbox.apache.org/repos/asf?p=karaf.git;h=b80249f8f8 ]

Merge pull request #1956 from jbonofre/KARAF-7963

KARAF-7963: Upgrade to jansi 2.4.2;;;","05/Jul/25 15:04;jira-bot;Commit ee1a53449d2f8b88a5abc161171e5c34ac700908 in karaf's branch refs/heads/karaf-4.4.x from JB Onofré
[ https://gitbox.apache.org/repos/asf?p=karaf.git;h=ee1a53449d ]

KARAF-7963: Upgrade to jansi 2.4.2

(cherry picked from commit f713031b4e2ca4f8bce010a5219a4846fd41740c)
;;;",,,,,,,,,,,,,,,,,,,,,,,,,
Key authentication doesn't work with ecdsa keys,KARAF-7753,13551348,,Bug,Resolved,KARAF,Karaf,software,jbonofre,,http://karaf.apache.org,Major,Fixed,jbonofre,andreschlegel,andreschlegel,20/Sep/23 07:06,15/Mar/24 12:12,06/Sep/26 16:36,03/Jan/24 14:33,4.4.4,,,,,4.4.5,4.5.0,,,,karaf,,,,,0,,,,,,,"Key based authentication isn't working anymore. With Karaf 4.4.3 we had no problems.

 

To reproduce follow the manual [https://karaf.apache.org/manual/latest/#_managing_authentication_by_key] but replace ""rsa"" with ""ecdsa"" for the key creation:
{code:java}
ssh-keygen -t ecdsa -f karaf.id_rsa{code}
 

 

sshd Log Karaf 4.4.4
{code:java}
2023-09-20T08:47:30,532 | DEBUG | sshd-SshServer[39ab90a6](port=8101)-nio2-thread-2 | UserAuthPublicKey                | 165 - org.apache.sshd.osgi - 2.10.0 | doAuth(karaf2@ServerSessionImpl[null@/[0:0:0:0:0:0:0:1]:53738]) verify key type=ecdsa-sha2-nistp256, factories=ssh-rsa,rsa-sha2-256,rsa-sha2-512,sk-ecdsa-sha2-nistp256@openssh.com,ecdsa-sha2-nistp256,ecdsa-sha2-nistp384,ecdsa-sha2-nistp521, fingerprint=SHA256:ytAdBMtQ99Rk0YRk+nIERN+jg0tejbymaKnM5rvlfAQ
2023-09-20T08:47:30,532 | DEBUG | sshd-SshServer[39ab90a6](port=8101)-nio2-thread-2 | UserAuthPublicKey                | 165 - org.apache.sshd.osgi - 2.10.0 | doAuth(karaf2@ServerSessionImpl[null@/[0:0:0:0:0:0:0:1]:53738]) key type=ecdsa-sha2-nistp256, fingerprint=SHA256:ytAdBMtQ99Rk0YRk+nIERN+jg0tejbymaKnM5rvlfAQ - authentication result: false {code}
Same part of the log with Karaf 4.4.3
{code:java}
2023-09-20T09:04:26,979 | DEBUG | sshd-SshServer[64c0cbfc](port=8101)-nio2-thread-2 | UserAuthPublicKey                | 174 - org.apache.sshd.osgi - 2.9.2 | doAuth(karaf2@ServerSessionImpl[null@/[0:0:0:0:0:0:0:1]:55857]) verify key type=ecdsa-sha2-nistp256, factories=ssh-rsa,rsa-sha2-256,rsa-sha2-512,sk-ecdsa-sha2-nistp256@openssh.com,ecdsa-sha2-nistp256,ecdsa-sha2-nistp384,ecdsa-sha2-nistp521, fingerprint=SHA256:ytAdBMtQ99Rk0YRk+nIERN+jg0tejbymaKnM5rvlfAQ2023-09-20T09:04:26,979 | DEBUG | sshd-SshServer[64c0cbfc](port=8101)-nio2-thread-2 | UserAuthPublicKey                | 174 - org.apache.sshd.osgi - 2.9.2 | doAuth(karaf2@ServerSessionImpl[null@/[0:0:0:0:0:0:0:1]:55857]) key type=ecdsa-sha2-nistp256, fingerprint=SHA256:ytAdBMtQ99Rk0YRk+nIERN+jg0tejbymaKnM5rvlfAQ - authentication result: true {code}",,,,,,,,,,,,,,,,,,,,,,,,,,,,,,,KARAF-7698,,,,,,,,,,,,0.0,,,,,,,,,,,,,,,,,,,,,,no_permission,,,,,,,,,,,,,,,,,,,,,9223372036854775807,,,,Fri Mar 15 12:12:58 UTC 2024,,,,,,,,,,0|z1kh2o:,9223372036854775807,,,,,,,,,,,,4.4.5,4.5.0,,,,,,,,,,,10/Oct/23 11:01;andreschlegel;FYI [~jbonofre] ;;;,10/Oct/23 12:04;jbonofre;It could be related to sshd upgrade. Let me check about the auth scheme.;;;,"03/Jan/24 14:32;jbonofre;I have an issue with ecdsa on Karaf 4.4.4 but not with the same trace. However, it works with Karaf 4.4.5-SNAPSHOT which has been upgraded to use sshd 2.11.0.

Which client are you using ?

I'm closing this Jira as it works for me on Karaf 4.4.5-SNAPSHOT. Please reopen if you have the same issue on Karaf 4.4.5 (when the release will be available).;;;","15/Mar/24 12:12;andreschlegel;> Which client are you using ?

 

I use the ssh terminal client on MacOS. 

 

I can confirm that the login with ecdsa keys is possible with Karaf 4.4.5

 

Thanks;;;",,,,,,,,,,,,,,,,,,,,,,,,
Karaf file monitoring doesn't seem to work inside a docker container,KARAF-7448,13448616,,Bug,Reopened,KARAF,Karaf,software,jbonofre,,http://karaf.apache.org,Critical,,jbonofre,catshout,catshout,06/Jun/22 16:04,05/Sep/22 18:04,06/Sep/26 16:38,,4.4.0,,,,,,,,,,karaf,,,,,0,,,,,,,"After the creation of a vanilla Karaf installation w/ some additional components I did wrap the installation into a docker image/container. When performing a hot deployment inside the created container the file monitoring doesn't seem to work as expected.

I did perform similar tests with older versions (Karaf 4.2.9 and Camel 3.4.4), there the file monitoring works.

 

*Steps to reproduce*

_Base installation_
{code:java}
cd /opt/
tar -xvf apache-karaf-4.4.1.tar.gz
ln -s /opt/apache-karaf-4.4.1 /opt/apache-karaf
cd /opt/apache-karaf/bin ./karaf{code}
_Feature installation_
{code:java}
feature:repo-add hawtio 2.14.5
feature:repo-add activemq 5.17.1
feature:repo-add camel 3.14.3
feature:install pax-web-jetty
feature:install hawtio activemq-broker-noweb camel camel-jms jms camel-http camel-servlet camel-swagger-java camel-ftp camel-jackson camel-jsonpath camel-json-validator camel-zipfile camel-velocity camel-groovy camel-salesforce camel-kafka{code}
_Testing the pre-installed Karaf_

sample1.xml looks like
{code:java}
<blueprint xmlns=""http://www.osgi.org/xmlns/blueprint/v1.0.0""
           xmlns:ext=""http://aries.apache.org/blueprint/xmlns/blueprint-ext/v1.0.0""
           xmlns:xsi=""http://www.w3.org/2001/XMLSchema-instance""
           xsi:schemaLocation=""
           http://www.osgi.org/xmlns/blueprint/v1.0.0 https://www.osgi.org/xmlns/blueprint/v1.0.0/blueprint.xsd"">

        <reference id=""httpService"" interface=""org.osgi.service.http.HttpService"" />

        <bean id=""camelServlet1"" class=""org.apache.camel.component.servlet.CamelHttpTransportServlet""/>

        <bean class=""org.apache.camel.component.servlet.osgi.OsgiServletRegisterer""
              init-method=""register""
              destroy-method=""unregister"">
                <property name=""servletName"" value=""servlet1"" />
                <property name=""alias"" value=""/test1"" />
                <property name=""httpService"" ref=""httpService"" />
                <property name=""servlet"" ref=""camelServlet1"" />
        </bean>

    <camelContext id=""sample1"" xmlns=""http://camel.apache.org/schema/blueprint"">
        <route>
            <from uri=""servlet://hello?servletName=servlet1"" />
            <log message=""Hello Camel 1!"" />
        </route>
    </camelContext>
</blueprint> {code}
{code:java}
cp sample1.xml /opt/apache-karaf/deploy/{code}
The route will be deployed as expected and is running properly.

_Packaging the archive_
{code:java}
tar cvzf apache-karaf-4.4.0-camel-3.14.3.tgz apache-karaf-4.4.0{code}
_Creating and running the docker container_
{code:java}
docker-compose -f docker-compose_Linux.yml up --build -d{code}
The following does have no effect
{code:java}
docker cp sample1.xml casisp:/opt/apache-karaf/deploy/{code}
 

Dockerfile looks like
{code:java}
FROM openjdk:11-jre# Set karaf environment variables
ENV KARAF_INSTALL_PATH /opt
ENV KARAF_HOME $KARAF_INSTALL_PATH/apache-karaf
ENV PATH $PATH:$KARAF_HOME/bin# Copy and untar the karaf distribution
COPY *.tgz* /tmp/
RUN cat /tmp/*.tgz* | tar xzf - --directory $KARAF_INSTALL_PATH && \
    rm /tmp/*.tgz*# Install build dependencies and karaf
RUN set -x && \
    ln -s $KARAF_INSTALL_PATH/apache-karaf* $KARAF_HOME# Create casisp user
RUN groupadd --gid 2000 casisp && \
    useradd --uid 2000 --create-home --home-dir /var/casisp --gid casisp casisp# Set user permissions
RUN mkdir -p /var/casisp/files && \
    mkdir /opt/apache-karaf/templates && \
    chown -R casisp:casisp /var/casisp && \
    chown -R casisp:casisp /opt/apache-karaf*EXPOSE 8101 1099 44444 8181 8443
USER casisp
CMD [""karaf"", ""run""] {code}
docker-compose_Linux.yml looks like
{code:java}
version: '3'
services:
  karaf:
    container_name: casisp
    user: ""2000""
    build: .
    restart: unless-stopped
    network_mode: bridge
    ports:
      - ""8101:8101""
      - ""1099:1099""
      - ""44444:44444""
      - ""8181:8181""
      - ""8443:8443""
      - ""8182:8182""
      - ""8444:8444""
    command: karaf
    stdin_open: true
    tty: true {code}
The docker directory looks like
{code:java}
ll
total 156128
-rw-rw-r-- 1 casisp casisp 159859132 Jun  6 15:37 apache-karaf-4.4.1-camel-3.14.3.tgz
-rw-rw-r-- 1 casisp casisp       349 Jun  6 15:40 docker-compose_Linux.yml
-rw-rw-r-- 1 casisp casisp       819 Jun  5 13:02 Dockerfile {code}
*OS and docker release information*
{code:java}
cat /etc/os-release
NAME=""Amazon Linux""
VERSION=""2""
ID=""amzn""
ID_LIKE=""centos rhel fedora""
VERSION_ID=""2""
PRETTY_NAME=""Amazon Linux 2""
ANSI_COLOR=""0;33""
CPE_NAME=""cpe:2.3:o:amazon:amazon_linux:2""
HOME_URL=""https://amazonlinux.com/""

docker version
Client:
 Version:           20.10.13
 API version:       1.41
 Go version:        go1.16.15
 Git commit:        a224086
 Built:             Thu Mar 31 19:20:32 2022
 OS/Arch:           linux/amd64
 Context:           default
 Experimental:      trueServer:
 Engine:
  Version:          20.10.13
  API version:      1.41 (minimum version 1.12)
  Go version:       go1.16.15
  Git commit:       906f57f
  Built:            Thu Mar 31 19:21:13 2022
  OS/Arch:          linux/amd64
  Experimental:     false
 containerd:
  Version:          1.4.13
  GitCommit:        9cc61520f4cd876b86e77edfeb88fbcd536d1f9d
 runc:
  Version:          1.0.3
  GitCommit:        f46b6ba2c9314cfc8caae24a32ec5fe9ef1059fe
 docker-init:
  Version:          0.19.0
  GitCommit:        de40ad0

docker-compose version
docker-compose version 1.22.0, build f46880fe
docker-py version: 3.4.1
CPython version: 3.6.6
OpenSSL version: OpenSSL 1.1.0f  25 May 2017{code}",,,,,,,,,,,,,,,,,,,,,,,,,,,,,,,,,,,,,,,,,,,0.0,,,,,,,,,,,,,,,,,,,,,,no_permission,,,,,,,,,,,,,Important,,,,,,,,9223372036854775807,,,,Mon Sep 05 18:04:30 UTC 2022,,,,,,,,,,0|z12zko:,9223372036854775807,,,,,,,,,,,,,,,,,,,,,,,,"23/Jun/22 08:51;catshout;Hi [~jbonofre] did you have a chance in between to reproduce the issue? We'd like to progress to upgrade our Karaf/Camel containers but file monitoring is of course essential here. Many thanks in advance.

Gerald;;;","23/Jun/22 08:58;jbonofre;[~catshout] I'm on it, but not able to fully reproduce it for now (it works fine with volume and default one). It's on the target for the next release as soon as I reproduced the issue.;;;","07/Jul/22 09:33;jbonofre;With 4.4.1-SNAPSHOT, I did the following test:
 * I started a karaf runtime locally, adding camel-blueprint and route.xml in the deploy folder (the {{route.xml}} is a simple blueprint route with timer from and log the body)
 * I stopped the runtime, and package the folder as tar.gz
 * I created a docker image Karaf regular {{build.sh}} and {{Dockerfile}} (https://github.com/apache/karaf/tree/main/assemblies/docker)
 * I started the docker container with {{docker run --name test mytestimage}}
 * I can see the camel route execution in the log:
 * 
{code:java}
09:19:08.381 INFO  [Camel (camel-2) thread #3 - timer://fire] Exchange[ExchangePattern: InOnly, BodyType: String, Body: Hello World]  {code}

 * I updated the {{route.xml}} directly in the container with {{docker exec -it test /bin/bash}} and I change the route in {{/opt/apache-karaf/deploy/route.xml}} (changing the body constant for instance)
 * I can see in the docker container log:

{code:java}
09:27:32.132 INFO  [fileinstall-/opt/apache-karaf-4.4.1-SNAPSHOT/deploy] Updating bundle route.xml / 0.0.0                                                                                                                                                              
09:27:32.133 INFO  [fileinstall-/opt/apache-karaf-4.4.1-SNAPSHOT/deploy] Destroying container for blueprint bundle route.xml/0.0.0                                                    
09:27:32.136 INFO  [fileinstall-/opt/apache-karaf-4.4.1-SNAPSHOT/deploy] Apache Camel 3.14.1 (camel-1) shutting down (timeout:45s)                            
09:27:32.146 INFO  [fileinstall-/opt/apache-karaf-4.4.1-SNAPSHOT/deploy] Routes stopped (total:1 stopped:1)                            
09:27:32.146 INFO  [fileinstall-/opt/apache-karaf-4.4.1-SNAPSHOT/deploy]     Stopped route1 (timer://fire)                                                   
09:27:32.150 INFO  [fileinstall-/opt/apache-karaf-4.4.1-SNAPSHOT/deploy] Apache Camel 3.14.1 (camel-1) shutdown in 14ms (uptime:6m24s)                                                    
09:27:32.250 INFO  [fileinstall-/opt/apache-karaf-4.4.1-SNAPSHOT/deploy] Blueprint bundle route.xml/0.0.0 has been started                        
09:27:32.251 INFO  [Blueprint Event Dispatcher: 1] Attempting to start CamelContext: camel-2                                  
09:27:32.254 INFO  [Blueprint Event Dispatcher: 1] JMX is enabled                                                                
09:27:32.290 INFO  [Blueprint Event Dispatcher: 1] Routes startup (total:1 started:1)                                                                                           
09:27:32.290 INFO  [Blueprint Event Dispatcher: 1]     Started route2 (timer://fire)                                                                       
09:27:32.290 INFO  [Blueprint Event Dispatcher: 1] Apache Camel 3.14.1 (camel-2) started in 39ms (build:1ms init:10ms start:28ms)                                                                        
09:27:32.293 INFO  [fileinstall-/opt/apache-karaf-4.4.1-SNAPSHOT/deploy] Started bundle: blueprint:file:/opt/apache-karaf/deploy/route.xml                           
09:27:33.290 INFO  [Camel (camel-2) thread #3 - timer://fire] Exchange[ExchangePattern: InOnly, BodyType: String, Body: Hello My Friend]
09:27:38.291 INFO  [Camel (camel-2) thread #3 - timer://fire] Exchange[ExchangePattern: InOnly, BodyType: String, Body: Hello My Friend]                    
09:27:43.291 INFO  [Camel (camel-2) thread #3 - timer://fire] Exchange[ExchangePattern: InOnly, BodyType: String, Body: Hello My Friend]{code}
So, I'm not able to reproduce your issue: the route.xml update works fine (fileinstall detects the change and flush the route reload). I will try to reproduce with your details.;;;",15/Aug/22 16:24;catshout;I could reproduce the behaviour w/ Apache Karaf 4.4.1 as well. I did review the steps again. So the question is what are the differences?;;;,16/Aug/22 05:49;jbonofre;[~catshout] which docker image are you using ? The official one or one you create yourself ? Do you use a volume in the docker image ? I tried again on two docker machines (Linux and MacOS) with official image and it works without problem for me.;;;,"16/Aug/22 11:28;catshout;[~jbonofre] I tried te same steps as you have done ..

*Installation*
{code:java}
cd /opt
tar -xvf apache-karaf-4.4.1.tar.gz
ln -s /opt/apache-karaf-4.4.1 /opt/apache-karaf

cd /opt/apache-karaf/bin
./karaf

feature:repo-add camel 3.18.1
feature:install camel-blueprint{code}
*Validation of the deployment*
{code:java}
vi sample.xml
{code}
sample.xml looks like
{code:java}
<?xml version=""1.0"" encoding=""UTF-8""?>
<blueprint xmlns=""http://www.osgi.org/xmlns/blueprint/v1.0.0""
           xmlns:xsi=""http://www.w3.org/2001/XMLSchema-instance""
           xsi:schemaLocation=""
            http://www.osgi.org/xmlns/blueprint/v1.0.0 http://www.osgi.org/xmlns/blueprint/v1.0.0/blueprint.xsd
            http://cxf.apache.org/blueprint/jaxws http://cxf.apache.org/schemas/blueprint/jaxws.xsd
            http://cxf.apache.org/blueprint/core http://cxf.apache.org/schemas/blueprint/core.xsd
           "">
 
  <camelContext xmlns=""http://camel.apache.org/schema/blueprint"">    <route>
      <from uri=""timer:fetch?period=3600s&amp;delay=5s"" />
      <log message=""Hello Camel!"" />
    </route>
    
  </camelContext>
 
</blueprint> {code}
Log shows
{code:java}
2022-08-16T11:16:54,993 | INFO  | FelixStartLevel  | BlueprintContainerImpl           | 54 - org.apache.aries.blueprint.core - 1.10.3 | Blueprint bundle sample.xml/0.0.0 has been started
2022-08-16T11:16:54,994 | INFO  | Blueprint Event Dispatcher: 1 | BlueprintCamelContext            | 104 - org.apache.camel.karaf.camel-blueprint - 3.18.1 | Attempting to start CamelContext: camel-1
2022-08-16T11:16:55,196 | INFO  | Blueprint Event Dispatcher: 1 | AbstractCamelContext             | 61 - org.apache.camel.camel-base-engine - 3.18.1 | Apache Camel 3.18.1 (camel-1) is starting
2022-08-16T11:16:55,402 | INFO  | Blueprint Event Dispatcher: 1 | AbstractCamelContext             | 61 - org.apache.camel.camel-base-engine - 3.18.1 | Routes startup (started:1)
2022-08-16T11:16:55,402 | INFO  | Blueprint Event Dispatcher: 1 | AbstractCamelContext             | 61 - org.apache.camel.camel-base-engine - 3.18.1 |     Started route1 (timer://fetch)
2022-08-16T11:16:55,403 | INFO  | Blueprint Event Dispatcher: 1 | AbstractCamelContext             | 61 - org.apache.camel.camel-base-engine - 3.18.1 | Apache Camel 3.18.1 (camel-1) started in 439ms (build:32ms init:201ms start:206ms)
2022-08-16T11:17:00,406 | INFO  | Camel (camel-1) thread #1 - timer://fetch | route1                           | 72 - org.apache.camel.camel-core-reifier - 3.18.1 | Hello Camel! {code}
Stop Karaf

*Docker image creation*
{code:java}
tar cvzf apache-karaf-4.4.1-camel-3.18.1.tgz apache-karaf-4.4.1
./build.sh --from-local-dist --archive apache-karaf-4.4.1-camel-3.18.1.tgz{code}
*Docker container run*
{code:java}
docker run --name test karaf {code}
Copy of the (changed) sample.xml to the docker container folder
{code:java}
docker cp /opt/apache-karaf/deploy/sample.xml test:/opt/apache-karaf/deploy/ {code}
Nothing happens.

 ;;;","16/Aug/22 11:39;catshout;[~jbonofre] when I'm using the pre-built official image and adding camel-blueprint inside the container, the deployment works. So far I'm assuming the difference is coming from the image creation.

The interesting fact is, that the steps above with a custom image creation worked with Karaf 4.2.9.

How did you exactly perform these 2 steps?
{quote} * I started a karaf runtime locally, adding camel-blueprint and route.xml in the deploy folder (the {{route.xml}} is a simple blueprint route with timer from and log the body)
 * I stopped the runtime, and package the folder as tar.gz{quote};;;","16/Aug/22 14:13;jbonofre;Once you have tar.gz archive, you can create the docker image using the provided script: [https://github.com/apache/karaf/blob/main/assemblies/docker/build.sh]

I'm suspecting that your docker image doesn't use the right path resolution (like you are using a volume with a different path and you don't update the cached files).

Any chance you share your image in order for me to take a look ?;;;","16/Aug/22 16:00;catshout;[~jbonofre] I pushed it to docker hub, you might pull it like
{code:java}
docker pull catshout/karaf {code}
(named it karaf instead of test);;;","17/Aug/22 11:32;catshout;[~jbonofre]  Other way around, might it be possible to take the official image, start it and install the features as needed, than create a final image from?;;;","22/Aug/22 08:45;catshout;[~jbonofre] could you provide me the exact commands for these steps you did
{quote} * I started a karaf runtime locally, adding camel-blueprint and route.xml in the deploy folder (the {{route.xml}} is a simple blueprint route with timer from and log the body)
 * I stopped the runtime, and package the folder as tar.gz
 * I created a docker image Karaf regular {{build.sh}} and {{Dockerfile}} ([https://github.com/apache/karaf/tree/main/assemblies/docker]){quote}
Many thanks in advance;;;","22/Aug/22 08:50;jbonofre;[~catshout] yes, I will (sorry I was busy last week and during the week end). I will also test with your docker image.;;;",05/Sep/22 18:04;catshout;Hi [~jbonofre] coul you send me please your steps than I'll make the same. Thanks a lot.;;;,,,,,,,,,,,,,,,
Upgrade to prometheus 0.11.0,KARAF-7215,13387471,,Dependency upgrade,Resolved,KARAF,Karaf,software,jbonofre,,http://karaf.apache.org,Major,Fixed,jbonofre,jbonofre,jbonofre,03/Jul/21 05:11,06/Jul/21 11:22,06/Sep/26 16:38,06/Jul/21 05:25,,,,,,decanter-2.8.0,,,,,decanter,,,,,0,,,,,,,,,,,,,,,,,,,,,,,,,,,,,,,,,,,,,,,,,,,,,,,,,,0.0,,,,,,,,,,,,,,,,,,,,,,no_permission,,,,,,,,,,,,,,,,,,,,,9223372036854775807,,,,Tue Jul 06 11:22:18 UTC 2021,,,,,,,,,,0|z0skqw:,9223372036854775807,,,,,,,,,,,,decanter-2.8.0,,,,,,,,,,,,"05/Jul/21 04:57;githubbot;jbonofre opened a new pull request #246:
URL: https://github.com/apache/karaf-decanter/pull/246


   


-- 
This is an automated message from the Apache Git Service.
To respond to the message, please log on to GitHub and use the
URL above to go to the specific comment.

To unsubscribe, e-mail: commits-unsubscribe@karaf.apache.org

For queries about this service, please contact Infrastructure at:
users@infra.apache.org
;;;","06/Jul/21 05:25;githubbot;jbonofre merged pull request #246:
URL: https://github.com/apache/karaf-decanter/pull/246


   


-- 
This is an automated message from the Apache Git Service.
To respond to the message, please log on to GitHub and use the
URL above to go to the specific comment.

To unsubscribe, e-mail: commits-unsubscribe@karaf.apache.org

For queries about this service, please contact Infrastructure at:
users@infra.apache.org
;;;","06/Jul/21 05:25;jira-bot;Commit 2f55f0433cb58caea9682b870acec8c1dcf1ad44 in karaf-decanter's branch refs/heads/main from jbonofre
[ https://gitbox.apache.org/repos/asf?p=karaf-decanter.git;h=2f55f04 ]

[KARAF-7215] Upgrade to prometheus 0.11.0
;;;","06/Jul/21 05:25;jira-bot;Commit ff7469ca5e45ccce61425fc236958dca09411d5f in karaf-decanter's branch refs/heads/main from Jean-Baptiste Onofré
[ https://gitbox.apache.org/repos/asf?p=karaf-decanter.git;h=ff7469c ]

Merge pull request #246 from jbonofre/KARAF-7215

[KARAF-7215] Upgrade to prometheus 0.11.0;;;","06/Jul/21 05:25;jira-bot;Commit ff7469ca5e45ccce61425fc236958dca09411d5f in karaf-decanter's branch refs/heads/main from Jean-Baptiste Onofré
[ https://gitbox.apache.org/repos/asf?p=karaf-decanter.git;h=ff7469c ]

Merge pull request #246 from jbonofre/KARAF-7215

[KARAF-7215] Upgrade to prometheus 0.11.0;;;","06/Jul/21 11:22;githubbot;jbonofre merged pull request #246:
URL: https://github.com/apache/karaf-decanter/pull/246


   


-- 
This is an automated message from the Apache Git Service.
To respond to the message, please log on to GitHub and use the
URL above to go to the specific comment.

To unsubscribe, e-mail: commits-unsubscribe@karaf.apache.org

For queries about this service, please contact Infrastructure at:
users@infra.apache.org
;;;",,,,,,,,,,,,,,,,,,,,,,
Upgrade to maven-bundle-plugin 5.1.2,KARAF-7078,13367001,,Dependency upgrade,Resolved,KARAF,Karaf,software,jbonofre,,http://karaf.apache.org,Major,Fixed,jbonofre,jbonofre,jbonofre,23/Mar/21 14:01,27/Mar/21 18:02,06/Sep/26 16:38,27/Mar/21 18:02,,,,,,4.2.12,4.3.1,cave-4.2.2,cellar-4.2.2,decanter-2.8.0,cave,cellar,decanter,karaf,,0,,,,,,,,,,,,,,,,,,,,,,,,,,,,,,,,,,,,,,,,,,,,,,,,,,0.0,,,,,,,,,,,,,,,,,,,,,,no_permission,,,,,,,,,,,,,,,,,,,,,9223372036854775807,,,,Sat Mar 27 18:01:30 UTC 2021,,,,,,,,,,0|z0p3bs:,9223372036854775807,,,,,,,,,,,,4.2.12,4.3.1,cave-4.2.2,cellar-4.2.2,decanter-2.8.0,,,,,,,,24/Mar/21 15:00;jbonofre;maven-bundle-plugin 5.1.2 is currently on vote. I hope to be able to close the vote before Karaf 4.3.1 release.;;;,"27/Mar/21 06:21;githubbot;jbonofre opened a new pull request #1340:
URL: https://github.com/apache/karaf/pull/1340


   


-- 
This is an automated message from the Apache Git Service.
To respond to the message, please log on to GitHub and use the
URL above to go to the specific comment.

For queries about this service, please contact Infrastructure at:
users@infra.apache.org
;;;","27/Mar/21 16:14;jira-bot;Commit ad58e26fbbf79ad4d53cecf6d4914652f5b5e8dd in karaf's branch refs/heads/main from jbonofre
[ https://gitbox.apache.org/repos/asf?p=karaf.git;h=ad58e26 ]

[KARAF-7078] Upgrade to maven-bundle-plugin 5.1.2
;;;","27/Mar/21 16:14;jira-bot;Commit 42a80493974b15d8dffa785f5379c1f5692659b2 in karaf's branch refs/heads/main from Jean-Baptiste Onofré
[ https://gitbox.apache.org/repos/asf?p=karaf.git;h=42a8049 ]

Merge pull request #1340 from jbonofre/KARAF-7078

[KARAF-7078] Upgrade to maven-bundle-plugin 5.1.2;;;","27/Mar/21 16:14;jira-bot;Commit 42a80493974b15d8dffa785f5379c1f5692659b2 in karaf's branch refs/heads/main from Jean-Baptiste Onofré
[ https://gitbox.apache.org/repos/asf?p=karaf.git;h=42a8049 ]

Merge pull request #1340 from jbonofre/KARAF-7078

[KARAF-7078] Upgrade to maven-bundle-plugin 5.1.2;;;","27/Mar/21 16:14;githubbot;jbonofre merged pull request #1340:
URL: https://github.com/apache/karaf/pull/1340


   


-- 
This is an automated message from the Apache Git Service.
To respond to the message, please log on to GitHub and use the
URL above to go to the specific comment.

For queries about this service, please contact Infrastructure at:
users@infra.apache.org
;;;","27/Mar/21 16:15;jira-bot;Commit 51ce3d87f099d46e8e9793f9ccedd3add433d3ec in karaf's branch refs/heads/karaf-4.2.x from jbonofre
[ https://gitbox.apache.org/repos/asf?p=karaf.git;h=51ce3d8 ]

[KARAF-7078] Upgrade to maven-bundle-plugin 5.1.2

(cherry picked from commit ad58e26fbbf79ad4d53cecf6d4914652f5b5e8dd)
;;;","27/Mar/21 17:41;githubbot;jbonofre opened a new pull request #244:
URL: https://github.com/apache/karaf-decanter/pull/244


   


-- 
This is an automated message from the Apache Git Service.
To respond to the message, please log on to GitHub and use the
URL above to go to the specific comment.

For queries about this service, please contact Infrastructure at:
users@infra.apache.org
;;;","27/Mar/21 17:50;githubbot;jbonofre opened a new pull request #41:
URL: https://github.com/apache/karaf-cave/pull/41


   


-- 
This is an automated message from the Apache Git Service.
To respond to the message, please log on to GitHub and use the
URL above to go to the specific comment.

For queries about this service, please contact Infrastructure at:
users@infra.apache.org
;;;","27/Mar/21 17:53;githubbot;jbonofre opened a new pull request #83:
URL: https://github.com/apache/karaf-cellar/pull/83


   


-- 
This is an automated message from the Apache Git Service.
To respond to the message, please log on to GitHub and use the
URL above to go to the specific comment.

For queries about this service, please contact Infrastructure at:
users@infra.apache.org
;;;","27/Mar/21 17:53;jira-bot;Commit f9ef72ed6fc25dd1fbe2b23c520009479a36f780 in karaf-cave's branch refs/heads/main from jbonofre
[ https://gitbox.apache.org/repos/asf?p=karaf-cave.git;h=f9ef72e ]

[KARAF-7078] Upgrade to maven-bundle-plugin 5.1.2
;;;","27/Mar/21 17:53;githubbot;jbonofre merged pull request #41:
URL: https://github.com/apache/karaf-cave/pull/41


   


-- 
This is an automated message from the Apache Git Service.
To respond to the message, please log on to GitHub and use the
URL above to go to the specific comment.

For queries about this service, please contact Infrastructure at:
users@infra.apache.org
;;;","27/Mar/21 17:53;jira-bot;Commit 2962ac9c558bf05f1475eac962fbf27dbd2d5cb7 in karaf-cave's branch refs/heads/main from Jean-Baptiste Onofré
[ https://gitbox.apache.org/repos/asf?p=karaf-cave.git;h=2962ac9 ]

Merge pull request #41 from jbonofre/KARAF-7078

[KARAF-7078] Upgrade to maven-bundle-plugin 5.1.2;;;","27/Mar/21 17:54;jira-bot;Commit 2962ac9c558bf05f1475eac962fbf27dbd2d5cb7 in karaf-cave's branch refs/heads/main from Jean-Baptiste Onofré
[ https://gitbox.apache.org/repos/asf?p=karaf-cave.git;h=2962ac9 ]

Merge pull request #41 from jbonofre/KARAF-7078

[KARAF-7078] Upgrade to maven-bundle-plugin 5.1.2;;;","27/Mar/21 17:54;jira-bot;Commit 22d6776c90a64a543ac6b24c79cff1641d2c01d3 in karaf-cellar's branch refs/heads/main from jbonofre
[ https://gitbox.apache.org/repos/asf?p=karaf-cellar.git;h=22d6776 ]

[KARAF-7078] Upgrade to maven-bundle-plugin 5.1.2
;;;","27/Mar/21 17:54;jira-bot;Commit 2a44d1a53b15c23781bcb4a49a27ddfeda3d401e in karaf-cellar's branch refs/heads/main from Jean-Baptiste Onofré
[ https://gitbox.apache.org/repos/asf?p=karaf-cellar.git;h=2a44d1a ]

Merge pull request #83 from jbonofre/KARAF-7078

[KARAF-7078] Upgrade to maven-bundle-plugin 5.1.2;;;","27/Mar/21 17:54;jira-bot;Commit 2a44d1a53b15c23781bcb4a49a27ddfeda3d401e in karaf-cellar's branch refs/heads/main from Jean-Baptiste Onofré
[ https://gitbox.apache.org/repos/asf?p=karaf-cellar.git;h=2a44d1a ]

Merge pull request #83 from jbonofre/KARAF-7078

[KARAF-7078] Upgrade to maven-bundle-plugin 5.1.2;;;","27/Mar/21 17:54;githubbot;jbonofre merged pull request #83:
URL: https://github.com/apache/karaf-cellar/pull/83


   


-- 
This is an automated message from the Apache Git Service.
To respond to the message, please log on to GitHub and use the
URL above to go to the specific comment.

For queries about this service, please contact Infrastructure at:
users@infra.apache.org
;;;","27/Mar/21 18:01;jira-bot;Commit d3d3aee24d7bf01606b9792bba04e63dc7d92207 in karaf-decanter's branch refs/heads/main from jbonofre
[ https://gitbox.apache.org/repos/asf?p=karaf-decanter.git;h=d3d3aee ]

[KARAF-7078] Upgrade to maven-bundle-plugin 5.1.2
;;;","27/Mar/21 18:01;jira-bot;Commit 9253d317fb0b58be45041ce3920cd5bb62647794 in karaf-decanter's branch refs/heads/main from Jean-Baptiste Onofré
[ https://gitbox.apache.org/repos/asf?p=karaf-decanter.git;h=9253d31 ]

Merge pull request #244 from jbonofre/KARAF-7078

[KARAF-7078] Upgrade to maven-bundle-plugin 5.1.2;;;","27/Mar/21 18:01;jira-bot;Commit 9253d317fb0b58be45041ce3920cd5bb62647794 in karaf-decanter's branch refs/heads/main from Jean-Baptiste Onofré
[ https://gitbox.apache.org/repos/asf?p=karaf-decanter.git;h=9253d31 ]

Merge pull request #244 from jbonofre/KARAF-7078

[KARAF-7078] Upgrade to maven-bundle-plugin 5.1.2;;;","27/Mar/21 18:01;githubbot;jbonofre merged pull request #244:
URL: https://github.com/apache/karaf-decanter/pull/244


   


-- 
This is an automated message from the Apache Git Service.
To respond to the message, please log on to GitHub and use the
URL above to go to the specific comment.

For queries about this service, please contact Infrastructure at:
users@infra.apache.org
;;;",,,,,,
Upgrade to jline 3.21.0,KARAF-7143,13377268,,Dependency upgrade,Resolved,KARAF,Karaf,software,jbonofre,,http://karaf.apache.org,Major,Fixed,jbonofre,jbonofre,jbonofre,07/May/21 15:54,23/Nov/21 15:57,06/Sep/26 16:38,23/Nov/21 15:57,,,,,,4.3.4,4.4.0,,,,karaf,,,,,0,,,,,,,,,,,,,,,,,,,,,,,KARAF-6913,,,,,,,,,,,,,,,,,,,,,,,,,,,0.0,,,,,,,,,,,,,,,,,,,,,,no_permission,,,,,,,,,,,,,,,,,,,,,9223372036854775807,,,,Tue Nov 23 15:56:41 UTC 2021,,,,,,,,,,0|z0qtwo:,9223372036854775807,,,,,,,,,,,,4.3.4,4.4.0,,,,,,,,,,,13/Jun/21 08:34;jbonofre;We need to update jline (at least extending the import range) to fully support Jansi 3.x.;;;,"23/Nov/21 15:55;githubbot;jbonofre merged pull request #1453:
URL: https://github.com/apache/karaf/pull/1453


   


-- 
This is an automated message from the Apache Git Service.
To respond to the message, please log on to GitHub and use the
URL above to go to the specific comment.

To unsubscribe, e-mail: commits-unsubscribe@karaf.apache.org

For queries about this service, please contact Infrastructure at:
users@infra.apache.org
;;;","23/Nov/21 15:55;jira-bot;Commit c4720bd54eeffea8f53df202899b9b521ad3c8dd in karaf's branch refs/heads/main from Jean-Baptiste Onofré
[ https://gitbox.apache.org/repos/asf?p=karaf.git;h=c4720bd ]

[KARAF-7143] Upgrade to jline 3.21.0
;;;","23/Nov/21 15:55;jira-bot;Commit e6cffcc42f6afc337209b8366d1a9113d02eb4f7 in karaf's branch refs/heads/main from Jean-Baptiste Onofré
[ https://gitbox.apache.org/repos/asf?p=karaf.git;h=e6cffcc ]

Merge pull request #1453 from jbonofre/KARAF-7143

[KARAF-7143] Upgrade to jline 3.21.0;;;","23/Nov/21 15:56;jira-bot;Commit dc6f50847eb122ed2c1764a31c9ff5e063b1bf06 in karaf's branch refs/heads/karaf-4.3.x from Jean-Baptiste Onofré
[ https://gitbox.apache.org/repos/asf?p=karaf.git;h=dc6f508 ]

[KARAF-7143] Upgrade to jline 3.21.0

(cherry picked from commit c4720bd54eeffea8f53df202899b9b521ad3c8dd)
;;;",,,,,,,,,,,,,,,,,,,,,,,
Upgrade maven-assembly-plugin to 3.6.0,KARAF-7756,13551707,,Dependency upgrade,Resolved,KARAF,Karaf,software,jbonofre,,http://karaf.apache.org,Major,Duplicate,,nite,nite,22/Sep/23 21:22,23/Sep/23 05:29,06/Sep/26 16:38,23/Sep/23 05:29,,,,,,,,,,,karaf,,,,,0,,,,,,,"https://issues.apache.org/jira/secure/ReleaseNote.jspa?projectId=12317220&version=12352065
https://issues.apache.org/jira/secure/ReleaseNote.jspa?projectId=12317220&version=12352952",,,,,,,,,,,,,,,,,,,,,,,KARAF-7751,,,,,,,,,,,,,,,,,,,,0.0,,,,,,,,,,,,,,,,,,,,,,no_permission,,,,,,,,,,,,,,,,,,,,,9223372036854775807,,,,Sat Sep 23 05:29:12 UTC 2023,,,,,,,,,,0|z1kjag:,9223372036854775807,,,,,,,,,,,,,,,,,,,,,,,,"22/Sep/23 21:24;githubbot;rovarga opened a new pull request, #1773:
URL: https://github.com/apache/karaf/pull/1773

   Signed-off-by: Robert Varga <robert.varga@pantheon.tech>
   


;;;","23/Sep/23 05:29;githubbot;jbonofre commented on PR #1773:
URL: https://github.com/apache/karaf/pull/1773#issuecomment-1732219809

   Already covered by https://github.com/apache/karaf/pull/1769


;;;","23/Sep/23 05:29;githubbot;jbonofre closed pull request #1773: [KARAF-7756]: Upgrade maven-assembly-plugin to 3.6.0
URL: https://github.com/apache/karaf/pull/1773


;;;",,,,,,,,,,,,,,,,,,,,,,,,,
Fix CVE-2023-33201 in BouncyCastle,KARAF-7710,13544088,,Bug,Resolved,KARAF,Karaf,software,jbonofre,,http://karaf.apache.org,Major,Fixed,jbonofre,coheigea,coheigea,19/Jul/23 09:01,21/Jul/23 06:01,06/Sep/26 16:38,21/Jul/23 06:00,4.4.3,,,,,4.3.10,4.4.4,,,,karaf,,,,,0,,,,,,,"Karaf 4.4.3 uses BouncyCastle 1.70 which is vulnerable to CVE-2023-33201.

I'll submit a PR to update to 1.75, which also involves changing the maven groupid from jdk15on to jdk18on.",,,,,,,,,,,,,,,,,,,,,,,,,,,,,,,,,,,,,,,,,,,0.0,,,,,,,,,,,,,,,,,,,,,,no_permission,,,,,,,,,,,,,,,,,,,,,9223372036854775807,,,,Fri Jul 21 06:00:12 UTC 2023,,,,,,,,,,0|z1j8nk:,9223372036854775807,,,,,,,,,,,,,,,,,,,,,,,,"19/Jul/23 09:02;githubbot;coheigea opened a new pull request, #1726:
URL: https://github.com/apache/karaf/pull/1726

   (no comment)


;;;","21/Jul/23 05:59;githubbot;jbonofre merged PR #1726:
URL: https://github.com/apache/karaf/pull/1726


;;;","21/Jul/23 05:59;jira-bot;Commit 7a5ff94052c6963a65b9cc5469d2f83f0cd5bf51 in karaf's branch refs/heads/main from Colm O hEigeartaigh
[ https://gitbox.apache.org/repos/asf?p=karaf.git;h=7a5ff94052 ]

KARAF-7710 - Update BouncyCastle to 1.75
;;;","21/Jul/23 05:59;jira-bot;Commit 997a909f5fc3b7d620f9f866ae20beb64316614e in karaf's branch refs/heads/main from JB Onofré
[ https://gitbox.apache.org/repos/asf?p=karaf.git;h=997a909f5f ]

Merge pull request #1726 from coheigea/coheigea/KARAF-7710

KARAF-7710 - Update BouncyCastle to 1.75;;;","21/Jul/23 06:00;jira-bot;Commit 5367d884e0009365a3d62fc307bae3d155dc258b in karaf's branch refs/heads/karaf-4.3.x from Colm O hEigeartaigh
[ https://gitbox.apache.org/repos/asf?p=karaf.git;h=5367d884e0 ]

KARAF-7710 - Update BouncyCastle to 1.75

(cherry picked from commit 7a5ff94052c6963a65b9cc5469d2f83f0cd5bf51)
;;;",,,,,,,,,,,,,,,,,,,,,,,
Upgrade to commons-io 2.10.0,KARAF-7167,13381076,,Dependency upgrade,Resolved,KARAF,Karaf,software,jbonofre,,http://karaf.apache.org,Major,Fixed,jbonofre,jbonofre,jbonofre,29/May/21 04:53,14/Jun/21 08:28,06/Sep/26 16:38,14/Jun/21 08:28,,,,,,4.2.12,4.3.3,,,,karaf,,,,,0,,,,,,,,,,,,,,,,,,,,,,,,,,,,,,,,,,,,,,,,,,,,,,,,,,0.0,,,,,,,,,,,,,,,,,,,,,,no_permission,,,,,,,,,,,,,,,,,,,,,9223372036854775807,,,,Mon Jun 14 08:25:05 UTC 2021,,,,,,,,,,0|z0rhds:,9223372036854775807,,,,,,,,,,,,4.2.12,4.3.3,,,,,,,,,,,"31/May/21 08:53;githubbot;jbonofre opened a new pull request #1385:
URL: https://github.com/apache/karaf/pull/1385


   


-- 
This is an automated message from the Apache Git Service.
To respond to the message, please log on to GitHub and use the
URL above to go to the specific comment.

For queries about this service, please contact Infrastructure at:
users@infra.apache.org
;;;","31/May/21 09:55;olli;[~jbonofre], No issues observed with this upgrade due to IO-734 and IO-735?;;;","31/May/21 15:08;githubbot;jbonofre commented on pull request #1385:
URL: https://github.com/apache/karaf/pull/1385#issuecomment-851549328


   commons-io needs a new import which actually should be optional (`com.sun.nio`).


-- 
This is an automated message from the Apache Git Service.
To respond to the message, please log on to GitHub and use the
URL above to go to the specific comment.

For queries about this service, please contact Infrastructure at:
users@infra.apache.org
;;;","07/Jun/21 13:13;githubbot;jbonofre commented on pull request #1385:
URL: https://github.com/apache/karaf/pull/1385#issuecomment-855915960


   commons-io 2.10.0 will be released soon with the fix on the OSGi headers.


-- 
This is an automated message from the Apache Git Service.
To respond to the message, please log on to GitHub and use the
URL above to go to the specific comment.

For queries about this service, please contact Infrastructure at:
users@infra.apache.org
;;;",07/Jun/21 13:14;jbonofre;commons-io 2.10.0 will be released soon fixing OSGi headers issue.;;;,"14/Jun/21 08:22;jira-bot;Commit d9e0ba09ca4efc98a18d7faab5396cabd308efbd in karaf's branch refs/heads/main from jbonofre
[ https://gitbox.apache.org/repos/asf?p=karaf.git;h=d9e0ba0 ]

[KARAF-7167] Upgrade to commons-io 2.10.0-SNAPSHOT
;;;","14/Jun/21 08:22;jira-bot;Commit 394dffc65a4ba4d2572d12fef3fa53b049a0914f in karaf's branch refs/heads/main from Jean-Baptiste Onofré
[ https://gitbox.apache.org/repos/asf?p=karaf.git;h=394dffc ]

Merge pull request #1385 from jbonofre/KARAF-7167

[KARAF-7167] Upgrade to commons-io 2.10.0;;;","14/Jun/21 08:22;jira-bot;Commit 394dffc65a4ba4d2572d12fef3fa53b049a0914f in karaf's branch refs/heads/main from Jean-Baptiste Onofré
[ https://gitbox.apache.org/repos/asf?p=karaf.git;h=394dffc ]

Merge pull request #1385 from jbonofre/KARAF-7167

[KARAF-7167] Upgrade to commons-io 2.10.0;;;","14/Jun/21 08:22;githubbot;jbonofre merged pull request #1385:
URL: https://github.com/apache/karaf/pull/1385


   


-- 
This is an automated message from the Apache Git Service.
To respond to the message, please log on to GitHub and use the
URL above to go to the specific comment.

For queries about this service, please contact Infrastructure at:
users@infra.apache.org
;;;","14/Jun/21 08:25;jira-bot;Commit 0b19c88cc121758b625d55f51217353c816839b0 in karaf's branch refs/heads/karaf-4.2.x from jbonofre
[ https://gitbox.apache.org/repos/asf?p=karaf.git;h=0b19c88 ]

[KARAF-7167] Upgrade to commons-io 2.10.0-SNAPSHOT

(cherry picked from commit d9e0ba09ca4efc98a18d7faab5396cabd308efbd)
;;;",,,,,,,,,,,,,,,,,,
WebContainer NullPointerException on deploying Spring Boot WAR sample application,KARAF-7400,13432252,,Bug,Open,KARAF,Karaf,software,jbonofre,,http://karaf.apache.org,Major,,jbonofre,eloy_iv,eloy_iv,06/Mar/22 10:42,28/Mar/24 13:17,06/Sep/26 16:38,,4.3.6,,,,,,,,,,karaf,,,,,0,,,,,,,"I am following the steps on https://karaf.apache.org/manual/latest/webcontainer to deploy a simple Spring Booot WAR.

I download the Spring Booot sample from https://start.spring.io/ and {{mvn install it}}.

Then I execute:

{code}
bundle:install -s ""webbundle:mvn:org.example.osgi/spring.boot.demo.three/0.0.1-SNAPSHOT/war?Bundle-SymbolicName=demo-three&Web-ContextPath=/three""
{code}

I get this error:
{code}
10:31:34.124 INFO  [paxweb-extender-1-thread-1] will add org.apache.jasper.servlet.JasperInitializer to ServletContainerInitializers                                                         
10:31:34.124 INFO  [paxweb-extender-1-thread-1] Skipt org.apache.jasper.servlet.JasperInitializer, because specialized handler will be present
10:31:34.124 INFO  [paxweb-extender-1-thread-1] will add org.eclipse.jetty.websocket.server.NativeWebSocketServletContainerInitializer to ServletContainerInitializers
10:31:34.125 INFO  [paxweb-extender-1-thread-1] added ServletContainerInitializer: org.eclipse.jetty.websocket.server.NativeWebSocketServletContainerInitializer
10:31:34.125 INFO  [paxweb-extender-1-thread-1] will add org.eclipse.jetty.websocket.jsr356.server.deploy.WebSocketServerContainerInitializer to ServletContainerInitializers
10:31:34.267 ERROR [paxweb-extender-1-thread-1] Exception starting HttpContext registration
java.lang.NullPointerException
10:31:34.267 ERROR [paxweb-extender-1-thread-1] Error deploying web application
java.lang.NullPointerExceptio
{code}

There is no hint on what is causing this {{NullPointerException}}. I tried to {{log:set TRACE}} but it still gives no further information.

My ultimate goal is to deploy several Spring Boot apps as WARs to let Karaf's Jetty route calls to these apps based on their {{context-path}}.
",,,,,,,,,,,,,,,,,,,,,,,,,,,,,,,,,,,,,,06/Mar/22 10:42;eloy_iv;spring.boot.demo.three.zip;https://issues.apache.org/jira/secure/attachment/13040755/spring.boot.demo.three.zip,,,,,1.0,,,,,,,,,,,,,,,,,,,,,,no_permission,,,,,,,,,,,,,,,,,,,,,9223372036854775807,,,,2022-03-06 10:42:04.0,,,,,,,,,,0|z107xk:,9223372036854775807,,,,,,,,,,,,,,,,,,,,,,,,,,,,,,,,,,,,,,,,,,,,,,,,,,,
Deleting a factory configuration doesn't delete the associated json file,KARAF-7155,13379380,,Bug,Resolved,KARAF,Karaf,software,jbonofre,,http://karaf.apache.org,Major,Cannot Reproduce,jbonofre,jassuncao,jassuncao,19/May/21 22:33,12/Dec/21 06:08,06/Sep/26 16:38,01/Dec/21 12:25,4.3.2,,,,,4.3.3,,,,,karaf,,,,,0,,,,,,,"Deleting a factory configuration created with json  as the file type will leave the respective json file in the file system. This occurs  either via config:delete  or webconsole. If Karaf is restarted, the configuration will be recreated. 

 ",,,,,,,,,,,,,,,,,,,,,,,,,,,,,,,,,,,,,,,,,,,0.0,,,,,,,,,,,,,,,,,,,,,,no_permission,,,,,,,,,,,,,,,,,,,,,9223372036854775807,,,,Sun Dec 12 06:08:54 UTC 2021,,,,,,,,,,0|z0r6xk:,9223372036854775807,,,,,,,,,,,,,,,,,,,,,,,,20/May/21 04:01;jbonofre;Thanks for the report. Let me check.;;;,"23/May/21 15:12;githubbot;jassuncao opened a new pull request #1379:
URL: https://github.com/apache/karaf/pull/1379


   JsonConfigInstaller keeps tracks of configurations that are associated
   to a json file. When the configuration is deleted it will try to delete
   the file.


-- 
This is an automated message from the Apache Git Service.
To respond to the message, please log on to GitHub and use the
URL above to go to the specific comment.

For queries about this service, please contact Infrastructure at:
users@infra.apache.org
;;;","08/Jun/21 13:38;githubbot;jbonofre commented on pull request #1379:
URL: https://github.com/apache/karaf/pull/1379#issuecomment-856775796


   @jassuncao what about using `felix.fileinstall.filename` to delete the file ? This way we don't have to store the factory/pid in the map, just read the `felix.fileinstall.filename` from the properties and remove it.
   It's the fix I did.
   Thoughts ?


-- 
This is an automated message from the Apache Git Service.
To respond to the message, please log on to GitHub and use the
URL above to go to the specific comment.

For queries about this service, please contact Infrastructure at:
users@infra.apache.org
;;;","08/Jun/21 16:13;githubbot;jassuncao commented on pull request #1379:
URL: https://github.com/apache/karaf/pull/1379#issuecomment-856905707


   @jbonofre I had the idea configuration properties wouldn't be available after receiving a ConfigurationEvent.CM_DELETED. I'm almost sure I attempted that, but I might have missed something,


-- 
This is an automated message from the Apache Git Service.
To respond to the message, please log on to GitHub and use the
URL above to go to the specific comment.

For queries about this service, please contact Infrastructure at:
users@infra.apache.org
;;;","14/Jun/21 08:05;githubbot;jbonofre commented on pull request #1379:
URL: https://github.com/apache/karaf/pull/1379#issuecomment-859998014


   @jassuncao thanks, let me try something and I will let you know.


-- 
This is an automated message from the Apache Git Service.
To respond to the message, please log on to GitHub and use the
URL above to go to the specific comment.

For queries about this service, please contact Infrastructure at:
users@infra.apache.org
;;;","31/Aug/21 05:44;jbonofre;Can you describe your use case ?

I just tested and it seems to work for me ;)

Here's what I did:
 # I created a configuration file {{etc/my.config-foo.json}} 
 # I deleted the configuration (with the UUID): {{config:delete my.config.31132131321}}
 # The json file is deleted from the {{etc}} folder

Do you use something different ?;;;",31/Aug/21 05:50;jbonofre;I'm testing with ~ notation.;;;,"31/Aug/21 06:02;jbonofre;I tried also the following:
 # I created a configuration file {{etc/my.config~foo.json}}
 # I deleted the configuration with {{config:delete my.config~foo}}
 # The json file is deleted from the {{etc}} folder

It looks good to me as well.;;;",31/Aug/21 06:44;jassuncao;Not in front of a computer but from what I can remember I was creating the configs via web console. I think it also occurred when creating config via config: edit. Those wouldn't have the felix file install property I think. ;;;,"07/Oct/21 12:34;jbonofre;OK, without felix.fileinstall.filename property, we might have an issue, but it's surprising. Let me try again using webconsole and config:edit command.;;;",22/Nov/21 16:08;jbonofre;[~jassuncao] any update about this one ?;;;,01/Dec/21 12:24;jassuncao;Unable to reproduce in 4.3.3. ;;;,"01/Dec/21 12:42;jbonofre;[~jassuncao] thanks for the update, same for me ;) AFAIR, I did a fix that could be related.;;;","11/Dec/21 16:31;githubbot;jbonofre commented on pull request #1379:
URL: https://github.com/apache/karaf/pull/1379#issuecomment-991703524


   Actually, it works for me.


-- 
This is an automated message from the Apache Git Service.
To respond to the message, please log on to GitHub and use the
URL above to go to the specific comment.

To unsubscribe, e-mail: commits-unsubscribe@karaf.apache.org

For queries about this service, please contact Infrastructure at:
users@infra.apache.org
;;;","11/Dec/21 16:31;githubbot;jbonofre closed pull request #1379:
URL: https://github.com/apache/karaf/pull/1379


   


-- 
This is an automated message from the Apache Git Service.
To respond to the message, please log on to GitHub and use the
URL above to go to the specific comment.

To unsubscribe, e-mail: commits-unsubscribe@karaf.apache.org

For queries about this service, please contact Infrastructure at:
users@infra.apache.org
;;;","12/Dec/21 06:07;githubbot;jbonofre closed pull request #1379:
URL: https://github.com/apache/karaf/pull/1379


   


-- 
This is an automated message from the Apache Git Service.
To respond to the message, please log on to GitHub and use the
URL above to go to the specific comment.

To unsubscribe, e-mail: commits-unsubscribe@karaf.apache.org

For queries about this service, please contact Infrastructure at:
users@infra.apache.org
;;;","12/Dec/21 06:08;githubbot;jbonofre commented on pull request #1379:
URL: https://github.com/apache/karaf/pull/1379#issuecomment-991703524


   Actually, it works for me.


-- 
This is an automated message from the Apache Git Service.
To respond to the message, please log on to GitHub and use the
URL above to go to the specific comment.

To unsubscribe, e-mail: commits-unsubscribe@karaf.apache.org

For queries about this service, please contact Infrastructure at:
users@infra.apache.org
;;;",,,,,,,,,,,
Upgrade to Apache Commons FileUpload 1.5,KARAF-7679,13528187,,Improvement,Resolved,KARAF,Karaf,software,jbonofre,,http://karaf.apache.org,Major,Duplicate,jbonofre,Ponziani,Ponziani,13/Mar/23 07:49,06/Sep/23 09:32,06/Sep/26 16:38,06/Sep/23 09:32,4.4.3,,,,,,,,,,karaf,,,,,0,,,,,,,"Please upgrade to [Apache Commons FileUpload 1.5|https://commons.apache.org/proper/commons-fileupload/changes-report.html#a1.5], because of [CVE-2023-24998|CVE-2023-24998].

Apache Karaf 4.4.3 is currently reported by the [dependency-check-maven|https://github.com/jeremylong/DependencyCheck] for this CVE",,,,,,,,,,,,,,,,,,,,,,,KARAF-7711,,,,,,,,,,,,,,,,,,,,0.0,,,,,,,,,,,,,,,,,,,,,,no_permission,,,,,,,,,,,,,,,,,,,,,9223372036854775807,,,,2023-03-13 07:49:50.0,,,,,,,,,,0|z1gj08:,9223372036854775807,,,,,,,,,,,,,,,,,,,,,,,,,,,,,,,,,,,,,,,,,,,,,,,,,,,
Upgrade to CXF 3.5.5,KARAF-7625,13514716,,Dependency upgrade,Resolved,KARAF,Karaf,software,jbonofre,,http://karaf.apache.org,Major,Fixed,jbonofre,andreschlegel,andreschlegel,19/Dec/22 09:52,19/Dec/22 17:09,06/Sep/26 16:38,19/Dec/22 17:09,,,,,,4.3.9,4.4.3,,,,karaf,,,,,0,,,,,,,"In CXF are two new security vulnerabilities reportet ([https://nvd.nist.gov/vuln/detail/CVE-2022-46363,] [https://nvd.nist.gov/vuln/detail/CVE-2022-46364)|https://nvd.nist.gov/vuln/detail/CVE-2022-46364]

So CXF should be updated to Version 3.5.5.

FYI [~jbonofre] ",,,,,,,,,,,,,,,,,,,,,,,,,,,,,,,,,,,,,,,,,,,0.0,,,,,,,,,,,,,,,,,,,,,,no_permission,,,,,,,,,,,,,Important,,,,,,,,9223372036854775807,,,,Mon Dec 19 17:07:19 UTC 2022,,,,,,,,,,0|z1e8e8:,9223372036854775807,,,,,,,,,,,,4.3.9,4.4.3,,,,,,,,,,,19/Dec/22 09:55;jbonofre;Thanks for the report ! I'm tackling this.;;;,"19/Dec/22 12:44;jbonofre;NB: Karaf doesn't directly provide or use CXF in the core (only for examples). So, users can always decide the CXF version they want to use.;;;","19/Dec/22 17:05;githubbot;jbonofre merged PR #1699:
URL: https://github.com/apache/karaf/pull/1699


;;;","19/Dec/22 17:05;jira-bot;Commit 4864e8a7b9a90a7e21c9a8882f4667cea2fde3a1 in karaf's branch refs/heads/main from Jean-Baptiste Onofré
[ https://gitbox.apache.org/repos/asf?p=karaf.git;h=4864e8a7b9 ]

[KARAF-7625] Upgrade to CXF 3.5.5
;;;","19/Dec/22 17:05;jira-bot;Commit 3e3ccd2a2705acef95aacd2c6788cd6b33ea844c in karaf's branch refs/heads/main from Jean-Baptiste Onofré
[ https://gitbox.apache.org/repos/asf?p=karaf.git;h=3e3ccd2a27 ]

Merge pull request #1699 from jbonofre/KARAF-7625

[KARAF-7625] Upgrade to CXF 3.5.5;;;","19/Dec/22 17:07;jira-bot;Commit 7d37ae4a4e284457266b5a6738b4315f7296ea80 in karaf's branch refs/heads/karaf-4.3.x from Jean-Baptiste Onofré
[ https://gitbox.apache.org/repos/asf?p=karaf.git;h=7d37ae4a4e ]

[KARAF-7625] Upgrade to CXF 3.5.5

(cherry picked from commit 4864e8a7b9a90a7e21c9a8882f4667cea2fde3a1)
;;;",,,,,,,,,,,,,,,,,,,,,,
Karaf 4.3.1 Display Errors When Framework Security is enabled,KARAF-7110,13373420,,Bug,Closed,KARAF,Karaf,software,jbonofre,,http://karaf.apache.org,Blocker,Duplicate,,wmegdich,wmegdich,18/Apr/21 23:59,19/Apr/21 00:14,06/Sep/26 16:38,19/Apr/21 00:14,4.3.1,,,,,,,,,,karaf,,,,,0,,,,,,,"Dears,

 

When enabling karaf framework-security feature and start karaf, the errors below are displayed in the log.
 * Configuration:
 ** Java Version: JDK 11
 ** Karaf Version: 4.3.1
 ** etc/system properties is configured as follows: _java.security.policy==${karaf.etc}/all.policy_

_org.osgi.framework.security=osgi_


 
 * When using Equinox as framework I get this error: _*ERROR* [CM Configuration Updater (Update: pid=org.ops4j.pax.logging)] Unexpected problem calling configuration plugin [org.osgi.service.cm.ConfigurationPlugin, id=108, bundle=26/mvn:org.apache.karaf.config/org.apache.karaf.config.core/4.3.1]_ _java.security.AccessControlException: access denied (""java.lang.RuntimePermission"" ""getenv.ORG_OPS4J_PAX_LOGGING_COLOR_DEBUG"")_

 * When using Felix as framework I get this one: _[CM Configuration Updater (Update: pid=org.ops4j.pax.logging)] Unexpected problem calling configuration plugin [org.osgi.service.cm.ConfigurationPlugin, id=31, bundle=26/mvn:org.apache.karaf.config/org.apache.karaf.config.core/4.3.1]__java.security.AccessControlException: access denied (""java.lang.RuntimePermission"" ""getenv.ORG_OPS4J_PAX_LOGGING_COLOR_DEBUG"")_ _at java.security.AccessControlContext.checkPermission(AccessControlContext.java:472) ~[?:?]_

Please note, that such configuration is well working with Karaf 4.1.0 and I get this error when upgrading to Karaf 4.3.1.

 

Do you have any idea about the cause of these errors ?

 

Thank you in advance.

Best Regards.

 ",,,,,,,,,,,,,,,,,,,,,,,,,,,,,,,,,,,,,,,,,,,0.0,,,,,,,,,,,,,,,,,,,,,,no_permission,,,,,,,,,,,,,,,,,,,,,9223372036854775807,,,,2021-04-18 23:59:56.0,,,,,,,,,,0|z0q67c:,9223372036854775807,,,,,,,,,,,,,,,,,,,,,,,,,,,,,,,,,,,,,,,,,,,,,,,,,,,
InfluxDB appender doesn't start correctly,KARAF-7127,13375781,,Bug,Resolved,KARAF,Karaf,software,jbonofre,,http://karaf.apache.org,Major,Fixed,jbonofre,jbonofre,jbonofre,29/Apr/21 08:48,07/Sep/21 16:02,06/Sep/26 16:38,07/Sep/21 16:02,,,,,,decanter-2.8.0,,,,,decanter,,,,,0,,,,,,,"InfluxDB appender doesn't start correctly due to missing private packages:
{code:java}
20:13:23.124 ERROR [EventAdminAsyncThread #18] bundle org.apache.karaf.decanter.appender.influxdb:2.5.0 (335)[org.apache.karaf.decanter.appender.influxdb(2)] : The activate method has thrown an exception
java.lang.NoClassDefFoundError: Could not initialize class org.influxdb.impl.InfluxDBImpl
        at org.influxdb.InfluxDBFactory.connect(InfluxDBFactory.java:30) ~[?:?]
        at org.apache.karaf.decanter.appender.influxdb.InfluxDbAppender.activate(InfluxDbAppender.java:74) ~[?:?]
        at org.apache.karaf.decanter.appender.influxdb.InfluxDbAppender.activate(InfluxDbAppender.java:54) ~[?:?]
        at sun.reflect.GeneratedMethodAccessor13.invoke(Unknown Source) ~[?:?]
        at sun.reflect.DelegatingMethodAccessorImpl.invoke(DelegatingMethodAccessorImpl.java:43) ~[?:1.8.0_222]
        at java.lang.reflect.Method.invoke(Method.java:498) ~[?:1.8.0_222]
        at org.apache.felix.scr.impl.inject.methods.BaseMethod.invokeMethod(BaseMethod.java:228) ~[bundleFile:?]
        at org.apache.felix.scr.impl.inject.methods.BaseMethod.access$500(BaseMethod.java:41) ~[bundleFile:?]
        at org.apache.felix.scr.impl.inject.methods.BaseMethod$Resolved.invoke(BaseMethod.java:664) ~[bundleFile:?]
        at org.apache.felix.scr.impl.inject.methods.BaseMethod.invoke(BaseMethod.java:510) [bundleFile:?]
        at org.apache.felix.scr.impl.inject.methods.ActivateMethod.invoke(ActivateMethod.java:317) [bundleFile:?]
        at org.apache.felix.scr.impl.inject.methods.ActivateMethod.invoke(ActivateMethod.java:307) [bundleFile:?]
        at org.apache.felix.scr.impl.manager.SingleComponentManager.createImplementationObject(SingleComponentManager.java:340) [bundleFile:?]
        at org.apache.felix.scr.impl.manager.SingleComponentManager.createComponent(SingleComponentManager.java:114) [bundleFile:?]
        at org.apache.felix.scr.impl.manager.SingleComponentManager.getService(SingleComponentManager.java:982) [bundleFile:?]
        at org.apache.felix.scr.impl.manager.SingleComponentManager.getServiceInternal(SingleComponentManager.java:955) [bundleFile:?]
        at org.apache.felix.scr.impl.manager.SingleComponentManager.getService(SingleComponentManager.java:900) [bundleFile:?]
        at org.eclipse.osgi.internal.serviceregistry.ServiceFactoryUse$1.run(ServiceFactoryUse.java:212) [org.eclipse.osgi-3.12.100.jar:?]
        at java.security.AccessController.doPrivileged(Native Method) [?:1.8.0_222]
        at org.eclipse.osgi.internal.serviceregistry.ServiceFactoryUse.factoryGetService(ServiceFactoryUse.java:210) [org.eclipse.osgi-3.12.100.jar:?]
        at org.eclipse.osgi.internal.serviceregistry.ServiceFactoryUse.getService(ServiceFactoryUse.java:111) [org.eclipse.osgi-3.12.100.jar:?]
        at org.eclipse.osgi.internal.serviceregistry.ServiceConsumer$2.getService(ServiceConsumer.java:45) [org.eclipse.osgi-3.12.100.jar:?]
        at org.eclipse.osgi.internal.serviceregistry.ServiceRegistrationImpl.getService(ServiceRegistrationImpl.java:508) [org.eclipse.osgi-3.12.100.jar:?]
        at org.eclipse.osgi.internal.serviceregistry.ServiceRegistry.getService(ServiceRegistry.java:461) [org.eclipse.osgi-3.12.100.jar:?]
        at org.eclipse.osgi.internal.framework.BundleContextImpl.getService(BundleContextImpl.java:624) [org.eclipse.osgi-3.12.100.jar:?]
        at org.apache.felix.eventadmin.impl.handler.EventHandlerProxy.obtain(EventHandlerProxy.java:286) [bundleFile:?]
        at org.apache.felix.eventadmin.impl.handler.EventHandlerProxy.sendEvent(EventHandlerProxy.java:407) [bundleFile:?]
        at org.apache.felix.eventadmin.impl.tasks.HandlerTask.runWithoutBlacklistTiming(HandlerTask.java:82) [bundleFile:?]
        at org.apache.felix.eventadmin.impl.tasks.SyncDeliverTasks.execute(SyncDeliverTasks.java:104) [bundleFile:?]
        at org.apache.felix.eventadmin.impl.tasks.AsyncDeliverTasks$TaskExecuter.run(AsyncDeliverTasks.java:166) [bundleFile:?]
        at java.util.concurrent.Executors$RunnableAdapter.call(Executors.java:511) [?:1.8.0_222]
        at java.util.concurrent.FutureTask.run(FutureTask.java:266) [?:1.8.0_222]
        at java.util.concurrent.ThreadPoolExecutor.runWorker(ThreadPoolExecutor.java:1149) [?:1.8.0_222]
        at java.util.concurrent.ThreadPoolExecutor$Worker.run(ThreadPoolExecutor.java:624) [?:1.8.0_222]
        at java.lang.Thread.run(Thread.java:748) [?:1.8.0_222] {code}",,,,,,,,,,,,,,,,,,,,,,,,,,,,,,,,,,,,,,,,,,,0.0,,,,,,,,,,,,,,,,,,,,,,no_permission,,,,,,,,,,,,,,,,,,,,,9223372036854775807,,,,Tue Sep 07 16:02:04 UTC 2021,,,,,,,,,,0|z0qkrc:,9223372036854775807,,,,,,,,,,,,decanter-2.8.0,,,,,,,,,,,,"07/Sep/21 16:01;jira-bot;Commit 4b171e40169a3877daa46da0694a97e8d726b67c in karaf-decanter's branch refs/heads/main from Jean-Baptiste Onofré
[ https://gitbox.apache.org/repos/asf?p=karaf-decanter.git;h=4b171e4 ]

[KARAF-7127] Fix influxdb appender headers
;;;","07/Sep/21 16:01;jira-bot;Commit c1a7df21010116d1dc30b292893645cb4cf30ce7 in karaf-decanter's branch refs/heads/main from Jean-Baptiste Onofré
[ https://gitbox.apache.org/repos/asf?p=karaf-decanter.git;h=c1a7df2 ]

Merge pull request #265 from jbonofre/KARAF-7127

[KARAF-7127] Fix influxdb appender headers;;;","07/Sep/21 16:02;githubbot;jbonofre merged pull request #265:
URL: https://github.com/apache/karaf-decanter/pull/265


   


-- 
This is an automated message from the Apache Git Service.
To respond to the message, please log on to GitHub and use the
URL above to go to the specific comment.

To unsubscribe, e-mail: commits-unsubscribe@karaf.apache.org

For queries about this service, please contact Infrastructure at:
users@infra.apache.org
;;;",,,,,,,,,,,,,,,,,,,,,,,,,
Upgrade to commons-lang 3.13.0,KARAF-7743,13549482,,Dependency upgrade,Resolved,KARAF,Karaf,software,jbonofre,,http://karaf.apache.org,Major,Fixed,jbonofre,jbonofre,jbonofre,03/Sep/23 04:34,03/Sep/23 09:25,06/Sep/26 16:38,03/Sep/23 09:25,,,,,,4.3.10,4.4.4,,,,karaf,,,,,0,,,,,,,,,,,,,,,,,,,,,,,,,,,,,,,,,,,,,,,,,,,,,,,,,,0.0,,,,,,,,,,,,,,,,,,,,,,no_permission,,,,,,,,,,,,,,,,,,,,,9223372036854775807,,,,Sun Sep 03 09:25:09 UTC 2023,,,,,,,,,,0|z1k5k8:,9223372036854775807,,,,,,,,,,,,4.3.10,4.4.4,,,,,,,,,,,"03/Sep/23 09:24;jira-bot;Commit 73f0978ab5b0db39522fac9d730ce632247ac24c in karaf's branch refs/heads/main from Jean-Baptiste Onofré
[ https://gitbox.apache.org/repos/asf?p=karaf.git;h=73f0978ab5 ]

KARAF-7743: Upgrade to commons-lang 3.13.0
;;;","03/Sep/23 09:24;jira-bot;Commit 0bdd7bc8d19a6f9baf659134e31e84d4e8a553a3 in karaf's branch refs/heads/main from JB Onofré
[ https://gitbox.apache.org/repos/asf?p=karaf.git;h=0bdd7bc8d1 ]

Merge pull request #1757 from jbonofre/KARAF-7743

KARAF-7743: Upgrade to commons-lang 3.13.0;;;","03/Sep/23 09:25;jira-bot;Commit 71ae19f53d3825b276c8838b17d3b1d4e5944852 in karaf's branch refs/heads/karaf-4.3.x from Jean-Baptiste Onofré
[ https://gitbox.apache.org/repos/asf?p=karaf.git;h=71ae19f53d ]

KARAF-7743: Upgrade to commons-lang 3.13.0

(cherry picked from commit 73f0978ab5b0db39522fac9d730ce632247ac24c)
;;;",,,,,,,,,,,,,,,,,,,,,,,,,
Karaf: Upgrade org.apache.felix.cm.json due to vulnerability,KARAF-7947,13614528,,Dependency upgrade,Resolved,KARAF,Karaf,software,jbonofre,,http://karaf.apache.org,Major,Fixed,jbonofre,lichtin,lichtin,08/Apr/25 08:42,28/Jul/25 05:29,06/Sep/26 16:38,28/Jul/25 05:29,,,,,,4.4.8,4.5.0,,,,karaf,,,,,0,,,,,,,"Karaf: Upgrade org.apache.felix.cm.json due to vulnerability

Version org.apache.felix.cm.json-1.0.6.jar is marked with a vulnerability 

The vulnerability looks like a red-herring, but still users complain, and it will be easier if we could use a slightly newer version.

[Maven Repository: org.apache.felix » org.apache.felix.cm.json|https://mvnrepository.com/artifact/org.apache.felix/org.apache.felix.cm.json]",,,,,,,,,,,,,,,,,,,,,,,,,,,,,,,,,,,,,,,,,,,0.0,,,,,,,,,,,,,,,,,,,,,,no_permission,,,,,,,,,,,,,,,,,,,,,9223372036854775807,,,,Mon Jul 28 05:28:48 UTC 2025,,,,,,,,,,0|z1v8kg:,9223372036854775807,,,,,,,,,,,,4.4.8,4.5.0,,,,,,,,,,,"27/Jul/25 09:04;githubbot;jbonofre opened a new pull request, #1975:
URL: https://github.com/apache/karaf/pull/1975

   (no comment)


;;;","28/Jul/25 05:28;githubbot;jbonofre merged PR #1975:
URL: https://github.com/apache/karaf/pull/1975


;;;","28/Jul/25 05:28;jira-bot;Commit 2ef11ff6a2c95aae1c7770ddb54e9d3309932a02 in karaf's branch refs/heads/main from JB Onofré
[ https://gitbox.apache.org/repos/asf?p=karaf.git;h=2ef11ff6a2 ]

KARAF-7947: Upgrade to Felix CM Json 1.0.8 (#1975)

;;;","28/Jul/25 05:28;jira-bot;Commit a9175c00e72cfe5b38901ca1fcdc1976cadf7ca6 in karaf's branch refs/heads/karaf-4.4.x from JB Onofré
[ https://gitbox.apache.org/repos/asf?p=karaf.git;h=a9175c00e7 ]

KARAF-7947: Upgrade to Felix CM Json 1.0.8 (#1975)

(cherry picked from commit 2ef11ff6a2c95aae1c7770ddb54e9d3309932a02)
;;;",,,,,,,,,,,,,,,,,,,,,,,,
Upgrade to Felix Http Jetty 5.1.34,KARAF-7794,13562817,,Dependency upgrade,Open,KARAF,Karaf,software,jbonofre,,http://karaf.apache.org,Major,,jbonofre,jbonofre,jbonofre,24/Dec/23 06:06,28/Jul/25 06:33,06/Sep/26 16:38,,,,,,,,,,,,karaf,,,,,0,,,,,,,,,,,,,,,,,,,,,,,,,,,,,,,,,,,,,,,,,,,,,,,,,,0.0,,,,,,,,,,,,,,,,,,,,,,no_permission,,,,,,,,,,,,,,,,,,,,,9223372036854775807,,,,2023-12-24 06:06:44.0,,,,,,,,,,0|z1mfgo:,9223372036854775807,,,,,,,,,,,,4.5.0,,,,,,,,,,,,,,,,,,,,,,,,,,,,,,,,,,,,,,,
Upgrade maven artifacts to mitigate CVE-2021-26291,KARAF-7223,13390306,,Dependency upgrade,Resolved,KARAF,Karaf,software,jbonofre,,http://karaf.apache.org,Major,Fixed,jbonofre,karthickm512,karthickm512,18/Jul/21 07:14,14/Oct/22 12:19,06/Sep/26 16:38,14/Oct/22 12:19,4.3.2,,,,,4.3.8,4.4.2,,,,karaf,,,,,0,,,,,,,We are using Apache Karaf 4.3.2 in our project and our security scans report CVE-2021-26291 ([https://nvd.nist.gov/vuln/detail/CVE-2021-26291|https://nvd.nist.gov/vuln/detail/CVE-2021-26291).]) on our package because Karaf by default packs maven 3.6.x. The fix for the specified CVE is Maven 3.8.1+. ([https://maven.apache.org/docs/3.8.1/release-notes.html]) . Apache Karaf should update to use later versions of Maven resolver etc so that this vulnerability is mitigated.,Apache Karaf - OSGi,,,,,,,,,,KARAF-7579,,,,,,,,,,,,,,,,,,,,,,,,,,,,,,,,0.0,,,,,,,,,,,,,,,,,,,,,,no_permission,,,,,,,,,,,,,,,,,,,,,9223372036854775807,,,,Sun Sep 25 12:37:50 UTC 2022,,,,,,,,,,0|z0t26w:,9223372036854775807,,,,,,,,,,,,4.3.8,4.4.2,,,,,,,,,,,"10/Jan/22 12:11;karthickm512;Hi [~jbonofre] , could you please check on pax-url bunch using 3 years old maven artifacts (3.6.x)?

 

 ;;;","25/Sep/22 12:26;karthickm512;Hi, [~jbonofre]  could you please update when karaf is going to pack later maven versions ?;;;",25/Sep/22 12:37;jbonofre;I will.;;;,,,,,,,,,,,,,,,,,,,,,,,,,
Upgrade to Pax JMS 1.1.1,KARAF-7582,13486347,,Dependency upgrade,Resolved,KARAF,Karaf,software,jbonofre,,http://karaf.apache.org,Major,Fixed,jbonofre,jbonofre,jbonofre,14/Oct/22 13:27,14/Oct/22 16:43,06/Sep/26 16:38,14/Oct/22 16:43,,,,,,4.3.8,4.4.2,,,,karaf,,,,,0,,,,,,,,,,,,,,,,,,,,,,,,,,,,,,,,,,,,,,,,,,,,,,,,,,0.0,,,,,,,,,,,,,,,,,,,,,,no_permission,,,,,,,,,,,,,,,,,,,,,9223372036854775807,,,,Fri Oct 14 16:43:42 UTC 2022,,,,,,,,,,0|z19dkw:,9223372036854775807,,,,,,,,,,,,4.3.8,4.4.2,,,,,,,,,,,"14/Oct/22 16:42;githubbot;jbonofre merged PR #1661:
URL: https://github.com/apache/karaf/pull/1661


;;;","14/Oct/22 16:43;jira-bot;Commit 300583e269c2f1c47b6507406f4045ada31da5e4 in karaf's branch refs/heads/main from Jean-Baptiste Onofré
[ https://gitbox.apache.org/repos/asf?p=karaf.git;h=300583e269 ]

[KARAF-7582] Upgrade to Pax JMS 1.1.1
;;;","14/Oct/22 16:43;jira-bot;Commit c8fa29c66a9620992cab0913021c19c7b8fb08da in karaf's branch refs/heads/main from Jean-Baptiste Onofré
[ https://gitbox.apache.org/repos/asf?p=karaf.git;h=c8fa29c66a ]

Merge pull request #1661 from jbonofre/KARAF-7582

[KARAF-7582] Upgrade to Pax JMS 1.1.1;;;","14/Oct/22 16:43;jira-bot;Commit 270910f664fb39f743293f6f83aa59e8bc8ffba9 in karaf's branch refs/heads/karaf-4.3.x from Jean-Baptiste Onofré
[ https://gitbox.apache.org/repos/asf?p=karaf.git;h=270910f664 ]

[KARAF-7582] Upgrade to Pax JMS 1.1.1

(cherry picked from commit 300583e269c2f1c47b6507406f4045ada31da5e4)
;;;",,,,,,,,,,,,,,,,,,,,,,,,
Upgrade to exec-maven-plugin 3.5.0,KARAF-7919,13603649,,Dependency upgrade,Resolved,KARAF,Karaf,software,jbonofre,,http://karaf.apache.org,Major,Fixed,jbonofre,jbonofre,jbonofre,03/Jan/25 06:47,05/Jan/25 06:25,06/Sep/26 16:38,05/Jan/25 06:25,,,,,,4.4.7,4.5.0,,,,karaf,,,,,0,,,,,,,,,,,,,,,,,,,,,,,,,,,,,,,,,,,,,,,,,,,,,,,,,,0.0,,,,,,,,,,,,,,,,,,,,,,no_permission,,,,,,,,,,,,,,,,,,,,,9223372036854775807,,,,Sun Jan 05 06:25:20 UTC 2025,,,,,,,,,,0|z1tdy0:,9223372036854775807,,,,,,,,,,,,4.4.7,4.5.0,,,,,,,,,,,"04/Jan/25 15:31;githubbot;jbonofre opened a new pull request, #1903:
URL: https://github.com/apache/karaf/pull/1903

   (no comment)


;;;","05/Jan/25 06:24;githubbot;jbonofre merged PR #1903:
URL: https://github.com/apache/karaf/pull/1903


;;;","05/Jan/25 06:24;jira-bot;Commit 0e77f9f0e4c059167561a14da4e9465921421736 in karaf's branch refs/heads/main from JB Onofré
[ https://gitbox.apache.org/repos/asf?p=karaf.git;h=0e77f9f0e4 ]

KARAF-7919: Upgrade to exec-maven-plugin 3.5.0
;;;","05/Jan/25 06:24;jira-bot;Commit eb079569d41dc07d33d2f6a72bbd4e783fd3859d in karaf's branch refs/heads/main from JB Onofré
[ https://gitbox.apache.org/repos/asf?p=karaf.git;h=eb079569d4 ]

Merge pull request #1903 from jbonofre/KARAF-7919

KARAF-7919: Upgrade to exec-maven-plugin 3.5.0;;;","05/Jan/25 06:25;jira-bot;Commit 93264cd100cf578213b2236866146eef5934da77 in karaf's branch refs/heads/karaf-4.4.x from JB Onofré
[ https://gitbox.apache.org/repos/asf?p=karaf.git;h=93264cd100 ]

KARAF-7919: Upgrade to exec-maven-plugin 3.5.0

(cherry picked from commit 0e77f9f0e4c059167561a14da4e9465921421736)
;;;",,,,,,,,,,,,,,,,,,,,,,,
Apache Karaf 4.4.6 giving  AuthConfigFactory error when running karaf shell,KARAF-7941,13606191,,IT Help,Resolved,KARAF,Karaf,software,jbonofre,,http://karaf.apache.org,Major,Duplicate,,nshifat,nshifat,24/Jan/25 17:51,20/Feb/25 15:29,06/Sep/26 16:38,20/Feb/25 15:29,,,,,,,,,,,,,,,,0,,,,,,,"Hi,

I have installed Apache karaf 4.4.6 . When I run the karaf shell I get the following error in log. Can you help me what I am missing here


AuthConfigFactory error: java.lang.ClassNotFoundException: org.apache.geronimo.components.jaspi.AuthConfigFactoryImpl not found by org.apache.geronimo.specs.geronimo-jaspic_1.0_spec [319]
java.lang.SecurityException: AuthConfigFactory error: java.lang.ClassNotFoundException: org.apache.geronimo.components.jaspi.AuthConfigFactoryImpl not found by org.apache.geronimo.specs.geronimo-jaspic_1.0_spec [319]
        at javax.security.auth.message.config.AuthConfigFactory.getFactory(AuthConfigFactory.java:77) ~[?:?]
        at org.eclipse.jetty.security.jaspi.JaspiAuthenticatorFactory.getAuthenticator(JaspiAuthenticatorFactory.java:90) ~[?:?]
        at org.eclipse.jetty.security.SecurityHandler.doStart(SecurityHandler.java:388) ~[?:?]
        at org.eclipse.jetty.security.ConstraintSecurityHandler.doStart(ConstraintSecurityHandler.java:417) ~[?:?]
        at org.eclipse.jetty.util.component.AbstractLifeCycle.start(AbstractLifeCycle.java:73) ~[?:?]
        at org.eclipse.jetty.util.component.ContainerLifeCycle.start(ContainerLifeCycle.java:169) ~[?:?]
        at org.eclipse.jetty.util.component.ContainerLifeCycle.doStart(ContainerLifeCycle.java:110) ~[?:?]
        at org.eclipse.jetty.server.handler.AbstractHandler.doStart(AbstractHandler.java:97) ~[?:?]
        at org.eclipse.jetty.server.handler.ScopedHandler.doStart(ScopedHandler.java:120) ~[?:?]
        at org.eclipse.jetty.server.session.SessionHandler.doStart(SessionHandler.java:505) ~[?:?]
        at org.eclipse.jetty.util.component.AbstractLifeCycle.start(AbstractLifeCycle.java:73) ~[?:?]
        at org.eclipse.jetty.util.component.ContainerLifeCycle.start(ContainerLifeCycle.java:169) ~[?:?]
        at org.eclipse.jetty.util.component.ContainerLifeCycle.doStart(ContainerLifeCycle.java:110) ~[?:?]
        at org.eclipse.jetty.server.handler.AbstractHandler.doStart(AbstractHandler.java:97) ~[?:?]
        at org.eclipse.jetty.server.handler.ScopedHandler.doStart(ScopedHandler.java:120) ~[?:?]
        at org.eclipse.jetty.server.handler.ContextHandler.startContext(ContextHandler.java:975) ~[?:?]
        at org.eclipse.jetty.servlet.ServletContextHandler.startContext(ServletContextHandler.java:375) ~[?:?]
        at org.ops4j.pax.web.service.jetty.internal.PaxWebServletContextHandler.startContext(PaxWebServletContextHandler.java:279) ~[?:?]
        at org.eclipse.jetty.server.handler.ContextHandler.doStart(ContextHandler.java:916) ~[?:?]
        at org.eclipse.jetty.servlet.ServletContextHandler.doStart(ServletContextHandler.java:288) ~[?:?]
        at org.ops4j.pax.web.service.jetty.internal.PaxWebServletContextHandler.doStart(PaxWebServletContextHandler.java:307) ~[?:?]
        at org.eclipse.jetty.util.component.AbstractLifeCycle.start(AbstractLifeCycle.java:73) ~[?:?]
        at org.ops4j.pax.web.service.jetty.internal.JettyServerWrapper.ensureServletContextStarted(JettyServerWrapper.java:2424) ~[?:?]
        at org.ops4j.pax.web.service.jetty.internal.JettyServerWrapper.lambda$visitServletModelChange$7(JettyServerWrapper.java:1234) ~[?:?]
        at java.util.ArrayList.forEach(ArrayList.java:1541) ~[?:?]
        at java.util.Collections$UnmodifiableCollection.forEach(Collections.java:1085) ~[?:?]
        at org.ops4j.pax.web.service.jetty.internal.JettyServerWrapper.visitServletModelChange(JettyServerWrapper.java:1143) ~[?:?]
        at org.ops4j.pax.web.service.spi.task.ServletModelChange.accept(ServletModelChange.java:101) ~[?:?]
        at org.ops4j.pax.web.service.spi.task.Batch.accept(Batch.java:430) ~[?:?]
        at org.ops4j.pax.web.service.jetty.internal.JettyServerController.sendBatch(JettyServerController.java:168) ~[?:?]
        at org.ops4j.pax.web.service.internal.HttpServiceEnabled.lambda$doRegisterServlet$1(HttpServiceEnabled.java:526) ~[?:?]
        at org.ops4j.pax.web.service.spi.model.ServerModel.lambda$run$2(ServerModel.java:541) ~[?:?]
        at java.util.concurrent.CompletableFuture$AsyncSupply.run(CompletableFuture.java:1700) [?:?]
        at java.util.concurrent.Executors$RunnableAdapter.call(Executors.java:515) [?:?]
        at java.util.concurrent.FutureTask.run(FutureTask.java:264) [?:?]
        at java.util.concurrent.ScheduledThreadPoolExecutor$ScheduledFutureTask.run(ScheduledThreadPoolExecutor.java:304) [?:?]
        at java.util.concurrent.ThreadPoolExecutor.runWorker(ThreadPoolExecutor.java:1128) [?:?]
        at java.util.concurrent.ThreadPoolExecutor$Worker.run(ThreadPoolExecutor.java:628) [?:?]
        at java.lang.Thread.run(Thread.java:829) [?:?]
Caused by: java.lang.ClassNotFoundException: org.apache.geronimo.components.jaspi.AuthConfigFactoryImpl not found by org.apache.geronimo.specs.geronimo-jaspic_1.0_spec [319]
        at org.apache.felix.framework.BundleWiringImpl.findClassOrResourceByDelegation(BundleWiringImpl.java:1591) ~[?:?]
        at org.apache.felix.framework.BundleWiringImpl.access$300(BundleWiringImpl.java:79) ~[?:?]
        at org.apache.felix.framework.BundleWiringImpl$BundleClassLoader.loadClass(BundleWiringImpl.java:1976) ~[?:?]
        at java.lang.ClassLoader.loadClass(ClassLoader.java:527) ~[?:?]
        at java.lang.Class.forName0(Native Method) ~[?:?]
        at java.lang.Class.forName(Class.java:398) ~[?:?]
        at org.apache.geronimo.osgi.locator.ProviderLocator.loadClass(ProviderLocator.java:195) ~[?:?]
        at javax.security.auth.message.config.AuthConfigFactory$3.run(AuthConfigFactory.java:68) ~[?:?]
        at java.security.AccessController.doPrivileged(Native Method) ~[?:?]
        at javax.security.auth.message.config.AuthConfigFactory.getFactory(AuthConfigFactory.java:64) ~[?:?]
        ... 38 more",,,,,,,,,,,,,,,,,,,,,,,KARAF-7942,,,,,,,,,,,,,,,,,,,,0.0,,,,,,,,,,,,,,,,,,,,,,no_permission,,,,,,,,,,,,,,,,,,,,,9223372036854775807,,,,2025-01-24 17:51:47.0,,,,,,,,,,0|z1ttlk:,9223372036854775807,,,,,,,,,,,,,,,,,,,,,,,,,,,,,,,,,,,,,,,,,,,,,,,,,,,
LDAP login module cache fixes,KARAF-7671,13525782,,Task,Resolved,KARAF,Karaf,software,jbonofre,,http://karaf.apache.org,Major,Fixed,jbonofre,mattrpav,mattrpav,22/Feb/23 20:02,05/Oct/25 06:54,06/Sep/26 16:38,05/Oct/25 06:54,4.4.3,,,,,4.4.9,4.5.0,,,,,,,,,1,,,,,,,"1. Cache is cleared on every login via the initialize method
2. LDAPLoginModule needs thread synchronization fixes to not rely on method-sync and class-level static cache field.",,,,,,,,,,,,,,,,,,,,,,,,,,,,,,,,,,,,,,,,,,,0.0,,,,,,,,,,,,,,,,,,,,,,no_permission,,,,,,,,,,,,,,,,,,,,,9223372036854775807,,,,Sun Oct 05 06:54:49 UTC 2025,,,,,,,,,,0|z1g46w:,9223372036854775807,,,,,,,,,,,,4.4.9,4.5.0,,,,,,,,,,,"07/May/25 21:36;githubbot;mattrpav opened a new pull request, #1945:
URL: https://github.com/apache/karaf/pull/1945

    - Move initial cache clear to the Activator
    - Add metrics to the LDAPCache object
    - Fix unit test to _not_ disable cache
    - Update unit test to verify metrics counts and caching are working
   
   NOTE: Caches may pile up when deployed via blueprint. This shouldn't be an issue, since even 100 deploys would be small memory impact, and eventually all the caches get cleared.


;;;","08/May/25 14:23;githubbot;mattrpav closed pull request #1945: [KARAF-7671] Fix LDAP cache handling so it does not reset on every login attempt
URL: https://github.com/apache/karaf/pull/1945


;;;","08/Aug/25 10:03;globalbus;[~jbonofre]
This issue is not resolved, pull request was closed without merging. I saw it on 4.4.8 release notes, but code is not present in branch;;;","12/Aug/25 19:35;githubbot;mattrpav opened a new pull request, #1945:
URL: https://github.com/apache/karaf/pull/1945

    - Move initial cache clear to the Activator
    - Add metrics to the LDAPCache object
    - Fix unit test to _not_ disable cache
    - Update unit test to verify metrics counts and caching are working
   
   NOTE: Caches may pile up when repeatedly deployed via blueprint (since no Activator). This shouldn't be an issue, since even 100 deploys would be small memory impact, and eventually all the caches get cleared.


;;;","12/Aug/25 19:36;githubbot;mattrpav commented on PR #1945:
URL: https://github.com/apache/karaf/pull/1945#issuecomment-3180746176

   @jbonofre this change wasn't merged into v4.4.8. Was that intentional?


;;;","12/Aug/25 19:38;githubbot;jbonofre commented on PR #1945:
URL: https://github.com/apache/karaf/pull/1945#issuecomment-3180755074

   No it should have been. I will include in a 4.4.9. Probably the corresponding jira was not targeted to 4.4.8. We have to set the target versions to be sure to include it. 


;;;",12/Aug/25 19:39;mattrpav;[~globalbus] I confirmed that as well. looks to be a miss. We should update target to v4.4.9.;;;,12/Aug/25 19:39;mattrpav;PR merge + cherry-pick to 4.4.x was missed;;;,"12/Aug/25 19:48;githubbot;mattrpav commented on PR #1945:
URL: https://github.com/apache/karaf/pull/1945#issuecomment-3180791880

   @jbonofre would you please go ahead and merge to main and 4.4.x branch once the tests pass? This will allow referencing the -SNAPSHOT builds for further testing.


;;;","12/Aug/25 19:50;githubbot;jbonofre commented on PR #1945:
URL: https://github.com/apache/karaf/pull/1945#issuecomment-3180796050

   Sure thing. Give a bit of time as I'm on vacation right now :)


;;;","12/Aug/25 20:25;githubbot;globalbus commented on PR #1945:
URL: https://github.com/apache/karaf/pull/1945#issuecomment-3180915212

   @mattrpav 
   I also modified LDAPCache behaviour on my own.
   I'm only clearing cache pool on Activator stop, not on start.
   
   The problem is to evict cache. When I used ApacheDS, it support event protocol to launch ObjectChangeListener (that has own drawbacks, like it's need a connection without read timeout). OpenLDAP does not provide support for this.
   I finished with custom webhook to clear cache (propagated by JMS to all nodes). But cache can be cleared for all users, not only for changed one, so it's suboptimal.
   
   Anyway, LDAPCache ""static"" field with caches is a pain in ass. Only way to extend functionality is to copy/paste/fork code. But I don't have better idea for it at the moment. Maybe we could put an instance to javax.security.auth.login.AppConfigurationEntry.options and fetch it from there, instead of static methods? I'm not tried this approach yet.


;;;","12/Aug/25 20:57;githubbot;mattrpav commented on PR #1945:
URL: https://github.com/apache/karaf/pull/1945#issuecomment-3181003565

   @globalbus the cache needs to be cleared on any config change, data change and connection status change. If the LDAP server changes (connect-disconnect), it is not safe to presume the data will be the same.
   
   I'm not married to the static class, but injecting anything into Karaf's JAAS module system is complicated to get consistent via all the provisioning methods: cfg file, blueprint deployment or scr deployment.
   
   I'm leaning to keep this change to be ""fix"" what is broken and then discuss a refactor/improvement as a follow-on activity.


;;;","05/Oct/25 06:54;jira-bot;Commit 9d1fb0145343e0d1d736223df76e3d7f8793fad6 in karaf's branch refs/heads/main from Matt Pavlovich
[ https://gitbox.apache.org/repos/asf?p=karaf.git;h=9d1fb01453 ]

[KARAF-7671] Fix LDAP cache handling so it does not reset on every login attempt (#1945)

- Add metrics to the LDAPCache object
 - Fix unit test to _not_ disable cache
 - Update unit test to verify metrics counts and caching are working;;;","05/Oct/25 06:54;jira-bot;Commit d2983139fd9868e25fb210a18a2bfb81c6370b39 in karaf's branch refs/heads/karaf-4.4.x from JB Onofré
[ https://gitbox.apache.org/repos/asf?p=karaf.git;h=d2983139fd ]

[KARAF-7671] Fix LDAP cache handling so it does not reset on every login attempt (#2071)

- Add metrics to the LDAPCache object
 - Fix unit test to _not_ disable cache
 - Update unit test to verify metrics counts and caching are working

Co-authored-by: Matt Pavlovich <mattrpav@apache.org>;;;",,,,,,,,,,,,,,
Upgrade to Spring Security 5.7.12_3,KARAF-7895,13602697,,Dependency upgrade,Resolved,KARAF,Karaf,software,jbonofre,,http://karaf.apache.org,Major,Fixed,jbonofre,jbonofre,jbonofre,19/Dec/24 14:35,28/Dec/24 05:48,06/Sep/26 16:38,28/Dec/24 05:48,,,,,,4.4.7,4.5.0,,,,karaf,,,,,0,,,,,,,,,,,,,,,,,,,,,,,,,,,,,,,,,,,,,,,,,,,,,,,,,,0.0,,,,,,,,,,,,,,,,,,,,,,no_permission,,,,,,,,,,,,,,,,,,,,,9223372036854775807,,,,Sat Dec 28 05:47:49 UTC 2024,,,,,,,,,,0|z1t82g:,9223372036854775807,,,,,,,,,,,,4.4.7,4.5.0,,,,,,,,,,,"19/Dec/24 14:38;githubbot;jbonofre opened a new pull request, #1892:
URL: https://github.com/apache/karaf/pull/1892

   (no comment)


;;;","28/Dec/24 05:47;githubbot;jbonofre merged PR #1892:
URL: https://github.com/apache/karaf/pull/1892


;;;","28/Dec/24 05:47;jira-bot;Commit 396f55e6ba32ddd7d7b9ed3fbc09326c62318472 in karaf's branch refs/heads/main from JB Onofré
[ https://gitbox.apache.org/repos/asf?p=karaf.git;h=396f55e6ba ]

KARAF-7895: Upgrade to Spring Security 5.7.12_3
;;;","28/Dec/24 05:47;jira-bot;Commit 11e2a68efa6b37e8630bd96a503dbb864b3f1fec in karaf's branch refs/heads/main from JB Onofré
[ https://gitbox.apache.org/repos/asf?p=karaf.git;h=11e2a68efa ]

Merge pull request #1892 from jbonofre/KARAF-7895

KARAF-7895: Upgrade to Spring Security 5.7.12_3;;;","28/Dec/24 05:47;jira-bot;Commit fe76317c008dd622cf0327bb7a2051685a368aec in karaf's branch refs/heads/karaf-4.4.x from JB Onofré
[ https://gitbox.apache.org/repos/asf?p=karaf.git;h=fe76317c00 ]

KARAF-7895: Upgrade to Spring Security 5.7.12_3

(cherry picked from commit 396f55e6ba32ddd7d7b9ed3fbc09326c62318472)
;;;",,,,,,,,,,,,,,,,,,,,,,,
Modify contextPath,KARAF-7830,13581620,,Question,Resolved,KARAF,Karaf,software,jbonofre,,http://karaf.apache.org,Major,Fixed,jbonofre,mrekaj,mrekaj,05/Jun/24 08:35,19/Jun/24 06:59,06/Sep/26 16:38,12/Jun/24 19:10,,,,,,,,,,,karaf,webconsole,,,,0,,,,,,,"Is there any way to change the context path for the webconsole feature from the default /system/console to eg: /foo/console? Alternatively, how can the global root context path be changed from / to /foo in Karaf?
 ",,,,,,,,,,,,,,,,,,,,,,,,,,,,,,,,,,,,,,,,,,,0.0,,,,,,,,,,,,,,,,,,,,,,no_permission,,,,,,,,,,,,,,,,,,,,,9223372036854775807,,,,Wed Jun 19 06:59:45 UTC 2024,,,,,,,,,,0|z1pmgo:,9223372036854775807,,,,,,,,,,,,,,,,,,,,,,,,"12/Jun/24 19:10;jbonofre;The context path of the webconsole is defined in the Felix webconsole embedded in Karaf webconsole.

To change the context root of the webconsole, you have to edit the configuration with PID {{org.apache.felix.webconsole.internal.servlet.OsgiManager}} and define the {{manager.root}} property (default is {{{}/system/console{}}}).

See [https://github.com/apache/felix-dev/blob/master/webconsole/README.md] for details.;;;","19/Jun/24 06:59;mrekaj;Thanks, its works!;;;",,,,,,,,,,,,,,,,,,,,,,,,,,
Enable/disable log:tail command,KARAF-7075,13365764,,Bug,Resolved,KARAF,Karaf,software,jbonofre,,http://karaf.apache.org,Major,Works for Me,jbonofre,nizar.ben.mansour@gmail.com,nizar.ben.mansour@gmail.com,17/Mar/21 09:12,16/May/21 05:44,06/Sep/26 16:38,17/Mar/21 14:49,4.2.6,,,,,,,,,,karaf,,,,,0,log-level,,,,,,"Hello,

We need to make log:tail parametrized .Using some config ,we can enable or disable it .

In fact,we have noticed that some users make log:tail on karaf and leave the instance open.

This will cause an OOM :

Bellow is a screenshot from the Memory investigation dump:

!image-2021-03-17-10-09-59-994.png!

!image-2021-03-17-10-12-17-446.png!

Is it possible to add a config to enable/disable this caommand?","Centos 7

Karaf 4.2.6",,,,,,,,,,,,,,,,,,,,,,,,,,,,,,,,,,,,,17/Mar/21 09:09;nizar.ben.mansour@gmail.com;image-2021-03-17-10-09-53-120.png;https://issues.apache.org/jira/secure/attachment/13022464/image-2021-03-17-10-09-53-120.png,17/Mar/21 09:10;nizar.ben.mansour@gmail.com;image-2021-03-17-10-09-59-994.png;https://issues.apache.org/jira/secure/attachment/13022463/image-2021-03-17-10-09-59-994.png,17/Mar/21 09:12;nizar.ben.mansour@gmail.com;image-2021-03-17-10-12-17-446.png;https://issues.apache.org/jira/secure/attachment/13022462/image-2021-03-17-10-12-17-446.png,,,3.0,,,,,,,,,,,,,,,,,,,,,,no_permission,,,,,,,,,,,,,Important,,,,,,,,9223372036854775807,,,,Wed Mar 17 15:21:38 UTC 2021,,,,,,,,,,0|z0ovp4:,9223372036854775807,,,,,,,,,,,,,,,,,,,,,,,,"17/Mar/21 13:28;ffang;Hi [~nizar.ben.mansour@gmail.com],

FYI, to enable/disable a specific shell command for a specific user, in Karaf we can use ACL configuration file(RBAC) to achieve this goal.

You can take a look at the doc [here|https://karaf.apache.org/manual/latest/security] to get more details.

Best Regards

Freeman;;;","17/Mar/21 14:49;jbonofre;Hi,

two things:
 # we improved and fixed the log thread (using circular list).
 # you can disable access to commands using ACL (as explained by Freeman).;;;","17/Mar/21 15:16;nizar.ben.mansour@gmail.com;On which version ,the log thread has been fixed? (4.3.0??);;;","17/Mar/21 15:18;jbonofre;[~nizar.ben.mansour@gmail.com] 4.2.10, 4.2.11 and 4.3.0 AFAIR.;;;",17/Mar/21 15:21;jbonofre;[~nizar.ben.mansour@gmail.com] I recommend 4.2.11 as we also did couple of fixes in log:* shell commands.;;;,,,,,,,,,,,,,,,,,,,,,,,
Karaf Jakarta 10 / CXF 4 / Camel 4 plans,KARAF-7776,13555446,,Question,Resolved,KARAF,Karaf,software,jbonofre,,http://karaf.apache.org,Major,Done,jbonofre,nannou9,nannou9,25/Oct/23 07:51,10/Jul/25 06:48,06/Sep/26 16:38,15/Mar/24 10:26,4.5.0,,,,,,,,,,karaf,,,,,0,,,,,,,"For some time I am trying to find out what is the plan for Karaf CXF 4 and Camel 4 support.
I appreciate it might be wrong place to ask this questions.

However CXF-8723 does suggest this might be dependant on Karaf (for which reason OSGi support was apparently completely removed in CXF4 in CXF-8879)

Also seen in Camel 4 release jiras/notes somewhere, that Camel community now refers to Karaf as ""Legacy"" platform.

I was trying to google some future Karaf plans etc, can't see anything clear.
I suppose question is, what are future Karaf plans?",,,,,,,,,,,,,,,,,,,,,,,,,,,,,,,,,,,,,,,,,,,0.0,,,,,,,,,,,,,,,,,,,,,,no_permission,,,,,,,,,,,,,,,,,,,,,9223372036854775807,,,,Thu Jul 10 06:48:15 UTC 2025,,,,,,,,,,0|z1l6c0:,9223372036854775807,,,,,,,,,,,,,,,,,,,,,,,,"25/Oct/23 12:04;jbonofre;Actually , I plan to provide Karaf specs with Jakarta namespace support. The purpose is to limit the dependency with third parties. I will provide a detailed plan just after ActiveMQ releases. ;;;","26/Oct/23 06:11;jbonofre;[~nannou9] Karaf is still active and still working with other projects. The first idea is to work with those third party projects. If it's too challenging, the plan B is to create wrapping in Karaf directly (it's still possible to wrap with ""uber"" bundles wrapping the third party projects).;;;","15/Dec/23 13:11;jbonofre;As you can see on the camel dev mailing list, I started to rework camel-karaf to support camel 4 in Karaf.

See my WIP branch: [https://github.com/jbonofre/camel-karaf/tree/REFACTORE]

About CXF, I'm evaluating using CXF as private package.

For Jakarta namespace, we have a PR in progress to provide them as feature.;;;","10/Jul/25 06:48;creuwels;[~jbonofre] We are looking into Karaf CXF 4 and Camel 4 but can't get it to work. We also cannot find any related issues or releases? This issue is set to Done but there is no ""fix version""? Hope you you can help, thanks!;;;",,,,,,,,,,,,,,,,,,,,,,,,
Upgrade to Pax Web 7.3.14,KARAF-7116,13373628,,Dependency upgrade,Resolved,KARAF,Karaf,software,jbonofre,,http://karaf.apache.org,Major,Fixed,jbonofre,jbonofre,jbonofre,19/Apr/21 14:09,23/Apr/21 11:50,06/Sep/26 16:38,23/Apr/21 11:50,,,,,,4.3.2,,,,,karaf,,,,,0,,,,,,,,,,,,,,,,,,,,,,,,,,,,,,,,,,,,,,,,,,,,,,,,,,0.0,,,,,,,,,,,,,,,,,,,,,,no_permission,,,,,,,,,,,,,,,,,,,,,9223372036854775807,,,,Fri Apr 23 11:49:34 UTC 2021,,,,,,,,,,0|z0q7hk:,9223372036854775807,,,,,,,,,,,,4.3.2,,,,,,,,,,,,"23/Apr/21 05:55;githubbot;jbonofre opened a new pull request #1350:
URL: https://github.com/apache/karaf/pull/1350


   


-- 
This is an automated message from the Apache Git Service.
To respond to the message, please log on to GitHub and use the
URL above to go to the specific comment.

For queries about this service, please contact Infrastructure at:
users@infra.apache.org
;;;","23/Apr/21 11:49;githubbot;jbonofre merged pull request #1350:
URL: https://github.com/apache/karaf/pull/1350


   


-- 
This is an automated message from the Apache Git Service.
To respond to the message, please log on to GitHub and use the
URL above to go to the specific comment.

For queries about this service, please contact Infrastructure at:
users@infra.apache.org
;;;","23/Apr/21 11:49;jira-bot;Commit d03a4a2c76aa08208eb6396efeda167fa861e90e in karaf's branch refs/heads/main from jbonofre
[ https://gitbox.apache.org/repos/asf?p=karaf.git;h=d03a4a2 ]

[KARAF-7116] Upgrade to Pax Web 7.3.14
;;;","23/Apr/21 11:49;jira-bot;Commit bba7375058dc6dabe6dda76b582bb633fbe368bb in karaf's branch refs/heads/main from Jean-Baptiste Onofré
[ https://gitbox.apache.org/repos/asf?p=karaf.git;h=bba7375 ]

Merge pull request #1350 from jbonofre/KARAF-7116

[KARAF-7116] Upgrade to Pax Web 7.3.14;;;","23/Apr/21 11:49;jira-bot;Commit bba7375058dc6dabe6dda76b582bb633fbe368bb in karaf's branch refs/heads/main from Jean-Baptiste Onofré
[ https://gitbox.apache.org/repos/asf?p=karaf.git;h=bba7375 ]

Merge pull request #1350 from jbonofre/KARAF-7116

[KARAF-7116] Upgrade to Pax Web 7.3.14;;;",,,,,,,,,,,,,,,,,,,,,,,
Upgrade to Spring 5.1.20.RELEASE,KARAF-7066,13362623,,Dependency upgrade,Resolved,KARAF,Karaf,software,jbonofre,,http://karaf.apache.org,Major,Fixed,jbonofre,jbonofre,jbonofre,05/Mar/21 14:57,07/Mar/21 06:05,06/Sep/26 16:38,07/Mar/21 06:05,,,,,,4.2.11,,,,,karaf,,,,,0,,,,,,,,,,,,,,,,,,,,,,,,,,,,,,,,,,,,,,,,,,,,,,,,,,0.0,,,,,,,,,,,,,,,,,,,,,,no_permission,,,,,,,,,,,,,,,,,,,,,9223372036854775807,,,,Sun Mar 07 06:05:39 UTC 2021,,,,,,,,,,0|z0ocfk:,9223372036854775807,,,,,,,,,,,,4.2.11,,,,,,,,,,,,"06/Mar/21 06:07;githubbot;jbonofre opened a new pull request #1319:
URL: https://github.com/apache/karaf/pull/1319


   


----------------------------------------------------------------
This is an automated message from the Apache Git Service.
To respond to the message, please log on to GitHub and use the
URL above to go to the specific comment.

For queries about this service, please contact Infrastructure at:
users@infra.apache.org
;;;","07/Mar/21 06:05;jira-bot;Commit d84d2990d4a2cb6cbd8aa5b08f846dc0f65bf542 in karaf's branch refs/heads/karaf-4.2.x from jbonofre
[ https://gitbox.apache.org/repos/asf?p=karaf.git;h=d84d299 ]

[KARAF-7066] Upgrade to Spring 5.1.20.RELEASE
;;;","07/Mar/21 06:05;jira-bot;Commit 6ba42ac34ad9fa111bc23e0e251c0ac2b5cffc8b in karaf's branch refs/heads/karaf-4.2.x from Jean-Baptiste Onofré
[ https://gitbox.apache.org/repos/asf?p=karaf.git;h=6ba42ac ]

Merge pull request #1319 from jbonofre/KARAF-7066

[KARAF-7066] Upgrade to Spring 5.1.20.RELEASE;;;","07/Mar/21 06:05;jira-bot;Commit 6ba42ac34ad9fa111bc23e0e251c0ac2b5cffc8b in karaf's branch refs/heads/karaf-4.2.x from Jean-Baptiste Onofré
[ https://gitbox.apache.org/repos/asf?p=karaf.git;h=6ba42ac ]

Merge pull request #1319 from jbonofre/KARAF-7066

[KARAF-7066] Upgrade to Spring 5.1.20.RELEASE;;;","07/Mar/21 06:05;githubbot;jbonofre merged pull request #1319:
URL: https://github.com/apache/karaf/pull/1319


   


----------------------------------------------------------------
This is an automated message from the Apache Git Service.
To respond to the message, please log on to GitHub and use the
URL above to go to the specific comment.

For queries about this service, please contact Infrastructure at:
users@infra.apache.org
;;;",,,,,,,,,,,,,,,,,,,,,,,
Upgrade to narayana 5.13.1.Final,KARAF-7619,13506013,,Dependency upgrade,Resolved,KARAF,Karaf,software,jbonofre,,http://karaf.apache.org,Major,Fixed,jbonofre,jbonofre,jbonofre,26/Nov/22 05:52,28/Nov/22 10:29,06/Sep/26 16:38,28/Nov/22 10:29,,,,,,4.3.9,4.4.3,,,,karaf,,,,,0,,,,,,,,,,,,,,,,,,,,,,,,,,,,,,,,,,,,,,,,,,,,,,,,,,0.0,,,,,,,,,,,,,,,,,,,,,,no_permission,,,,,,,,,,,,,,,,,,,,,9223372036854775807,,,,Mon Nov 28 10:29:20 UTC 2022,,,,,,,,,,0|z1cqq8:,9223372036854775807,,,,,,,,,,,,4.3.9,4.4.3,,,,,,,,,,,"28/Nov/22 10:28;githubbot;jbonofre merged PR #1685:
URL: https://github.com/apache/karaf/pull/1685


;;;","28/Nov/22 10:28;jira-bot;Commit ec185b28252fd21328ba6d07c9faac3c9aedd41b in karaf's branch refs/heads/main from Jean-Baptiste Onofré
[ https://gitbox.apache.org/repos/asf?p=karaf.git;h=ec185b2825 ]

[KARAF-7619] Upgrade to narayana 5.13.1.Final
;;;","28/Nov/22 10:28;jira-bot;Commit 024e49c9e9b3ec4b7707ce8d18d024bd89e013fa in karaf's branch refs/heads/main from Jean-Baptiste Onofré
[ https://gitbox.apache.org/repos/asf?p=karaf.git;h=024e49c9e9 ]

Merge pull request #1685 from jbonofre/KARAF-7619

[KARAF-7619] Upgrade to narayana 5.13.1.Final;;;","28/Nov/22 10:29;jira-bot;Commit ab75017d736c6ae7dd3ee9a907c54138dac2af71 in karaf's branch refs/heads/karaf-4.3.x from Jean-Baptiste Onofré
[ https://gitbox.apache.org/repos/asf?p=karaf.git;h=ab75017d73 ]

[KARAF-7619] Upgrade to narayana 5.13.1.Final

(cherry picked from commit ec185b28252fd21328ba6d07c9faac3c9aedd41b)
;;;",,,,,,,,,,,,,,,,,,,,,,,,
Stepup to use latest commons-fileupload,KARAF-7737,13546460,,Task,Resolved,KARAF,Karaf,software,jbonofre,,http://karaf.apache.org,Minor,Fixed,jbonofre,karthickm512,karthickm512,08/Aug/23 05:37,28/Aug/23 11:49,06/Sep/26 16:38,28/Aug/23 06:09,4.4.3,,,,,4.3.10,4.4.3,,,,karaf,,,,,0,security,,,,,,"We use latest Apache Karaf runtime 4.4.3. Our security scanners flag CVE-2023-24988 on this because the karaf.webconsole [https://mvnrepository.com/artifact/org.apache.karaf.webconsole/org.apache.karaf.webconsole.console/4.4.3] uses vulnerable commons-fileupload 1.4

 

There is new version of this fileupload which is clear from the CVE. So please stepup to the newer version in the upcoming Karaf release.",,,,,,,,,,,,,,,,,,,,,,,,,,,,,,,,,,,,,,,,,,,0.0,,,,,,,,,,,,,,,,,,,,,,no_permission,,,,,,,,,,,,,,,,,,,,,9223372036854775807,,,,Mon Aug 28 11:49:55 UTC 2023,,,,,,,,,,0|z1jn9s:,9223372036854775807,,,,,,,,,,,,,,,,,,,,,,,,28/Aug/23 06:09;jbonofre;It's already fixed (see commit b697689e0e9e608035e310a168af465bd67cb6e4). It will be include in next releases (currently in preparation).;;;,28/Aug/23 11:39;karthickm512;Thanks.  Hope you intended to say fixed version as 4.3.10 and 4.4.4 instead of 4.4.3.;;;,28/Aug/23 11:49;jbonofre;[~karthickm512] yes that's the next releases indeed.;;;,,,,,,,,,,,,,,,,,,,,,,,,,
Upgrade to Hibernate Validator 7.0.2.Final,KARAF-7415,13438298,,Dependency upgrade,Resolved,KARAF,Karaf,software,jbonofre,,http://karaf.apache.org,Major,Fixed,jbonofre,jbonofre,jbonofre,07/Apr/22 05:42,07/Apr/22 08:59,06/Sep/26 16:38,07/Apr/22 08:59,,,,,,4.3.7,4.4.0,,,,karaf,,,,,0,,,,,,,,,,,,,,,,,,,,,,,,,,,,,,,,,,,,,,,,,,,,,,,,,,0.0,,,,,,,,,,,,,,,,,,,,,,no_permission,,,,,,,,,,,,,,,,,,,,,9223372036854775807,,,,Thu Apr 07 08:59:08 UTC 2022,,,,,,,,,,0|z118m0:,9223372036854775807,,,,,,,,,,,,4.3.7,4.4.0,,,,,,,,,,,"07/Apr/22 08:57;githubbot;jbonofre merged PR #1528:
URL: https://github.com/apache/karaf/pull/1528


;;;","07/Apr/22 08:57;jira-bot;Commit 926d896cc6791750aa8d8c6256a0ed0798f9dcd5 in karaf's branch refs/heads/main from JB Onofre
[ https://gitbox.apache.org/repos/asf?p=karaf.git;h=926d896cc6 ]

[KARAF-7415] Upgrade to Hibernate Validator 7.0.2.Final
;;;","07/Apr/22 08:57;jira-bot;Commit d4a51be664dc7a482e0cb15bde860e2331a9b66b in karaf's branch refs/heads/main from Jean-Baptiste Onofré
[ https://gitbox.apache.org/repos/asf?p=karaf.git;h=d4a51be664 ]

Merge pull request #1528 from jbonofre/KARAF-7415

[KARAF-7415] Upgrade to Hibernate Validator 7.0.2.Final;;;","07/Apr/22 08:59;jira-bot;Commit d814e7ee04d1a47373623c69ab59b0ef04f02a33 in karaf's branch refs/heads/karaf-4.3.x from JB Onofre
[ https://gitbox.apache.org/repos/asf?p=karaf.git;h=d814e7ee04 ]

[KARAF-7415] Upgrade to Hibernate Validator 7.0.2.Final

(cherry picked from commit 926d896cc6791750aa8d8c6256a0ed0798f9dcd5)
;;;",,,,,,,,,,,,,,,,,,,,,,,,
Upgrade to commons-lang3 3.17.0,KARAF-7868,13593372,,Dependency upgrade,Resolved,KARAF,Karaf,software,jbonofre,,http://karaf.apache.org,Major,Fixed,jbonofre,jbonofre,jbonofre,26/Sep/24 13:10,01/Oct/24 15:08,06/Sep/26 16:38,01/Oct/24 15:08,,,,,,4.4.7,4.5.0,,,,karaf,,,,,0,,,,,,,,,,,,,,,,,,,,,,,,,,,,,,,,,,,,,,,,,,,,,,,,,,0.0,,,,,,,,,,,,,,,,,,,,,,no_permission,,,,,,,,,,,,,,,,,,,,,9223372036854775807,,,,Tue Oct 01 15:08:30 UTC 2024,,,,,,,,,,0|z1rmw0:,9223372036854775807,,,,,,,,,,,,4.4.7,,,,,,,,,,,,"01/Oct/24 15:07;jira-bot;Commit 3d27aa398f1fdd6f3ee20ec1edccd04dbad07147 in karaf's branch refs/heads/main from JB Onofré
[ https://gitbox.apache.org/repos/asf?p=karaf.git;h=3d27aa398f ]

KARAF-7868: Upgrade to commons-lang3 3.17.0
;;;","01/Oct/24 15:07;jira-bot;Commit b789224f39e5cea0c8cdc07c64d8519377177ac2 in karaf's branch refs/heads/main from JB Onofré
[ https://gitbox.apache.org/repos/asf?p=karaf.git;h=b789224f39 ]

Merge pull request #1865 from jbonofre/KARAF-7868

KARAF-7868: Upgrade to commons-lang3 3.17.0;;;","01/Oct/24 15:08;jira-bot;Commit 5ff458079c5f4511508c0c22f33a22c1faa4393c in karaf's branch refs/heads/karaf-4.4.x from JB Onofré
[ https://gitbox.apache.org/repos/asf?p=karaf.git;h=5ff458079c ]

KARAF-7868: Upgrade to commons-lang3 3.17.0

(cherry picked from commit 3d27aa398f1fdd6f3ee20ec1edccd04dbad07147)
;;;",,,,,,,,,,,,,,,,,,,,,,,,,
Karaf BoM causes import of org.osgi.service.log to have lower bound 1.5.0 but only version 1.4.0 is available,KARAF-7605,13497570,,Bug,Resolved,KARAF,Karaf,software,jbonofre,,http://karaf.apache.org,Minor,Fixed,jbonofre,sb@dod.no,sb@dod.no,06/Nov/22 19:23,18/Dec/22 15:26,06/Sep/26 16:38,18/Dec/22 15:26,4.4.0,4.4.1,4.4.2,,,4.4.3,,,,,karaf,,,,,0,,,,,,,"Using the karaf BoM for dependencies, maven-bundle-plugin will create an import-package of org.osgi.service.log with lower bound 1.5.0, while the only version of org.osgi.service.log provided by karaf is 1.4.0.

So you get errors like this:
{noformat}
 Caused by: org.apache.felix.resolver.reason.ReasonException: Unable to resolve user-admin-with-testdb/0.0.0: missing requirement [user-admin-with-testdb/0.0.0] osgi.identity; osgi.identity=authservice-user-admin; type=karaf.feature [caused by: Unable to resolve authservice-user-admin/0.0.0: missing requirement [authservice-user-admin/0.0.0] osgi.identity; osgi.identity=authservice-user-management-frontend; type=karaf.feature [caused by: Unable to resolve authservice-user-management-frontend/1.14.7.SNAPSHOT: missing requirement [authservice-user-management-frontend/1.14.7.SNAPSHOT] osgi.identity; osgi.identity=no.priv.bang.authservice.web.users.frontend; type=osgi.bundle; version=""[1.14.7.SNAPSHOT,1.14.7.SNAPSHOT]""; resolution:=mandatory [caused by: Unable to resolve no.priv.bang.authservice.web.users.frontend/1.14.7.SNAPSHOT: missing requirement [no.priv.bang.authservice.web.users.frontend/1.14.7.SNAPSHOT] osgi.wiring.package; filter:=""(&(osgi.wiring.package=org.osgi.service.log)(version>=1.5.0)(!(version>=2.0.0)))""]]]
 	at org.apache.felix.resolver.Candidates$MissingRequirementError.toException(Candidates.java:1341)
  	... 12 more

{noformat}
",,,,,,,,,,,KARAF-7622,,,,,,,,,,,,,,,,,,,,,,,,,,,,,,,,0.0,,,,,,,,,,,,,,,,,,,,,,no_permission,,,,,,,,,,,,,,,,,,,,,9223372036854775807,,,,2022-11-06 19:23:32.0,,,,,,,,,,0|z1baog:,9223372036854775807,,,,,,,,,,,,4.4.3,,,,,,,,,,,,,,,,,,,,,,,,,,,,,,,,,,,,,,,
bin/client script shows a warning from bin/inc,KARAF-7929,13604574,,Bug,Resolved,KARAF,Karaf,software,jbonofre,,http://karaf.apache.org,Minor,Fixed,jbonofre,jbonofre,jbonofre,11/Jan/25 07:23,13/Jan/25 07:03,06/Sep/26 16:38,13/Jan/25 07:03,,,,,,4.4.7,4.5.0,,,,karaf,,,,,0,,,,,,,"With the support of JDK23 in {{{}bin/inc{}}}, a ""warning"" is displayed when launch {{{}bin/client{}}}:
{code:java}
/Users/jbonofre/Workspace/karaf/assemblies/apache-karaf/target/apache-karaf-4.5.0-SNAPSHOT/bin/inc: line 285: [: : integer expression expected {code}",,,,,,,,,,,,,,,,,,,,,,,,,,,,,,,,,,,,,,,,,,,0.0,,,,,,,,,,,,,,,,,,,,,,no_permission,,,,,,,,,,,,,,,,,,,,,9223372036854775807,,,,Mon Jan 13 07:03:35 UTC 2025,,,,,,,,,,0|z1tjmw:,9223372036854775807,,,,,,,,,,,,4.4.7,4.5.0,,,,,,,,,,,"11/Jan/25 07:46;githubbot;jbonofre opened a new pull request, #1923:
URL: https://github.com/apache/karaf/pull/1923

   (no comment)


;;;","13/Jan/25 07:03;githubbot;jbonofre merged PR #1923:
URL: https://github.com/apache/karaf/pull/1923


;;;","13/Jan/25 07:03;jira-bot;Commit 6ae09baf08b5e99e775a6b7be54df2b9c5a72466 in karaf's branch refs/heads/main from JB Onofré
[ https://gitbox.apache.org/repos/asf?p=karaf.git;h=6ae09baf08 ]

KARAF-7929: populate the JVM version in bin/client
;;;","13/Jan/25 07:03;jira-bot;Commit 60ccfae0cda55b9da62fdfeeed1c3d8f348db7ed in karaf's branch refs/heads/main from JB Onofré
[ https://gitbox.apache.org/repos/asf?p=karaf.git;h=60ccfae0cd ]

Merge pull request #1923 from jbonofre/KARAF-7929

KARAF-7929: populate the JVM version in bin/client;;;","13/Jan/25 07:03;jira-bot;Commit 0c40e1f79e8c2de114af21d244b1bd025729ad76 in karaf's branch refs/heads/karaf-4.4.x from JB Onofré
[ https://gitbox.apache.org/repos/asf?p=karaf.git;h=0c40e1f79e ]

KARAF-7929: populate the JVM version in bin/client

(cherry picked from commit 6ae09baf08b5e99e775a6b7be54df2b9c5a72466)
;;;",,,,,,,,,,,,,,,,,,,,,,,
Upgrade to commons-compress 1.27.1,KARAF-7867,13593371,,Dependency upgrade,Resolved,KARAF,Karaf,software,jbonofre,,http://karaf.apache.org,Major,Fixed,jbonofre,jbonofre,jbonofre,26/Sep/24 13:09,01/Oct/24 13:35,06/Sep/26 16:38,01/Oct/24 13:35,,,,,,4.4.7,4.5.0,,,,karaf,,,,,0,,,,,,,,,,,,,,,,,,,,,,,,,,,,,,,,,,,,,,,,,,,,,,,,,,0.0,,,,,,,,,,,,,,,,,,,,,,no_permission,,,,,,,,,,,,,,,,,,,,,9223372036854775807,,,,Tue Oct 01 12:51:15 UTC 2024,,,,,,,,,,0|z1rmvs:,9223372036854775807,,,,,,,,,,,,4.4.7,,,,,,,,,,,,"01/Oct/24 12:47;jira-bot;Commit a67eba4cb671aa8711f90123247d4b37f284a49c in karaf's branch refs/heads/main from JB Onofré
[ https://gitbox.apache.org/repos/asf?p=karaf.git;h=a67eba4cb6 ]

KARAF-7867: Upgrade to commons-compress 1.27.1
;;;","01/Oct/24 12:47;jira-bot;Commit 1bde3d00c646b8dcb77b24c7cfeb43c2dc352fa5 in karaf's branch refs/heads/main from JB Onofré
[ https://gitbox.apache.org/repos/asf?p=karaf.git;h=1bde3d00c6 ]

Merge pull request #1867 from jbonofre/KARAF-7867

KARAF-7867: Upgrade to commons-compress 1.27.1;;;","01/Oct/24 12:51;jira-bot;Commit d59282ed6ace9ba5b889a5d5df2293a2453d17e9 in karaf's branch refs/heads/karaf-4.4.x from JB Onofré
[ https://gitbox.apache.org/repos/asf?p=karaf.git;h=d59282ed6a ]

KARAF-7867: Upgrade to commons-compress 1.27.1

(cherry picked from commit a67eba4cb671aa8711f90123247d4b37f284a49c)
;;;",,,,,,,,,,,,,,,,,,,,,,,,,
Karaf client ssh idleTimeout not working,KARAF-7839,13582897,,Bug,Resolved,KARAF,Karaf,software,jbonofre,,http://karaf.apache.org,Minor,Fixed,jbonofre,nannou9,nannou9,17/Jun/24 13:41,13/Jul/24 05:16,06/Sep/26 16:38,13/Jul/24 05:16,4.4.3,4.4.6,,,,4.4.7,4.5.0,,,,karaf,,,,,0,,,,,,,"Karaf client idle timeout doesn't work if longer than 60s (default for heart beat).

This can be reproduced by:
 # Downloading vanilla karaf
 # Changing idle timeout in ""org.apache.karaf.shell.cfg"" to ""sshIdleTimeout = 90000""
 # Start karaf with ./bin/karaf
 # Start client in separate terminal with ./bin/client

Suspicion is that the bug was introduced here: https://issues.apache.org/jira/browse/KARAF-7051

Last tested and working version for me was 4.3.1. Not tested any other 4.3 versions.

This is from test client:
{code:java}
karaf@root()> date
Jun Mon 17 14:41:50 2024
karaf@root()> date
Jun Mon 17 14:50:08 2024
karaf@root(config)> config:list | grep ssh                                                                                                                                             
   ssh = org.apache.karaf.shell.ssh
   featuresBoot = instance/4.4.6, package/4.4.6, log/4.4.6, ssh/4.4.6, framework/4.4.6, system/4.4.6, eventadmin/4.4.6, feature/4.4.6, shell/4.4.6, management/4.4.6, service/4.4.6, jaas/4.4.6, deployer/4.4.6, diagnostic/4.4.6, wrap/2.6.14, bundle/4.4.6, config/4.4.6, kar/4.4.6
   sshHost = 0.0.0.0
   sshIdleTimeout = 90000
   sshPort = 8101
   sshRealm = karaf
   sshRole = ssh
   log4j2.logger.sshd.level = INFO
   log4j2.logger.sshd.name = org.apache.sshd
   feature.ssh = ssh
 {code}
client should have timed out before 2nd date command, but it didn't.

We only noticed that because our containers started running out of memory and it was caused by many ""client"" instances open within container.",,,,,,,,,,,,,,,,,,,,,,,,,,,,,,,KARAF-7844,,,,,,,,,,,,0.0,,,,,,,,,,,,,,,,,,,,,,no_permission,,,,,,,,,,,,,,,,,,,,,9223372036854775807,,,,Mon Jul 01 13:36:43 UTC 2024,,,,,,,,,,0|z1pucg:,9223372036854775807,,,,,,,,,,,,,,,,,,,,,,,,"30/Jun/24 17:05;jbonofre;I just tried with Karaf 4.5.0-SNAPSHOT (built on {{{}main{}}}).

I changed the configuration in {{etc/org.apache.karaf.shell.cfg}} with:
{code:java}
sshIdleTimeout = 10000 {code}
Launching bin/client, after 10 seconds, the client is disconnected as exptected.

I stop Karaf and change {{etc/org.apache.karaf.shell.cfg}} with:
{code:java}
sshIdleTimeout = 90000 {code}
I launch Karaf and the client (via {{{}bin/client{}}}). 

After 90s, I confirm that the client is not disconnected whereas it should.

As I'm also planning to upgrade to sshd 2.13.1, so I will include a fix for this one. Thanks for the report.;;;",01/Jul/24 13:36;jbonofre;I just tested with sshd 2.13.1 and the problem is fixed (it's an issue in sshd 2.12.1).;;;,,,,,,,,,,,,,,,,,,,,,,,,,,
Upgrade to sling commons johnzon 1.2.14,KARAF-7420,13438781,,Dependency upgrade,Resolved,KARAF,Karaf,software,jbonofre,,http://karaf.apache.org,Major,Fixed,jbonofre,jbonofre,jbonofre,10/Apr/22 09:34,19/Apr/22 09:10,06/Sep/26 16:38,11/Apr/22 08:30,,,,,,4.3.7,4.4.0,,,,karaf,,,,,0,,,,,,,,,,,,,,,,,,,,,,,,,,,,,,,KARAF-7365,,,,,,,,,,,,,,,,,,,0.0,,,,,,,,,,,,,,,,,,,,,,no_permission,,,,,,,,,,,,,,,,,,,,,9223372036854775807,,,,Mon Apr 11 08:29:51 UTC 2022,,,,,,,,,,0|z11bko:,9223372036854775807,,,,,,,,,,,,4.3.7,4.4.0,,,,,,,,,,,"11/Apr/22 08:29;githubbot;jbonofre merged PR #1533:
URL: https://github.com/apache/karaf/pull/1533


;;;","11/Apr/22 08:29;jira-bot;Commit 1d0e1b4f11664ac4eb7fcff6badc67387e8118a3 in karaf's branch refs/heads/main from Jean-Baptiste Onofré
[ https://gitbox.apache.org/repos/asf?p=karaf.git;h=1d0e1b4f11 ]

[KARAF-7420] Upgrade to sling commons johnzon 1.2.14
;;;","11/Apr/22 08:29;jira-bot;Commit 325a71673f6e93103e919d2374e200734bd049ff in karaf's branch refs/heads/main from Jean-Baptiste Onofré
[ https://gitbox.apache.org/repos/asf?p=karaf.git;h=325a71673f ]

Merge pull request #1533 from jbonofre/KARAF-7420

[KARAF-7420] Upgrade to sling commons johnzon 1.2.14;;;","11/Apr/22 08:29;jira-bot;Commit 18837392f661011c7f3eac7d330ac5552335ce18 in karaf's branch refs/heads/karaf-4.3.x from Jean-Baptiste Onofré
[ https://gitbox.apache.org/repos/asf?p=karaf.git;h=18837392f6 ]

[KARAF-7420] Upgrade to sling commons johnzon 1.2.14

(cherry picked from commit 1d0e1b4f11664ac4eb7fcff6badc67387e8118a3)
;;;",,,,,,,,,,,,,,,,,,,,,,,,
Upgrade to Jetty 10 and Pax Web 9,KARAF-7544,13480258,,Story,Open,KARAF,Karaf,software,jbonofre,,http://karaf.apache.org,Major,,ggrzybek,ggrzybek,ggrzybek,06/Sep/22 10:08,19/Dec/23 18:06,06/Sep/26 16:38,,,,,,,,,,,,,,,,,3,,,,,,,"I've prepared Pax Web branch to release Pax Web 9 with Jetty 10 upgrade (JDK11+). (see: https://github.com/ops4j/org.ops4j.pax.web/issues/1743)

With few tweaks, Karaf 4.4.2-SNAPSHOT works well with the above dependencies, with few restrictions:
* I've generally upgraded Servlet API jar/bundle used by Karaf to version 4
* {{StandardFeaturesTest.installAriesBlueprintWebFeature}} and {{RestExampleTest.testWhiteboard}} need a _compatibility bundle_ for Servlet API, so {{javax.servlet}} package is exported with version 3.1.0 (for blueprint.web and aries.jaxrs bundles)
* {{CamelExampleTest}} needs some polish, because I see that asm 5.0.4 bundle is installed from Camel features and it doesn't work with JDK17
* {{PaxCdiFeaturesTest}} should be removed (IMO), because Pax CDI is no longer maintained - Pax Web works well with Aries CDI
* I've changed all {{<javase>}} elements of karaf-maven-plugin configuration to {{<javase>11</javase>}}
* {{WebSocketExampleTest}} no longer works, as it uses {{org.eclipse.jetty.websocket.api.annotations.WebSocket}} and {{org.eclipse.jetty.websocket.servlet.WebSocketServlet}} which are not available in Jetty 10 - however Pax Web 8+ itself fully works with JSR356 compatible web sockets (using ServletContainerInitializers for Jetty, Tomcat and Undertow)",,,,,,,,,,,KARAF-7766,KARAF-7764,,,,,,,,,,,,,,,,,,,KARAF-7754,,,,,,,,,,,,0.0,,,,,,,,,,,,,,,,,,,,,,no_permission,,,,,,,,,,,,,,,,,,,,,9223372036854775807,,,,Tue Dec 19 18:06:21 UTC 2023,,,,,,,,,,0|z18cc0:,9223372036854775807,,,,,,,,,,,,,,,,,,,,,,,,06/Sep/22 10:11;ggrzybek;The work-in-progress branch is https://github.com/grgrzybek/karaf/commits/KARAF-7544-Jetty10-PaxWeb9 for you [~jbonofre] to check.;;;,"13/Mar/23 11:40;highstreetherbert;In ONAP via ODL/Karaf there is the request for Pax Web 9 with Jetty 10 because of problem with oauth registration. See: [https://jira.onap.org/browse/CCSDK-3862.] 

Question: When the upgrade is available in Karaf?;;;","22/Mar/23 16:05;wborn;[~highstreetherbert], according to these [discussions|https://lists.apache.org/thread/4lwbt9g0w707zomnq6cfx179n8w90d3h] this is targetted for Karaf 4.5.0.;;;","16/Dec/23 09:19;githubbot;rovarga opened a new pull request, #1809:
URL: https://github.com/apache/karaf/pull/1809

   Centralize Jetty version in a property and clean up references to servlet-api, making future upgrades easier.
   


;;;","17/Dec/23 06:11;githubbot;jbonofre commented on PR #1809:
URL: https://github.com/apache/karaf/pull/1809#issuecomment-1859049128

   I will do a manual merge to test and squash.


;;;","17/Dec/23 06:13;githubbot;jbonofre commented on PR #1809:
URL: https://github.com/apache/karaf/pull/1809#issuecomment-1859049339

   FYI: it's what we had before but we changed that as Jetty and servlet api is provided by Pax Web. However, for backward compatibility we add a meta feature. In Karaf 4.5.x, we can completely remove `jetty` feature from Karaf and use `pax-web-jettty` from pax web instead.


;;;","19/Dec/23 18:06;jira-bot;Commit d7e6477f316ed5f89ec17f32462f475b99906559 in karaf's branch refs/heads/main from Robert Varga
[ https://gitbox.apache.org/repos/asf?p=karaf.git;h=d7e6477f31 ]

[KARAF-7544] Use properties to centralize jetty version and servlet api maven coordinates

Signed-off-by: Robert Varga <robert.varga@pantheon.tech>
;;;","19/Dec/23 18:06;githubbot;asfgit closed pull request #1809: [KARAF-7544] Clean up Jetty/servlet-api use
URL: https://github.com/apache/karaf/pull/1809


;;;",,,,,,,,,,,,,,,,,,,,
Fix --patch-module on Instance startup,KARAF-7669,13524311,,Bug,Resolved,KARAF,Karaf,software,jbonofre,,http://karaf.apache.org,Major,Fixed,jbonofre,jbonofre,jbonofre,11/Feb/23 05:57,07/Sep/23 08:17,06/Sep/26 16:38,07/Sep/23 08:17,,,,,,4.3.10,4.4.4,,,,karaf,,,,,0,,,,,,,"When starting child instance (in the InstanceService), the path used in --patch-module is not fully correct (relative to root instance instead of absolute path).",,,,,,,,,,,,,,,,,,,,,,,,,,,,,,,,,,,,,,,,,,,0.0,,,,,,,,,,,,,,,,,,,,,,no_permission,,,,,,,,,,,,,,,,,,,,,9223372036854775807,,,,Thu Sep 07 08:17:38 UTC 2023,,,,,,,,,,0|z1fv4g:,9223372036854775807,,,,,,,,,,,,4.3.10,4.4.4,,,,,,,,,,,"07/Sep/23 08:16;jira-bot;Commit 22c47ccfee5a77719d4bc6f599a8b9b46ae27296 in karaf's branch refs/heads/main from JB Onofré
[ https://gitbox.apache.org/repos/asf?p=karaf.git;h=22c47ccfee ]

KARAF-7669: Fix --patch-module on child instances
;;;","07/Sep/23 08:16;jira-bot;Commit 5ce35ec23af851e20a22bd2c5794a525ea105a84 in karaf's branch refs/heads/main from JB Onofré
[ https://gitbox.apache.org/repos/asf?p=karaf.git;h=5ce35ec23a ]

Merge pull request #1764 from jbonofre/KARAF-7669

KARAF-7669: Fix --patch-module on child instances;;;","07/Sep/23 08:17;jira-bot;Commit f45581e57ccdf37196dd721480b24f028244bd6b in karaf's branch refs/heads/karaf-4.3.x from JB Onofré
[ https://gitbox.apache.org/repos/asf?p=karaf.git;h=f45581e57c ]

KARAF-7669: Fix --patch-module on child instances

(cherry picked from commit 22c47ccfee5a77719d4bc6f599a8b9b46ae27296)
;;;",,,,,,,,,,,,,,,,,,,,,,,,,
Set compiler target version to 11,KARAF-7499,13468383,,Improvement,Open,KARAF,Karaf,software,jbonofre,,http://karaf.apache.org,Major,,jbonofre,jbonofre,jbonofre,25/Jun/22 05:54,09/Jan/23 09:08,06/Sep/26 16:38,,,,,,,,,,,,karaf,,,,,0,,,,,,,,,,,,,,,,,,,,,,,,,,,,,,,,,,,,,,,,,,,,,,,,,,0.0,,,,,,,,,,,,,,,,,,,,,,no_permission,,,,,,,,,,,,,,,,,,,,,9223372036854775807,,,,2022-06-25 05:54:49.0,,,,,,,,,,0|z16cq8:,9223372036854775807,,,,,,,,,,,,4.5.0,,,,,,,,,,,,,,,,,,,,,,,,,,,,,,,,,,,,,,,
Upgrade to Felix eventadmin 1.6.4,KARAF-7539,13479630,,Dependency upgrade,Resolved,KARAF,Karaf,software,jbonofre,,http://karaf.apache.org,Major,Fixed,jbonofre,jbonofre,jbonofre,01/Sep/22 09:19,05/Sep/22 13:33,06/Sep/26 16:38,05/Sep/22 13:33,,,,,,4.3.8,4.4.2,,,,karaf,,,,,0,,,,,,,,,,,,,,,,,,,,,,,,,,,,,,,,,,,,,,,,,,,,,,,,,,0.0,,,,,,,,,,,,,,,,,,,,,,no_permission,,,,,,,,,,,,,,,,,,,,,9223372036854775807,,,,Mon Sep 05 13:33:32 UTC 2022,,,,,,,,,,0|z188i0:,9223372036854775807,,,,,,,,,,,,4.3.8,4.4.2,,,,,,,,,,,"05/Sep/22 13:32;githubbot;jbonofre merged PR #1619:
URL: https://github.com/apache/karaf/pull/1619


;;;","05/Sep/22 13:32;jira-bot;Commit f1bd11064697726222bbc278c75ff5b0f4951a4d in karaf's branch refs/heads/main from Jean-Baptiste Onofré
[ https://gitbox.apache.org/repos/asf?p=karaf.git;h=f1bd110646 ]

[KARAF-7539] Upgrade to Felix eventadmin 1.6.4
;;;","05/Sep/22 13:32;jira-bot;Commit 2b1c136f27acc102252bff54b95268344ae139f1 in karaf's branch refs/heads/main from Jean-Baptiste Onofré
[ https://gitbox.apache.org/repos/asf?p=karaf.git;h=2b1c136f27 ]

Merge pull request #1619 from jbonofre/KARAF-7539

[KARAF-7539] Upgrade to Felix eventadmin 1.6.4;;;","05/Sep/22 13:33;jira-bot;Commit bd1f941012afa98f66eb3d849173bf665cb2d3c3 in karaf's branch refs/heads/karaf-4.3.x from Jean-Baptiste Onofré
[ https://gitbox.apache.org/repos/asf?p=karaf.git;h=bd1f941012 ]

[KARAF-7539] Upgrade to Felix eventadmin 1.6.4

(cherry picked from commit f1bd11064697726222bbc278c75ff5b0f4951a4d)
;;;",,,,,,,,,,,,,,,,,,,,,,,,
Service PID for a JSON configuration,KARAF-7736,13545433,,Improvement,Resolved,KARAF,Karaf,software,jbonofre,,http://karaf.apache.org,Minor,Fixed,jbonofre,jherkel,jherkel,30/Jul/23 16:42,08/Sep/23 03:46,06/Sep/26 16:38,08/Sep/23 03:46,4.4.3,,,,,4.3.10,4.4.4,,,,karaf,,,,,0,,,,,,,"I tried to use a  json configuration with Karaf 4.4.3. For example I
created a test.cfg.json:
{code:java}
{
  ""test1"":""testString"",
  ""test2"":false
} {code}
I can see that Karaf read this config viac config:list
{code:java}
Pid:            test.cfg
BundleLocation: ?
Properties:
   felix.fileinstall.filename =
file:/home/jakub/java/apache-karaf-4.4.3/etc/test.cfg.json
   service.pid = test.cfg
   test1 = testString
   test2 = false {code}

But what is little surprise for me is that a service pid is
""test.cfg"". I assume that cfg.json is an extension for json files in
the Karaf and the service pid is constructed as <pid>.cfg.json. We
have lot of blueprints where config (with cfg extension) is referenced
with ""<pid>.cfg"" scheme. That is why I will have to change lot of
files if it is necessary to append .cfg for every
cm:managed-properties elements.



Service PID for JSON is created by this method
{code:java}
    public static ConfigurationPID parseFilename(final String filename) {
        final String pid = filename.substring(0, filename.lastIndexOf('.'));
        return parsePid(pid);
    } {code}
As for me it would be better if parseFilename created pid also from a
file extension, what do you mean? Pid will be the same i.e .cfg
.config .cfg.json all will have the same pid.{color:#888888}
{color}",,,,,,,,,,,,,,,,,,,,,,,,,,,,,,,,,,,,,,,,,,,0.0,,,,,,,,,,,,,,,,,,,,,,no_permission,,,,,,,,,,,,,,,,,,,,,9223372036854775807,,,,Fri Sep 08 03:46:24 UTC 2023,,,,,,,,,,0|z1jgxs:,9223372036854775807,,,,,,,,,,,,4.3.10,4.4.4,,,,,,,,,,,"30/Jul/23 21:44;olli;[~jherkel], [~jbonofre], That is a bug. The ConfigurationPID provides already a method which takes a file extension into account and has tests for different extensions (and result is always the same PID). See my old PR: [https://github.com/apache/karaf/pull/1346/files];;;",31/Jul/23 11:56;jbonofre;[~jherkel] which Karaf version are you using ? 4.4.3 correct ?;;;,"08/Sep/23 03:45;jira-bot;Commit 8704119eec4cece1f049a92bd1d992c289dfbc09 in karaf's branch refs/heads/main from JB Onofré
[ https://gitbox.apache.org/repos/asf?p=karaf.git;h=8704119eec ]

KARAF-7736: fix PID/filename parsing for json cfg file
;;;","08/Sep/23 03:45;jira-bot;Commit f31c0e712952fb7bbb38a5d7189fa3d01c6c521b in karaf's branch refs/heads/main from JB Onofré
[ https://gitbox.apache.org/repos/asf?p=karaf.git;h=f31c0e7129 ]

Merge pull request #1767 from jbonofre/KARAF-7736

KARAF-7736: fix PID/filename parsing for json cfg file;;;","08/Sep/23 03:46;jira-bot;Commit 7ab53651100168ea1b4e14a93d6e600ef2e82158 in karaf's branch refs/heads/karaf-4.3.x from JB Onofré
[ https://gitbox.apache.org/repos/asf?p=karaf.git;h=7ab5365110 ]

KARAF-7736: fix PID/filename parsing for json cfg file

(cherry picked from commit 8704119eec4cece1f049a92bd1d992c289dfbc09)
;;;",,,,,,,,,,,,,,,,,,,,,,,
Upgrade to Spring 5.2.13.RELEASE,KARAF-7063,13362619,,Dependency upgrade,Resolved,KARAF,Karaf,software,jbonofre,,http://karaf.apache.org,Major,Fixed,jbonofre,jbonofre,jbonofre,05/Mar/21 14:54,07/Mar/21 06:07,06/Sep/26 16:38,07/Mar/21 06:07,,,,,,4.2.11,4.3.1,,,,karaf,,,,,0,,,,,,,,,,,,,,,,,,,,,,,,,,,,,,,,,,,,,,,,,,,,,,,,,,0.0,,,,,,,,,,,,,,,,,,,,,,no_permission,,,,,,,,,,,,,,,,,,,,,9223372036854775807,,,,Sun Mar 07 06:07:29 UTC 2021,,,,,,,,,,0|z0oceo:,9223372036854775807,,,,,,,,,,,,4.2.11,4.3.1,,,,,,,,,,,"06/Mar/21 06:12;githubbot;jbonofre opened a new pull request #1322:
URL: https://github.com/apache/karaf/pull/1322


   


----------------------------------------------------------------
This is an automated message from the Apache Git Service.
To respond to the message, please log on to GitHub and use the
URL above to go to the specific comment.

For queries about this service, please contact Infrastructure at:
users@infra.apache.org
;;;","07/Mar/21 06:06;jira-bot;Commit 53f15d8e421f721d07a3686a10b1d5d41c459544 in karaf's branch refs/heads/master from jbonofre
[ https://gitbox.apache.org/repos/asf?p=karaf.git;h=53f15d8 ]

[KARAF-7063] Upgrade to Spring 5.2.13.RELEASE
;;;","07/Mar/21 06:06;jira-bot;Commit 8250f0a6d4b0d6d74c0e18d4eedc663bd4009edf in karaf's branch refs/heads/master from Jean-Baptiste Onofré
[ https://gitbox.apache.org/repos/asf?p=karaf.git;h=8250f0a ]

Merge pull request #1322 from jbonofre/KARAF-7063

[KARAF-7063] Upgrade to Spring 5.2.13.RELEASE;;;","07/Mar/21 06:06;jira-bot;Commit 8250f0a6d4b0d6d74c0e18d4eedc663bd4009edf in karaf's branch refs/heads/master from Jean-Baptiste Onofré
[ https://gitbox.apache.org/repos/asf?p=karaf.git;h=8250f0a ]

Merge pull request #1322 from jbonofre/KARAF-7063

[KARAF-7063] Upgrade to Spring 5.2.13.RELEASE;;;","07/Mar/21 06:06;githubbot;jbonofre merged pull request #1322:
URL: https://github.com/apache/karaf/pull/1322


   


----------------------------------------------------------------
This is an automated message from the Apache Git Service.
To respond to the message, please log on to GitHub and use the
URL above to go to the specific comment.

For queries about this service, please contact Infrastructure at:
users@infra.apache.org
;;;","07/Mar/21 06:07;jira-bot;Commit 76445c535f0ce3ac2e84bbd742fda17f4ff1c1ae in karaf's branch refs/heads/karaf-4.2.x from jbonofre
[ https://gitbox.apache.org/repos/asf?p=karaf.git;h=76445c5 ]

[KARAF-7063] Upgrade to Spring 5.2.13.RELEASE

(cherry picked from commit 53f15d8e421f721d07a3686a10b1d5d41c459544)
;;;",,,,,,,,,,,,,,,,,,,,,,
kar file not installed automatically from deploy folder,KARAF-7354,13422545,,Bug,Resolved,KARAF,Karaf,software,jbonofre,,http://karaf.apache.org,Major,Fixed,jbonofre,akhaware,akhaware,13/Jan/22 14:42,13/Jan/22 16:11,06/Sep/26 16:38,13/Jan/22 14:58,4.2.14,,,,,4.2.15,,,,,karaf,,,,,0,,,,,,,"I am facing a strange problem while upgrading karaf from 4.2.9 to 4.2.14.

With *4.2.9* I used to keep the kar file in deploy folder and when karaf used to start, it used to pick the kar file for installing the feature from my code where {{FeaturesService > listFeatures()}} had the entries for kar file feature.

But in {*}4.2.14{*}, on starting karaf {{FeaturesService > listFeatures()}} doesn't have entries for kar file feature. This is preventing kar file to load and required feature/s are not installed. Only when after starting the karaf, if I put the kar file in deploy folder, it is picked up. This is not the way I want. I need to put the kar file in deploy well in advance.

I can't add the repository as there will be variety of kar file that can be put inside deploy folder based on requirement.

What has changed between 4.2.9 to 4.2.14? What should be done to make this working?",,,,,,,,,,,,,,,,,,,,,,,,,,,,,,,,,,,,,,,,,,,0.0,,,,,,,,,,,,,,,,,,,,,,no_permission,,,,,,,,,,,,,,,,,,,,,9223372036854775807,,,,Thu Jan 13 16:04:16 UTC 2022,,,,,,,,,,0|z0ykcg:,9223372036854775807,,,,,,,,,,,,,,,,,,,,,,,,"13/Jan/22 14:57;jbonofre;This is due to an issue in Felix FileInstall 3.7.0/3.7.2.

I fixed that in FileInstall 3.7.4 (and so in Karaf 4.2.15 currently in vote). I suggest to upgrade to Karaf 4.2.15 (that will be available tomorrow).;;;",13/Jan/22 16:04;akhaware;Many Thanks for the update.;;;,,,,,,,,,,,,,,,,,,,,,,,,,,
Upgrade to Jetty 9.4.50.v20221201,KARAF-7650,13522250,,Dependency upgrade,Resolved,KARAF,Karaf,software,jbonofre,,http://karaf.apache.org,Major,Fixed,jbonofre,jbonofre,jbonofre,31/Jan/23 15:29,13/Feb/23 16:41,06/Sep/26 16:38,13/Feb/23 16:41,,,,,,decanter-2.10.0,,,,,decanter,,,,,0,,,,,,,,,,,,,,,,,,,,,,,,,,,,,,,,,,,,,,,,,,,,,,,,,,0.0,,,,,,,,,,,,,,,,,,,,,,no_permission,,,,,,,,,,,,,,,,,,,,,9223372036854775807,,,,Mon Feb 13 16:40:40 UTC 2023,,,,,,,,,,0|z1figo:,9223372036854775807,,,,,,,,,,,,decanter-2.10.0,,,,,,,,,,,,"13/Feb/23 16:40;githubbot;jbonofre merged PR #326:
URL: https://github.com/apache/karaf-decanter/pull/326


;;;","13/Feb/23 16:40;jira-bot;Commit 8c3a4b85d31b016bf6d3097635163e630c0cf70c in karaf-decanter's branch refs/heads/main from Jean-Baptiste Onofré
[ https://gitbox.apache.org/repos/asf?p=karaf-decanter.git;h=8c3a4b85 ]

[KARAF-7650] Upgrade to jetty 9.4.50.v20221201
;;;","13/Feb/23 16:40;jira-bot;Commit 240cd1c1114a2c07659ee1097b8da6c80f1418dc in karaf-decanter's branch refs/heads/main from JB Onofré
[ https://gitbox.apache.org/repos/asf?p=karaf-decanter.git;h=240cd1c1 ]

Merge pull request #326 from jbonofre/KARAF-7650

[KARAF-7650] Upgrade to jetty 9.4.50.v20221201;;;",,,,,,,,,,,,,,,,,,,,,,,,,
Upgrade to Spring Security 5.6.1,KARAF-7319,13421066,,Dependency upgrade,Resolved,KARAF,Karaf,software,jbonofre,,http://karaf.apache.org,Major,Fixed,jbonofre,jbonofre,jbonofre,06/Jan/22 13:07,08/Jan/22 10:06,06/Sep/26 16:38,07/Jan/22 09:29,,,,,,4.3.6,4.4.0,,,,karaf,,,,,0,,,,,,,,,,,,,,,,,,,,,,,,,,,,,,,,,,,,,,,,,,,,,,,,,,0.0,,,,,,,,,,,,,,,,,,,,,,no_permission,,,,,,,,,,,,,,,,,,,,,9223372036854775807,,,,Sat Jan 08 10:06:21 UTC 2022,,,,,,,,,,0|z0yb8g:,9223372036854775807,,,,,,,,,,,,4.3.6,4.4.0,,,,,,,,,,,"07/Jan/22 09:29;jira-bot;Commit c0832dc07489627bb70451943293afe8e83f0f51 in karaf's branch refs/heads/main from Jean-Baptiste Onofré
[ https://gitbox.apache.org/repos/asf?p=karaf.git;h=c0832dc ]

[KARAF-7319] Upgrade to Spring Security 5.6.1
;;;","07/Jan/22 09:29;jira-bot;Commit 81a37bfcf8efc39ab62fd18f19d360f152daa303 in karaf's branch refs/heads/main from Jean-Baptiste Onofré
[ https://gitbox.apache.org/repos/asf?p=karaf.git;h=81a37bf ]

Merge pull request #1479 from jbonofre/KARAF-7319

[KARAF-7319] Upgrade to Spring Security 5.6.1;;;","07/Jan/22 09:29;githubbot;jbonofre merged pull request #1479:
URL: https://github.com/apache/karaf/pull/1479


   


-- 
This is an automated message from the Apache Git Service.
To respond to the message, please log on to GitHub and use the
URL above to go to the specific comment.

To unsubscribe, e-mail: commits-unsubscribe@karaf.apache.org

For queries about this service, please contact Infrastructure at:
users@infra.apache.org
;;;","07/Jan/22 09:29;jira-bot;Commit c469e79bdfa8f88a5c39504544a39c4a7597b0a6 in karaf's branch refs/heads/karaf-4.3.x from Jean-Baptiste Onofré
[ https://gitbox.apache.org/repos/asf?p=karaf.git;h=c469e79 ]

[KARAF-7319] Upgrade to Spring Security 5.6.1

(cherry picked from commit c0832dc07489627bb70451943293afe8e83f0f51)
;;;","08/Jan/22 10:06;githubbot;jbonofre merged pull request #1479:
URL: https://github.com/apache/karaf/pull/1479


   


-- 
This is an automated message from the Apache Git Service.
To respond to the message, please log on to GitHub and use the
URL above to go to the specific comment.

To unsubscribe, e-mail: commits-unsubscribe@karaf.apache.org

For queries about this service, please contact Infrastructure at:
users@infra.apache.org
;;;",,,,,,,,,,,,,,,,,,,,,,,
Custom InfoProvider missing with system:info command output,KARAF-7795,13564049,,Bug,Resolved,KARAF,Karaf,software,jbonofre,,http://karaf.apache.org,Major,Fixed,ldywicki,ldywicki,ldywicki,09/Jan/24 12:40,30/Mar/24 06:26,06/Sep/26 16:38,30/Mar/24 06:26,4.2.16,,,,,4.4.6,4.5.0,,,,karaf,,,,,0,,,,,,,"Past versions of {{system:info}} command produced extra output at the bottom of list with information about custom info providers and their properties. It allowed to describe additional aspects which are enabled at runtime. This information is gone since quite a while as shell action handling been refactored.

This is one of less known features which been present in early versions of Karaf, but got forgotten/lost over time.",,,,,,,,,,,,,,,,,,,,,,,,,,,,,,,,,,,,,,,,,,,0.0,,,,,,,,,,,,,,,,,,,,,,no_permission,,,,,,,,,,,,,,,,,,,,,9223372036854775807,,,,Tue Jan 09 12:51:54 UTC 2024,,,,,,,,,,0|z1mn28:,9223372036854775807,,,,,,,,,,,,4.4.6,4.5.0,,,,,,,,,,,"09/Jan/24 12:41;jira-bot;Commit 3aa0d37074a50ad33dfc5b80d50e96b6faf62d5c in karaf's branch refs/heads/karaf-4.2.x from Łukasz Dywicki
[ https://gitbox.apache.org/repos/asf?p=karaf.git;h=3aa0d37074 ]

KARAF-7795 Fix handling of custom info providers in shell:info command.

Signed-off-by: Łukasz Dywicki <luke@code-house.org>
;;;","09/Jan/24 12:43;jira-bot;Commit 192eff4f795f76c918a99ecd6c0a28a265846977 in karaf's branch refs/heads/karaf-4.3.x from Łukasz Dywicki
[ https://gitbox.apache.org/repos/asf?p=karaf.git;h=192eff4f79 ]

KARAF-7795 Fix handling of custom info providers in shell:info command.

Signed-off-by: Łukasz Dywicki <luke@code-house.org>
;;;","09/Jan/24 12:50;jira-bot;Commit cba422e8103d8677e313ef95c3c0f171cbd82c0e in karaf's branch refs/heads/main from Łukasz Dywicki
[ https://gitbox.apache.org/repos/asf?p=karaf.git;h=cba422e810 ]

KARAF-7795 Fix handling of custom info providers in shell:info command.

Signed-off-by: Łukasz Dywicki <luke@code-house.org>
;;;","09/Jan/24 12:51;jira-bot;Commit ce6cb4ca660429d0dfa527c0c0e475d245ef7a10 in karaf's branch refs/heads/karaf-4.4.x from Łukasz Dywicki
[ https://gitbox.apache.org/repos/asf?p=karaf.git;h=ce6cb4ca66 ]

KARAF-7795 Fix handling of custom info providers in shell:info command.

Signed-off-by: Łukasz Dywicki <luke@code-house.org>
;;;",,,,,,,,,,,,,,,,,,,,,,,,
Duplicate metric names when using JMX collector and camel routes,KARAF-7704,13541539,,Bug,Resolved,KARAF,Karaf,software,jbonofre,,http://karaf.apache.org,Major,Duplicate,jbonofre,sshikov,sshikov,27/Jun/23 09:37,05/Feb/25 15:19,06/Sep/26 16:38,05/Feb/25 15:19,decanter-2.10.0,decanter-2.9.0,,,,,,,,,decanter,,,,,0,,,,,,,"When I'm trying to collect Camel metrics from multiple routes, I'm adding something like this:

object.name.routes=org.apache.camel:context=camelContext,type=routes,name=*

to org.apache.karaf.decanter.collector.jmx-local.cfg.

As a result I expect to see at least one metric for every route in Prometeus. But only one metric is added, because all MBeans for routes have the same property name, like Counter, so I have exception in PropemeteusServlet on code line:

gauge = Gauge.build().name(convertedProperty).help(property + ""."" + entry.getKey()).register();

Error message tells that gauge with this name is already registered.",,,,,,,,,,,,,,,,,,,,,,,,,,,,,,,,,,,,,,,,,,,0.0,,,,,,,,,,,,,,,,,,,,,,no_permission,,,,,,,,,,,,,,,,,,,,,9223372036854775807,,,,Wed Feb 05 15:19:37 UTC 2025,,,,,,,,,,0|z1it00:,9223372036854775807,,,,,,,,,,,,,,,,,,,,,,,,05/Feb/25 15:19;jbonofre;Moved to GitHub: https://github.com/apache/karaf-decanter/issues/356;;;,,,,,,,,,,,,,,,,,,,,,,,,,,,
Add JAAS Subject to Karaf shell session,KARAF-7805,13567451,,Improvement,Resolved,KARAF,Karaf,software,jbonofre,,http://karaf.apache.org,Minor,Fixed,jbonofre,mattrpav,mattrpav,05/Feb/24 16:41,03/Jul/25 07:50,06/Sep/26 16:38,03/Jul/25 07:50,,,,,,4.4.8,4.5.0,,,,karaf,,,,,0,,,,,,,"JDK deprecation (for removal) of SecurityManager is going take AcccessController and AccessControlContext classes with it. 

We need to stick the JAAS Subject on the Karaf Shell Session to allow commands and other utilities the ability to get the current logged in user.

karaf/shell/console ShellUtil:
{noformat}
AccessControlContext acc = AccessController.getContext();
final Subject subject = Subject.getSubject(acc);
{noformat}",,,,,,,,,,,,,,,,,,,,,,,,,,,,,,,,,,,,,,,,,,,0.0,,,,,,,,,,,,,,,,,,,,,,no_permission,,,,,,,,,,,,,,,,,,,,,9223372036854775807,,,,Thu Jul 03 07:50:45 UTC 2025,,,,,,,,,,0|z1n81s:,9223372036854775807,,,,,,,,,,,,4.4.8,4.5.0,,,,,,,,,,,"08/May/25 15:04;githubbot;mattrpav opened a new pull request, #1946:
URL: https://github.com/apache/karaf/pull/1946

   (no comment)


;;;","08/May/25 15:46;githubbot;jbonofre commented on code in PR #1946:
URL: https://github.com/apache/karaf/pull/1946#discussion_r2079990083


##########
shell/ssh/src/main/java/org/apache/karaf/shell/ssh/ShellCommand.java:
##########
@@ -62,7 +62,7 @@ public class ShellCommand implements Command {
     private OutputStream out;
     private OutputStream err;
     private ExitCallback callback;
-    private ServerSession session;
+    private ServerSession serverSession;

Review Comment:
   Why changing the name here ? It's causing noise for nothing (this class is not actually chaanged in the PR).



##########
shell/ssh/src/main/java/org/apache/karaf/shell/ssh/ShellFactoryImpl.java:
##########
@@ -108,6 +108,7 @@ public void start(ChannelSession channelSession, Environment environment) throws
                 for (Map.Entry<String, String> e : environment.getEnv().entrySet()) {
                     shell.put(e.getKey(), e.getValue());
                 }
+                shell.put(Subject.class.getName(), subject);

Review Comment:
   Is it not potentially a security ""issue"" ? I'm fine adding the `Subject` in the session, but wonder if it's very useful.



;;;","08/May/25 15:56;githubbot;mattrpav commented on code in PR #1946:
URL: https://github.com/apache/karaf/pull/1946#discussion_r2080008761


##########
shell/ssh/src/main/java/org/apache/karaf/shell/ssh/ShellCommand.java:
##########
@@ -62,7 +62,7 @@ public class ShellCommand implements Command {
     private OutputStream out;
     private OutputStream err;
     private ExitCallback callback;
-    private ServerSession session;
+    private ServerSession serverSession;

Review Comment:
   There are two variables used in the start() method (starts line 91) named 'session' of different type. One is scoped with this. and the other is method scoped. I renamed this to make it clearer.



;;;","08/May/25 15:58;githubbot;jbonofre commented on code in PR #1946:
URL: https://github.com/apache/karaf/pull/1946#discussion_r2080012835


##########
shell/ssh/src/main/java/org/apache/karaf/shell/ssh/ShellCommand.java:
##########
@@ -62,7 +62,7 @@ public class ShellCommand implements Command {
     private OutputStream out;
     private OutputStream err;
     private ExitCallback callback;
-    private ServerSession session;
+    private ServerSession serverSession;

Review Comment:
   Hmm, ok.



;;;","08/May/25 16:03;githubbot;mattrpav commented on code in PR #1946:
URL: https://github.com/apache/karaf/pull/1946#discussion_r2080024456


##########
shell/ssh/src/main/java/org/apache/karaf/shell/ssh/ShellFactoryImpl.java:
##########
@@ -108,6 +108,7 @@ public void start(ChannelSession channelSession, Environment environment) throws
                 for (Map.Entry<String, String> e : environment.getEnv().entrySet()) {
                     shell.put(e.getKey(), e.getValue());
                 }
+                shell.put(Subject.class.getName(), subject);

Review Comment:
   The JDK is deprecating for _removal_ the AccessController and AccessControlContext classes and newer JDK builds are starting to have those classes unavailable.
   
   The solution is to start passing around the Subject in-session, so we can safely start removing the AccessController references in parts of Karaf.
   
   To ensure any Karaf command or other module using the Subject do not modify the contents, the Subject should be created with the readOnly flag set to 'true'.
   
   ref: https://docs.oracle.com/en/java/javase/21/docs/api/java.base/java/security/AccessController.html



;;;","08/May/25 16:06;githubbot;mattrpav commented on code in PR #1946:
URL: https://github.com/apache/karaf/pull/1946#discussion_r2080024456


##########
shell/ssh/src/main/java/org/apache/karaf/shell/ssh/ShellFactoryImpl.java:
##########
@@ -108,6 +108,7 @@ public void start(ChannelSession channelSession, Environment environment) throws
                 for (Map.Entry<String, String> e : environment.getEnv().entrySet()) {
                     shell.put(e.getKey(), e.getValue());
                 }
+                shell.put(Subject.class.getName(), subject);

Review Comment:
   The JDK is deprecating for _removal_ the AccessController and AccessControlContext classes and newer JDK builds are starting to have those classes unavailable.
   
   The solution is to start passing around the Subject in-session, so we can safely start removing the AccessController references in parts of Karaf.
   
   To ensure any Karaf command or other module using the Subject do not modify the contents, the Subject should be created with the readOnly flag set to 'true'.
   
   Places like here will need to by modified to set the readOnly flag:
   
   ref: https://github.com/apache/karaf/blob/a021c6b4c22a0678b82cdf18ae2567e64b8add1c/shell/ssh/src/main/java/org/apache/karaf/shell/ssh/KarafJaasAuthenticator.java#L87
   
   Deprecation:
   ref: https://docs.oracle.com/en/java/javase/21/docs/api/java.base/java/security/AccessController.html



;;;","08/May/25 16:08;githubbot;mattrpav commented on code in PR #1946:
URL: https://github.com/apache/karaf/pull/1946#discussion_r2080024456


##########
shell/ssh/src/main/java/org/apache/karaf/shell/ssh/ShellFactoryImpl.java:
##########
@@ -108,6 +108,7 @@ public void start(ChannelSession channelSession, Environment environment) throws
                 for (Map.Entry<String, String> e : environment.getEnv().entrySet()) {
                     shell.put(e.getKey(), e.getValue());
                 }
+                shell.put(Subject.class.getName(), subject);

Review Comment:
   The JDK is deprecating for _removal_ the AccessController and AccessControlContext classes and newer JDK builds are starting to have those classes unavailable.
   
   The solution is to start passing around the Subject in-session, so we can safely start removing the AccessController references in parts of Karaf.
   
   To ensure any Karaf command or other module using the Subject do not modify the contents, the Subject should be created with the readOnly flag set to 'true'.
   
   Places that perform login operations using LoginContext will need to by modified to set the readOnly flag via subject.setReadOnly():
   
   ref: https://github.com/apache/karaf/blob/a021c6b4c22a0678b82cdf18ae2567e64b8add1c/shell/ssh/src/main/java/org/apache/karaf/shell/ssh/KarafJaasAuthenticator.java#L87
   
   Deprecation:
   ref: https://docs.oracle.com/en/java/javase/21/docs/api/java.base/java/security/AccessController.html



;;;","08/May/25 16:16;githubbot;mattrpav commented on code in PR #1946:
URL: https://github.com/apache/karaf/pull/1946#discussion_r2080024456


##########
shell/ssh/src/main/java/org/apache/karaf/shell/ssh/ShellFactoryImpl.java:
##########
@@ -108,6 +108,7 @@ public void start(ChannelSession channelSession, Environment environment) throws
                 for (Map.Entry<String, String> e : environment.getEnv().entrySet()) {
                     shell.put(e.getKey(), e.getValue());
                 }
+                shell.put(Subject.class.getName(), subject);

Review Comment:
   The JDK is deprecating for _removal_ the AccessController and AccessControlContext classes and newer JDK builds are starting to have those classes unavailable.
   
   The solution is to start passing around the Subject in-session, so we can safely start removing the AccessController references in parts of Karaf.
   
   To ensure any Karaf command or other module using the Subject do not modify the contents, the Subject should be created with the readOnly flag set to 'true'.
   
   Places that perform login operations using LoginContext will need to by modified to set the readOnly flag via subject.setReadOnly():
   
   ref: https://github.com/apache/karaf/blob/a021c6b4c22a0678b82cdf18ae2567e64b8add1c/shell/ssh/src/main/java/org/apache/karaf/shell/ssh/KarafJaasAuthenticator.java#L87
   
   Deprecation:
   ref: https://docs.oracle.com/en/java/javase/21/docs/api/java.base/java/security/AccessController.html
   
   EDIT: Note, modules could call .destroy() on the session, but I think that's ok since they'd be invalidating their own Subject instance and any other access to that Subject instance should simply start failing due to permissions.



;;;","08/May/25 16:16;githubbot;mattrpav commented on code in PR #1946:
URL: https://github.com/apache/karaf/pull/1946#discussion_r2080024456


##########
shell/ssh/src/main/java/org/apache/karaf/shell/ssh/ShellFactoryImpl.java:
##########
@@ -108,6 +108,7 @@ public void start(ChannelSession channelSession, Environment environment) throws
                 for (Map.Entry<String, String> e : environment.getEnv().entrySet()) {
                     shell.put(e.getKey(), e.getValue());
                 }
+                shell.put(Subject.class.getName(), subject);

Review Comment:
   The JDK is deprecating for _removal_ the AccessController and AccessControlContext classes and newer JDK builds are starting to have those classes unavailable.
   
   The solution is to start passing around the Subject in-session, so we can safely start removing the AccessController references in parts of Karaf.
   
   To ensure any Karaf command or other module using the Subject do not modify the contents, the Subject should be created with the readOnly flag set to 'true'.
   
   Places that perform login operations using LoginContext will need to by modified to set the readOnly flag via subject.setReadOnly():
   
   ref: https://github.com/apache/karaf/blob/a021c6b4c22a0678b82cdf18ae2567e64b8add1c/shell/ssh/src/main/java/org/apache/karaf/shell/ssh/KarafJaasAuthenticator.java#L87
   
   Deprecation:
   ref: https://docs.oracle.com/en/java/javase/21/docs/api/java.base/java/security/AccessController.html
   
   EDIT: Note, modules could call .destroy() on the session's Subject instance, but I think that's ok since they'd be invalidating their own Subject instance and any other access to that Subject instance should simply start failing due to permissions.



;;;","08/May/25 16:19;githubbot;mattrpav commented on code in PR #1946:
URL: https://github.com/apache/karaf/pull/1946#discussion_r2080024456


##########
shell/ssh/src/main/java/org/apache/karaf/shell/ssh/ShellFactoryImpl.java:
##########
@@ -108,6 +108,7 @@ public void start(ChannelSession channelSession, Environment environment) throws
                 for (Map.Entry<String, String> e : environment.getEnv().entrySet()) {
                     shell.put(e.getKey(), e.getValue());
                 }
+                shell.put(Subject.class.getName(), subject);

Review Comment:
   The JDK is deprecating for _removal_ the AccessController and AccessControlContext classes and newer JDK builds are starting to have those classes unavailable.
   
   The solution is to start passing around the Subject in-session, so we can safely start removing the AccessController references in parts of Karaf.
   
   To ensure any Karaf command or other module using the Subject do not modify the contents, the Subject should be created with the readOnly flag set to 'true'.
   
   Places that perform login operations using LoginContext will need to by modified to set the readOnly flag via subject.setReadOnly():
   
   ref: https://github.com/apache/karaf/blob/a021c6b4c22a0678b82cdf18ae2567e64b8add1c/shell/ssh/src/main/java/org/apache/karaf/shell/ssh/KarafJaasAuthenticator.java#L87
   
   Deprecation:
   ref: https://docs.oracle.com/en/java/javase/21/docs/api/java.base/java/security/AccessController.html
   



;;;","08/May/25 16:20;githubbot;mattrpav commented on code in PR #1946:
URL: https://github.com/apache/karaf/pull/1946#discussion_r2080024456


##########
shell/ssh/src/main/java/org/apache/karaf/shell/ssh/ShellFactoryImpl.java:
##########
@@ -108,6 +108,7 @@ public void start(ChannelSession channelSession, Environment environment) throws
                 for (Map.Entry<String, String> e : environment.getEnv().entrySet()) {
                     shell.put(e.getKey(), e.getValue());
                 }
+                shell.put(Subject.class.getName(), subject);

Review Comment:
   The JDK is deprecating for _removal_ the SecurityManager, AccessController, and AccessControlContext classes and newer JDK builds are starting to have those classes unavailable.
   
   The solution is to start passing around the Subject in-session, so we can safely start removing the AccessController references in parts of Karaf.
   
   To ensure any Karaf command or other module using the Subject do not modify the contents, the Subject should be created with the readOnly flag set to 'true'.
   
   Places that perform login operations using LoginContext will need to by modified to set the readOnly flag via subject.setReadOnly():
   
   ref: https://github.com/apache/karaf/blob/a021c6b4c22a0678b82cdf18ae2567e64b8add1c/shell/ssh/src/main/java/org/apache/karaf/shell/ssh/KarafJaasAuthenticator.java#L87
   
   Deprecation:
   ref: https://docs.oracle.com/en/java/javase/21/docs/api/java.base/java/lang/SecurityManager.html
   
   ref: https://docs.oracle.com/en/java/javase/21/docs/api/java.base/java/security/AccessController.html
   



;;;","03/Jul/25 07:50;githubbot;jbonofre merged PR #1946:
URL: https://github.com/apache/karaf/pull/1946


;;;","03/Jul/25 07:50;jira-bot;Commit 0d836aac632488c769567ddd347cb7ddf0429b12 in karaf's branch refs/heads/main from Matt Pavlovich
[ https://gitbox.apache.org/repos/asf?p=karaf.git;h=0d836aac63 ]

[KARAF-7805] Add JAAS Subject to SSH shell session
;;;","03/Jul/25 07:50;jira-bot;Commit 0caf22c54f993374bd54e4daf0480ce1bf163c26 in karaf's branch refs/heads/main from JB Onofré
[ https://gitbox.apache.org/repos/asf?p=karaf.git;h=0caf22c54f ]

Merge pull request #1946 from mattrpav/KARAF-7805

[KARAF-7805] Add JAAS Subject to SSH shell session;;;","03/Jul/25 07:50;jira-bot;Commit 0fec7d67e4242fdae5340e9ac941dee3a1b185ce in karaf's branch refs/heads/karaf-4.4.x from Matt Pavlovich
[ https://gitbox.apache.org/repos/asf?p=karaf.git;h=0fec7d67e4 ]

[KARAF-7805] Add JAAS Subject to SSH shell session

(cherry picked from commit 0d836aac632488c769567ddd347cb7ddf0429b12)
;;;",,,,,,,,,,,,,
Upgrade to narayana 5.11.2.Final,KARAF-7142,13377267,,Dependency upgrade,Resolved,KARAF,Karaf,software,jbonofre,,http://karaf.apache.org,Major,Fixed,jbonofre,jbonofre,jbonofre,07/May/21 15:54,08/May/21 04:06,06/Sep/26 16:38,08/May/21 04:06,,,,,,4.2.12,4.3.2,,,,karaf,,,,,0,,,,,,,,,,,,,,,,,,,,,,,,,,,,,,,,,,,,,,,,,,,,,,,,,,0.0,,,,,,,,,,,,,,,,,,,,,,no_permission,,,,,,,,,,,,,,,,,,,,,9223372036854775807,,,,Sat May 08 04:06:43 UTC 2021,,,,,,,,,,0|z0qtwg:,9223372036854775807,,,,,,,,,,,,4.2.12,4.3.2,,,,,,,,,,,"07/May/21 16:35;githubbot;jbonofre opened a new pull request #1372:
URL: https://github.com/apache/karaf/pull/1372


   


-- 
This is an automated message from the Apache Git Service.
To respond to the message, please log on to GitHub and use the
URL above to go to the specific comment.

For queries about this service, please contact Infrastructure at:
users@infra.apache.org
;;;","08/May/21 04:05;githubbot;jbonofre merged pull request #1372:
URL: https://github.com/apache/karaf/pull/1372


   


-- 
This is an automated message from the Apache Git Service.
To respond to the message, please log on to GitHub and use the
URL above to go to the specific comment.

For queries about this service, please contact Infrastructure at:
users@infra.apache.org
;;;","08/May/21 04:05;jira-bot;Commit 3b86904c4e408b8b54bb4265aa68f7fd3fd647c9 in karaf's branch refs/heads/main from jbonofre
[ https://gitbox.apache.org/repos/asf?p=karaf.git;h=3b86904 ]

[KARAF-7142] Upgrade to narayana 5.11.2.Final
;;;","08/May/21 04:05;jira-bot;Commit 255428027e0d0827817eae39ab783284c288594f in karaf's branch refs/heads/main from Jean-Baptiste Onofré
[ https://gitbox.apache.org/repos/asf?p=karaf.git;h=2554280 ]

Merge pull request #1372 from jbonofre/KARAF-7142

[KARAF-7142] Upgrade to narayana 5.11.2.Final;;;","08/May/21 04:05;jira-bot;Commit 255428027e0d0827817eae39ab783284c288594f in karaf's branch refs/heads/main from Jean-Baptiste Onofré
[ https://gitbox.apache.org/repos/asf?p=karaf.git;h=2554280 ]

Merge pull request #1372 from jbonofre/KARAF-7142

[KARAF-7142] Upgrade to narayana 5.11.2.Final;;;","08/May/21 04:06;jira-bot;Commit ccd95eb5b99eff82eb30fb4f5224aa42034d6edf in karaf's branch refs/heads/karaf-4.2.x from jbonofre
[ https://gitbox.apache.org/repos/asf?p=karaf.git;h=ccd95eb ]

[KARAF-7142] Upgrade to narayana 5.11.2.Final

(cherry picked from commit 3b86904c4e408b8b54bb4265aa68f7fd3fd647c9)
;;;",,,,,,,,,,,,,,,,,,,,,,
Upgrade to Felix Framework 7.0.4,KARAF-7441,13446938,,Dependency upgrade,Resolved,KARAF,Karaf,software,jbonofre,,http://karaf.apache.org,Major,Fixed,jbonofre,jbonofre,jbonofre,26/May/22 05:03,26/May/22 14:53,06/Sep/26 16:38,26/May/22 14:53,,,,,,4.4.1,,,,,karaf,,,,,0,,,,,,,,,,,,,,,,,,,,,,,,,,,,,,,,,,,,,,,,,,,,,,,,,,0.0,,,,,,,,,,,,,,,,,,,,,,no_permission,,,,,,,,,,,,,,,,,,,,,9223372036854775807,,,,Thu May 26 14:53:16 UTC 2022,,,,,,,,,,0|z12pa8:,9223372036854775807,,,,,,,,,,,,4.4.1,,,,,,,,,,,,"26/May/22 14:53;githubbot;jbonofre merged PR #1543:
URL: https://github.com/apache/karaf/pull/1543


;;;","26/May/22 14:53;jira-bot;Commit 628fddf017bc66c458b6b0d8d853f04f3d55fba5 in karaf's branch refs/heads/main from Jean-Baptiste Onofré
[ https://gitbox.apache.org/repos/asf?p=karaf.git;h=628fddf017 ]

[KARAF-7441] Upgrade to Felix Framework 7.0.4
;;;","26/May/22 14:53;jira-bot;Commit 0c3d65eafc5a53992b204fcf8cb81e257ef2de6b in karaf's branch refs/heads/main from Jean-Baptiste Onofré
[ https://gitbox.apache.org/repos/asf?p=karaf.git;h=0c3d65eafc ]

Merge pull request #1543 from jbonofre/KARAF-7441

[KARAF-7441] Upgrade to Felix Framework 7.0.4;;;",,,,,,,,,,,,,,,,,,,,,,,,,
Missing package exports for java.net.http and others,KARAF-7431,13442777,,Bug,Resolved,KARAF,Karaf,software,jbonofre,,http://karaf.apache.org,Major,Fixed,jbonofre,nite,nite,02/May/22 11:13,14/Aug/25 11:30,06/Sep/26 16:38,28/Jun/22 03:39,4.3.7,4.4.0,,,,4.3.8,4.4.1,,,,karaf,,,,,0,,,,,,,"maven-bundle-plugin-5.1.5 has adopted bnd-6.2.0, which means the following is in effect by default ( [https://github.com/bndtools/bnd/wiki/Changes-in-5.2.0#bnd=] ): 

 
{noformat}
Bnd will now import java.* packages if the bundle either requires Java 11, or later, or imports the org.osgi.framework package at a version >= 1.9. The importing of java.* packages can be disabled with the instruction -noimportjava: true.{noformat}
This also cross-references [OSGi R7|https://docs.osgi.org/specification/osgi.core/7.0.0/framework.module.html#framework.module-execution.environment].

Attempting to use JDK11-specific features with the updated plugin and Karaf-4.3.7 ends up with:
{noformat}
[ERROR] SingleFeatureTest.installFeatureCatchAndLog(org.opendaylight.odlparent.featuretest.SingleFeatureTest)[repoUrl: file:/home/nite/odl/infrautils/features/odl-infrautils-diagstatus/target/feature/feature.xml, Feature: odl-infrautils-diagstatus 3.0.1.SNAPSHOT]  Time elapsed: 8.53 s  <<< ERROR!
org.apache.felix.resolver.reason.ReasonException: Unable to resolve org.opendaylight.infrautils.diagstatus-shell/3.0.1.SNAPSHOT: missing requirement [org.opendaylight.infrautils.diagstatus-shell/3.0.1.SNAPSHOT] osgi.wiring.package; filter:=""(osgi.wiring.package=java.net.http)""
        at org.apache.felix.resolver.Candidates$MissingRequirementError.toException(Candidates.java:1341)
        at org.apache.felix.resolver.Candidates$MissingRequirementError.toException(Candidates.java:1341)
        at org.apache.felix.resolver.Candidates$MissingRequirementError.toException(Candidates.java:1341)
        at org.apache.felix.resolver.ResolverImpl.doResolve(ResolverImpl.java:433)
        at org.apache.felix.resolver.ResolverImpl.resolve(ResolverImpl.java:420)
        at org.apache.felix.resolver.ResolverImpl.resolve(ResolverImpl.java:374)
        at org.apache.karaf.features.internal.region.SubsystemResolver.resolve(SubsystemResolver.java:257)
        at org.apache.karaf.features.internal.service.Deployer.deploy(Deployer.java:399)
        at org.apache.karaf.features.internal.service.FeaturesServiceImpl.doProvision(FeaturesServiceImpl.java:1069)
        at org.apache.karaf.features.internal.service.FeaturesServiceImpl.lambda$doProvisionInThread$13(FeaturesServiceImpl.java:1004)
        at java.base/java.util.concurrent.FutureTask.run(FutureTask.java:264)
        at java.base/java.util.concurrent.ThreadPoolExecutor.runWorker(ThreadPoolExecutor.java:1136)
        at java.base/java.util.concurrent.ThreadPoolExecutor$Worker.run(ThreadPoolExecutor.java:635)
        at java.base/java.lang.Thread.run(Thread.java:833)

{noformat}
This indicates that Karaf's jre.properties are incomplete at least for Java 11+.

 ",,,,,,,,,,,,,,,,,,,,,,,KARAF-7444,,,,,,KARAF-8000,,,,,,,,,,,,,,0.0,,,,,,,,,,,,,,,,,,,,,,no_permission,,,,,,,,,,,,,,,,,,,,,9223372036854775807,,,,Tue Jun 28 03:39:13 UTC 2022,,,,,,,,,,0|z11zq8:,9223372036854775807,,,,,,,,,,,,4.3.8,4.4.1,,,,,,,,,,,"02/May/22 11:19;jbonofre;Good catch, I will fix that. Thanks !;;;","02/May/22 11:21;nite;PR: [https://github.com/apache/karaf/pull/1537]

Does not deal with JDK8-and-lower. I suspect some amount of pruning will be in order.;;;","06/Jun/22 04:58;jira-bot;Commit 9b0d5be3d85cb2798d1820844633335fa4e2aed6 in karaf's branch refs/heads/main from Robert Varga
[ https://gitbox.apache.org/repos/asf?p=karaf.git;h=9b0d5be3d8 ]

[KARAF-7431] Fix jre.properties
;;;","06/Jun/22 04:58;githubbot;asfgit closed pull request #1537: [KARAF-7431] Fix jre.properties
URL: https://github.com/apache/karaf/pull/1537


;;;","06/Jun/22 04:59;jira-bot;Commit 036949615443108df0d0516b049956765ff94275 in karaf's branch refs/heads/karaf-4.3.x from Robert Varga
[ https://gitbox.apache.org/repos/asf?p=karaf.git;h=0369496154 ]

[KARAF-7431] Fix jre.properties

(cherry picked from commit 9b0d5be3d85cb2798d1820844633335fa4e2aed6)
;;;",13/Jun/22 14:59;jbonofre;This change breaks build on {{{}services/interceptor/impl{}}}. I'm checking and fixing.;;;,"13/Jun/22 15:00;githubbot;jbonofre commented on PR #1537:
URL: https://github.com/apache/karaf/pull/1537#issuecomment-1154033294

   FYI, as mentioned in the Jira, this change breaks itests on `services/interceptor/impl`. I'm fixing there.


;;;",24/Jun/22 17:01;jbonofre;I'm checking why it seems to work on Jenkins (I tested on two different machines locally).;;;,"28/Jun/22 03:38;githubbot;jbonofre merged PR #1555:
URL: https://github.com/apache/karaf/pull/1555


;;;","28/Jun/22 03:38;jira-bot;Commit c314cd9cdede22a8ea650b97a97826d54fdaa643 in karaf's branch refs/heads/main from Jean-Baptiste Onofré
[ https://gitbox.apache.org/repos/asf?p=karaf.git;h=c314cd9cde ]

[KARAF-7431] Fix export packages globally for jre
;;;","28/Jun/22 03:38;jira-bot;Commit e52be7d83dc865b74cdfe4f1fad73c18515a7c03 in karaf's branch refs/heads/main from Jean-Baptiste Onofré
[ https://gitbox.apache.org/repos/asf?p=karaf.git;h=e52be7d83d ]

Merge pull request #1555 from jbonofre/KARAF-7431

[KARAF-7431] Fix export packages globally for jre;;;","28/Jun/22 03:39;jira-bot;Commit a7e45e06010dd376f0f614a928a65e3c64985309 in karaf's branch refs/heads/karaf-4.3.x from Jean-Baptiste Onofré
[ https://gitbox.apache.org/repos/asf?p=karaf.git;h=a7e45e0601 ]

[KARAF-7431] Fix export packages globally for jre

(cherry picked from commit c314cd9cdede22a8ea650b97a97826d54fdaa643)
;;;",,,,,,,,,,,,,,,,
Can't init JMXConnectorServer,KARAF-7366,13425921,,Bug,Open,KARAF,Karaf,software,jbonofre,,http://karaf.apache.org,Critical,,jbonofre,anbarasanm,anbarasanm,01/Feb/22 07:52,04/Feb/22 09:07,06/Sep/26 16:38,,4.3.6,,,,,,,,,,,,,,,1,,,,,,,"o.a.k.management.internal.Activator.doStart 195 - Can't init JMXConnectorServer: sun/rmi/registry/RegistryImpl

 

The above error log comes at the start of the karaf container. 

karaf version - 4.3.5 and 4.3.6

java version - openjdk 11.0.13  - (2021-10-19)

 

 ",,,,,,,,,,,,,,,,,,,,,,,,,,,,,,,,,,,,,,,,,,,0.0,,,,,,,,,,,,,,,,,,,,,,no_permission,,,,,,,,,,,,,,,,,,,,,9223372036854775807,,,,Fri Feb 04 09:02:36 UTC 2022,,,,,,,,,,0|z0z53c:,9223372036854775807,,,,,,,,,,,,,,,,,,,,,,,,03/Feb/22 16:22;jbonofre;I'm not able to reproduce the issue. Is it a custom distribution or Karaf vanilla ?;;;,"04/Feb/22 04:59;anbarasanm;Karaf is built by karaf-maven-plugin.

I believe when we are adding the management feature as bootFeatures this error log comes.

The line of the issue is below.

https://github.com/apache/karaf/blob/0d31150b642ac7c7597964b30a23a535c21cf1e4/management/server/src/main/java/org/apache/karaf/management/ConnectorServerFactory.java#L925

 ;;;","04/Feb/22 07:55;jbonofre;Yes, but it could be a race condition depending how you build your karaf distribution. Can you share the pom.xml you are using to create the distribution ?;;;","04/Feb/22 09:02;anbarasanm;This error log is observed especially in java 11.0.13. Until 11.0.12 it was working fine. 

I believe OpenJDK removed the sun.rmi.registry package from JDK. From the karaf end, you might need to add the package or handle the class differently.

Please find the following build task below.
{code:java}
             <plugin>
                <groupId>org.apache.karaf.tooling</groupId>
                <artifactId>karaf-maven-plugin</artifactId>
                <executions>
                    <execution>
                        <id>install-kar</id>
                        <phase>package</phase>
                        <goals>
                            <goal>assembly</goal>
                        </goals>
                    </execution>
                </executions>
                <configuration>
                    <config>
                        <karaf.framework>equinox</karaf.framework>
                    </config>
                    <installedBundles>
                        <installedBundle>mvn:com.***.jettyservice/fragment</installedBundle>
                    </installedBundles>
                    <bootFeatures>
                        <feature>wrap</feature>
                        <feature>shell</feature>
                        <feature>war</feature>
                        <feature>feature</feature>
                        <feature>ssh</feature>
                        <feature>management</feature>
                        <feature>bundle</feature>
                        <feature>config</feature>
                        <feature>deployer</feature>
                        <feature>diagnostic</feature>
                        <feature>instance</feature>
                        <feature>log</feature>
                        <feature>package</feature>
                        <feature>service</feature>
                        <feature>system</feature>
                    </bootFeatures>
                    <startupFeatures>
                        <feature>eventadmin</feature>
                        <feature>scr</feature>
                        <feature>http</feature>
                        <feature>kubernetes-client</feature>
                        <feature>fabric8-karaf-core</feature>
                        <feature>fabric8-karaf-checks</feature>
                        <feature>fabric8-karaf-cm</feature>
                        <feature>3ppmodules</feature>
                        <feature>servicemodules</feature>
                        <feature>implementationmodules</feature>
                    </startupFeatures>
                    <blacklistedBundles>
                        <blacklistedBundle>mvn:org.ops4j.pax.logging/pax-logging-logback/${org.ops4j.pax.logging.version.excluded}</blacklistedBundle>
                        <blacklistedBundle>mvn:org.ops4j.pax.logging/pax-logging-api/${org.ops4j.pax.logging.version.excluded}</blacklistedBundle>
                        <blacklistedBundle>mvn:org.ops4j.pax.logging/pax-logging-log4j2/${org.ops4j.pax.logging.version.excluded}</blacklistedBundle>
                    </blacklistedBundles>
                    <libraries>
                    </libraries>
                    <javase>11</javase>
                    <generateConsistencyReport>${project.build.directory}</generateConsistencyReport>
                    <consistencyReportProjectName>Apache Karaf (full)</consistencyReportProjectName>
                </configuration>
            </plugin> {code};;;",,,,,,,,,,,,,,,,,,,,,,,,
Cannot run docker image for apache/karaf:4.3.4,KARAF-7305,13419442,,Bug,Resolved,KARAF,Karaf,software,jbonofre,,http://karaf.apache.org,Major,Fixed,jbonofre,eloy_iv,eloy_iv,26/Dec/21 11:37,28/Dec/21 05:08,06/Sep/26 16:38,28/Dec/21 05:08,4.3.3,4.3.4,,,,4.3.3,4.3.4,,,,karaf,,,,,0,,,,,,,"Running:

{{docker run --rm -it apache/karaf:4.3.4}}

Yields:
{code:java}
Unable to find image 'apache/karaf:4.3.4' locally
4.3.4: Pulling from apache/karaf
f3ef4ff62e0d: Pull complete 
706b9b9c1c44: Pull complete 
76205aac4d5a: Pull complete 
838169397e23: Pull complete 
3ff769626c32: Pull complete 
Digest: sha256:82ab7e1a4add4843f03ed50910d63c36a1247ebf2b1ee81f9b1effb7c19e12dd
Status: Downloaded newer image for apache/karaf:4.3.4
docker: Error response from daemon: OCI runtime create failed: container_linux.go:380: starting container process caused: exec: ""karaf"": executable file not found in $PATH: unknown.
{code}

In contrast, version 4.3.1 works:

{{docker run --rm -it apache/karaf:4.3.1}}
",,,,,,,,,,,,,,,,,,,,,,,,,,,,,,,,,,,,,,,,,,,0.0,,,,,,,,,,,,,,,,,,,,,,no_permission,,,,,,,,,,,,,,,,,,,,,9223372036854775807,,,,Tue Dec 28 05:08:31 UTC 2021,,,,,,,,,,0|z0y18g:,9223372036854775807,,,,,,,,,,,,4.3.3,4.3.4,,,,,,,,,,,27/Dec/21 06:08;jbonofre;Thanks for the report. AFAIR it worked for me. Let me double check.;;;,"27/Dec/21 06:08;jbonofre;You are right, I did a mistake when I pushed. I'm fixing now.;;;",28/Dec/21 05:08;jbonofre;I pushed fixed images. Sorry about that.;;;,,,,,,,,,,,,,,,,,,,,,,,,,
Provide Spring Security 5.4.2_1 feature,KARAF-7067,13362625,,Dependency upgrade,Resolved,KARAF,Karaf,software,jbonofre,,http://karaf.apache.org,Major,Fixed,jbonofre,jbonofre,jbonofre,05/Mar/21 14:58,08/Mar/21 05:24,06/Sep/26 16:38,08/Mar/21 05:24,,,,,,4.2.11,4.3.1,,,,karaf,,,,,0,,,,,,,,,,,,,,,,,,,,,,,,,,,,,,,,,,,,,,,,,,,,,,,,,,0.0,,,,,,,,,,,,,,,,,,,,,,no_permission,,,,,,,,,,,,,,,,,,,,,9223372036854775807,,,,Mon Mar 08 05:24:19 UTC 2021,,,,,,,,,,0|z0ocg0:,9223372036854775807,,,,,,,,,,,,4.2.11,4.3.1,,,,,,,,,,,"07/Mar/21 13:09;githubbot;jbonofre opened a new pull request #1325:
URL: https://github.com/apache/karaf/pull/1325


   


----------------------------------------------------------------
This is an automated message from the Apache Git Service.
To respond to the message, please log on to GitHub and use the
URL above to go to the specific comment.

For queries about this service, please contact Infrastructure at:
users@infra.apache.org
;;;","08/Mar/21 05:21;jira-bot;Commit 84de1737c3afc81f81df5ef144e237957b3ff20b in karaf's branch refs/heads/master from jbonofre
[ https://gitbox.apache.org/repos/asf?p=karaf.git;h=84de173 ]

[KARAF-7067] Provide Spring Security 5.4.2 feature
;;;","08/Mar/21 05:21;jira-bot;Commit 4f11cd51fc2e4ee6988a97d3e36ea9434fc9d7e2 in karaf's branch refs/heads/master from Jean-Baptiste Onofré
[ https://gitbox.apache.org/repos/asf?p=karaf.git;h=4f11cd5 ]

Merge pull request #1325 from jbonofre/KARAF-7067

[KARAF-7067] Provide Spring Security 5.4.2 feature;;;","08/Mar/21 05:21;jira-bot;Commit 4f11cd51fc2e4ee6988a97d3e36ea9434fc9d7e2 in karaf's branch refs/heads/master from Jean-Baptiste Onofré
[ https://gitbox.apache.org/repos/asf?p=karaf.git;h=4f11cd5 ]

Merge pull request #1325 from jbonofre/KARAF-7067

[KARAF-7067] Provide Spring Security 5.4.2 feature;;;","08/Mar/21 05:21;githubbot;jbonofre merged pull request #1325:
URL: https://github.com/apache/karaf/pull/1325


   


----------------------------------------------------------------
This is an automated message from the Apache Git Service.
To respond to the message, please log on to GitHub and use the
URL above to go to the specific comment.

For queries about this service, please contact Infrastructure at:
users@infra.apache.org
;;;","08/Mar/21 05:24;jira-bot;Commit 617581d8b917fc497d6a9bf24789a9c53f2714e7 in karaf's branch refs/heads/karaf-4.2.x from jbonofre
[ https://gitbox.apache.org/repos/asf?p=karaf.git;h=617581d ]

[KARAF-7067] Provide Spring Security 5.4.2 feature

(cherry picked from commit 84de1737c3afc81f81df5ef144e237957b3ff20b)
;;;",,,,,,,,,,,,,,,,,,,,,,
Upgrade to maven-gpg-plugin 3.2.7,KARAF-7909,13603639,,Dependency upgrade,Resolved,KARAF,Karaf,software,jbonofre,,http://karaf.apache.org,Major,Fixed,jbonofre,jbonofre,jbonofre,03/Jan/25 06:42,06/Jan/25 10:18,06/Sep/26 16:38,06/Jan/25 10:18,,,,,,4.4.7,4.5.0,,,,karaf,,,,,0,,,,,,,,,,,,,,,,,,,,,,,,,,,,,,,,,,,,,,,,,,,,,,,,,,0.0,,,,,,,,,,,,,,,,,,,,,,no_permission,,,,,,,,,,,,,,,,,,,,,9223372036854775807,,,,Mon Jan 06 10:18:28 UTC 2025,,,,,,,,,,0|z1tdvs:,9223372036854775807,,,,,,,,,,,,4.4.7,4.5.0,,,,,,,,,,,"05/Jan/25 17:52;githubbot;jbonofre opened a new pull request, #1914:
URL: https://github.com/apache/karaf/pull/1914

   (no comment)


;;;","06/Jan/25 10:17;githubbot;jbonofre merged PR #1914:
URL: https://github.com/apache/karaf/pull/1914


;;;","06/Jan/25 10:17;jira-bot;Commit 1d3e1be623a93bc30cb5f718ae92c46b31ac4f09 in karaf's branch refs/heads/main from JB Onofré
[ https://gitbox.apache.org/repos/asf?p=karaf.git;h=1d3e1be623 ]

KARAF-7909: Upgrade to maven-gpg-plugin 3.2.7
;;;","06/Jan/25 10:17;jira-bot;Commit fba095fcdda3a742c65eeddd01f418b672874150 in karaf's branch refs/heads/main from JB Onofré
[ https://gitbox.apache.org/repos/asf?p=karaf.git;h=fba095fcdd ]

Merge pull request #1914 from jbonofre/KARAF-7909

KARAF-7909: Upgrade to maven-gpg-plugin 3.2.7;;;","06/Jan/25 10:18;jira-bot;Commit 1cdc19183b2b8a968f267236a2f520b55140178a in karaf's branch refs/heads/karaf-4.4.x from JB Onofré
[ https://gitbox.apache.org/repos/asf?p=karaf.git;h=1cdc19183b ]

KARAF-7909: Upgrade to maven-gpg-plugin 3.2.7

(cherry picked from commit 1d3e1be623a93bc30cb5f718ae92c46b31ac4f09)
;;;",,,,,,,,,,,,,,,,,,,,,,,
Karaf server SSH connection not happing via ssh.net dll,KARAF-7393,13427730,,Bug,Resolved,KARAF,Karaf,software,jbonofre,,http://karaf.apache.org,Major,Cannot Reproduce,jbonofre,manjusahu,manjusahu,10/Feb/22 11:00,06/Jul/22 06:32,06/Sep/26 16:38,06/Jul/22 06:32,4.2.13,4.2.14,4.2.15,4.3.6,,,,,,,karaf,,,,,0,,,,,,,"We are trying to connect to karaf server 4.3.6 via ssh in C# using ssh.net library

([https://github.com/sshnet/SSH.NET])

.

Once connection done, we are trying to execute following command

list | grep -i <bundleName>.

Exception with 4.3.6 - Renci.SshNet.Common.SshAuthenticationException: Permission denied (password).

Below are the exceptions from 4.2.15 :

This throws exception while executing the above command saying 'connection is reset'.

Renci.SshNet.Common.SshConnectionException: An established connection was aborted by the server.

 

However sshconnection to  Karaf server-4.3.1 is working fine via above library.

Please suggest how to resolve this issue with karaf 4.3.6 or 4.2.15.

Same issue exists for karaf 4.2.13, 4.2.14, 4.2.15 and 4.3.5 to 4.3.6.

I need to upgrade the karaf version from 4.2.9 to the version which has PAX logging >=1.11.11 or >=2.0.14.",,,,,,,,,,,,,,,,,,,,,,,,,,,,,,,,,,,,,,,,,,,0.0,,,,,,,,,,,,,,,,,,,,,,no_permission,,,,,,,,,,,https://issues.apache.org/jira/browse/KARAF-6918,,,,,,,,,,9223372036854775807,,,,Wed Jul 06 06:32:29 UTC 2022,,,,,,,,,,0|z0zg5s:,9223372036854775807,,,,,,,,,,,,,,,,,,,,,,,,10/Feb/22 11:04;jbonofre;Does it mean that it worked with Karaf 4.2.9 ?;;;,"10/Feb/22 11:29;manjusahu;yes, it is working with 4.2.9 and also with 4.3.1;;;",10/Feb/22 11:45;manjusahu;I have attached one bug URL which was raised for the same issue and was fixed in 4.3.1;;;,10/Feb/22 11:54;jbonofre;Thanks. It’s probably related to sshd upgrade. I will take a look. ;;;,15/Feb/22 11:17;manjusahu;[~jbonofre] This is critical bug for us. We are blocked because of this ssh issue. Could you please take this on priority?;;;,"15/Feb/22 12:28;jbonofre;[~manjusahu] ack, I will try to reserve some time to investigate later today or tomorrow.;;;",15/Feb/22 12:39;manjusahu;Thank you [~jbonofre] .;;;,"17/Feb/22 14:05;manjusahu;Dear [~jbonofre] 

As the goal is to solve the log4j vulnerability it also would fit if we can just update the PAX-version inside our existing KARAF version which is 4.2.9.

We tried updating maven dependencies for pax and log4j2 - but its not working as karaf bundles the Pax and logging internally and it is taking the default version of PAX (1.11.6)

Do you see an easy way to update the pax logging without updating karaf?;;;","06/Jul/22 06:32;jbonofre;I'm not able to reproduce on Karaf 4.4.1-SNAPSHOT. I'm closing this Jira for now, please reopen if it still happens.;;;",,,,,,,,,,,,,,,,,,,
Upgrade to Common-IO 2.18.0,KARAF-7885,13599354,,Improvement,Resolved,KARAF,Karaf,software,jbonofre,,http://karaf.apache.org,Major,Fixed,fpapon,fpapon,fpapon,20/Nov/24 09:32,06/Feb/25 07:21,06/Sep/26 16:38,05/Feb/25 15:09,,,,,,decanter-2.11.0,,,,,decanter,,,,,0,,,,,,,,,,,,,,,,,,,,,,,,,,,,,,,,,,,,,,,,,,,,,,,,,,0.0,,,,,,,,,,,,,,,,,,,,,,no_permission,,,,,,,,,,,,,,,,,,,,,9223372036854775807,,,,Thu Feb 06 07:21:44 UTC 2025,,,,,,,,,,0|z1snnk:,9223372036854775807,,,,,,,,,,,,,,,,,,,,,,,,"20/Nov/24 09:41;githubbot;fpapon opened a new pull request, #340:
URL: https://github.com/apache/karaf-decanter/pull/340

   (no comment)


;;;","22/Nov/24 09:51;githubbot;jbonofre merged PR #340:
URL: https://github.com/apache/karaf-decanter/pull/340


;;;","22/Nov/24 09:52;jira-bot;Commit accce31c3b7ed564879aab5a171c6574d0c4c904 in karaf-decanter's branch refs/heads/main from Francois Papon
[ https://gitbox.apache.org/repos/asf?p=karaf-decanter.git;h=accce31c ]

[KARAF-7885] Upgrade to Common-IO 2.18.0
;;;","22/Nov/24 09:52;jira-bot;Commit 3e09c079b97d3898527485e5a6c8c676bd3cffe4 in karaf-decanter's branch refs/heads/main from JB Onofré
[ https://gitbox.apache.org/repos/asf?p=karaf-decanter.git;h=3e09c079 ]

Merge pull request #340 from fpapon/KARAF-7885

[KARAF-7885] Upgrade to Common-IO 2.18.0;;;","22/Nov/24 13:31;githubbot;fpapon opened a new pull request, #349:
URL: https://github.com/apache/karaf-decanter/pull/349

   (no comment)


;;;","29/Nov/24 17:07;lichtin;pax-url-aether is also affected by the commons-io vulnerabilities, as it contains an embedded old version of commons-io.

 ;;;","19/Dec/24 13:27;githubbot;jbonofre opened a new pull request, #1889:
URL: https://github.com/apache/karaf/pull/1889

   (no comment)


;;;","20/Dec/24 09:50;githubbot;jbonofre merged PR #1889:
URL: https://github.com/apache/karaf/pull/1889


;;;","20/Dec/24 09:50;jira-bot;Commit 5596f439f34746e5671e08e845fb337a9b197954 in karaf's branch refs/heads/main from JB Onofré
[ https://gitbox.apache.org/repos/asf?p=karaf.git;h=5596f439f3 ]

KARAF-7885: Upgrade to commons-io 2.18.0
;;;","20/Dec/24 09:50;jira-bot;Commit a0ca22e86bcbb27bf0cdda7aa32b4010668f952b in karaf's branch refs/heads/main from JB Onofré
[ https://gitbox.apache.org/repos/asf?p=karaf.git;h=a0ca22e86b ]

Merge pull request #1889 from jbonofre/KARAF-7885

KARAF-7885: Upgrade to commons-io 2.18.0;;;","20/Dec/24 09:52;jira-bot;Commit e98b5b9943ee71b13e4dfc999aa7273cc74a5a54 in karaf's branch refs/heads/karaf-4.4.x from JB Onofré
[ https://gitbox.apache.org/repos/asf?p=karaf.git;h=e98b5b9943 ]

KARAF-7885: Upgrade to commons-io 2.18.0

(cherry picked from commit 5596f439f34746e5671e08e845fb337a9b197954)
;;;","06/Feb/25 07:21;jira-bot;Commit d717a4e9a128853603e4abdcd167c7a2d0b20a29 in karaf-decanter's branch refs/heads/main from Francois Papon
[ https://gitbox.apache.org/repos/asf?p=karaf-decanter.git;h=d717a4e9 ]

[KARAF-7885] Use version properties for Commons-IO and feature.xml
;;;",,,,,,,,,,,,,,,,
Upgrade to JNA 5.8.0,KARAF-7079,13367257,,Dependency upgrade,Resolved,KARAF,Karaf,software,jbonofre,,http://karaf.apache.org,Major,Fixed,jbonofre,jbonofre,jbonofre,24/Mar/21 14:19,25/Mar/21 04:48,06/Sep/26 16:38,25/Mar/21 04:48,,,,,,4.2.12,4.3.1,,,,karaf,,,,,0,,,,,,,,,,,,,,,,,,,,,,,,,,,,,,,,,,,,,,,,,,,,,,,,,,0.0,,,,,,,,,,,,,,,,,,,,,,no_permission,,,,,,,,,,,,,,,,,,,,,9223372036854775807,,,,Thu Mar 25 04:48:39 UTC 2021,,,,,,,,,,0|z0p4wo:,9223372036854775807,,,,,,,,,,,,4.2.12,4.3.1,,,,,,,,,,,"24/Mar/21 15:41;githubbot;jbonofre opened a new pull request #1335:
URL: https://github.com/apache/karaf/pull/1335


   


-- 
This is an automated message from the Apache Git Service.
To respond to the message, please log on to GitHub and use the
URL above to go to the specific comment.

For queries about this service, please contact Infrastructure at:
users@infra.apache.org
;;;","25/Mar/21 04:47;jira-bot;Commit d6a90d26e0e599258eb6fa99f52e9f89f26573f9 in karaf's branch refs/heads/main from jbonofre
[ https://gitbox.apache.org/repos/asf?p=karaf.git;h=d6a90d2 ]

[KARAF-7079] Upgrade to JNA 5.8.0
;;;","25/Mar/21 04:47;jira-bot;Commit 9e42a097b9f9140c2687ecf9e14b7575bd81ea5d in karaf's branch refs/heads/main from Jean-Baptiste Onofré
[ https://gitbox.apache.org/repos/asf?p=karaf.git;h=9e42a09 ]

Merge pull request #1335 from jbonofre/KARAF-7079

[KARAF-7079] Upgrade to JNA 5.8.0;;;","25/Mar/21 04:47;jira-bot;Commit 9e42a097b9f9140c2687ecf9e14b7575bd81ea5d in karaf's branch refs/heads/main from Jean-Baptiste Onofré
[ https://gitbox.apache.org/repos/asf?p=karaf.git;h=9e42a09 ]

Merge pull request #1335 from jbonofre/KARAF-7079

[KARAF-7079] Upgrade to JNA 5.8.0;;;","25/Mar/21 04:47;githubbot;jbonofre merged pull request #1335:
URL: https://github.com/apache/karaf/pull/1335


   


-- 
This is an automated message from the Apache Git Service.
To respond to the message, please log on to GitHub and use the
URL above to go to the specific comment.

For queries about this service, please contact Infrastructure at:
users@infra.apache.org
;;;","25/Mar/21 04:48;jira-bot;Commit c46d42ed76734328cba38ff33331d2423e6b8025 in karaf's branch refs/heads/karaf-4.2.x from jbonofre
[ https://gitbox.apache.org/repos/asf?p=karaf.git;h=c46d42e ]

[KARAF-7079] Upgrade to JNA 5.8.0

(cherry picked from commit d6a90d26e0e599258eb6fa99f52e9f89f26573f9)
;;;",,,,,,,,,,,,,,,,,,,,,,
Upgrade to Pax Web 8.0.15,KARAF-7630,13516686,,Dependency upgrade,Resolved,KARAF,Karaf,software,jbonofre,,http://karaf.apache.org,Major,Fixed,jbonofre,jbonofre,jbonofre,05/Jan/23 16:46,06/Jan/23 13:45,06/Sep/26 16:38,06/Jan/23 13:45,,,,,,4.4.3,,,,,karaf,,,,,0,,,,,,,,,,,,,,,,,,,,,,,,,,,,,,,,,,,,,,,,,,,,,,,,,,0.0,,,,,,,,,,,,,,,,,,,,,,no_permission,,,,,,,,,,,,,,,,,,,,,9223372036854775807,,,,Fri Jan 06 13:45:36 UTC 2023,,,,,,,,,,0|z1ekdc:,9223372036854775807,,,,,,,,,,,,4.4.3,,,,,,,,,,,,"06/Jan/23 13:45;githubbot;jbonofre merged PR #1707:
URL: https://github.com/apache/karaf/pull/1707


;;;","06/Jan/23 13:45;jira-bot;Commit 084c66280961330d64799f6591a8cf235970eced in karaf's branch refs/heads/main from Jean-Baptiste Onofré
[ https://gitbox.apache.org/repos/asf?p=karaf.git;h=084c662809 ]

[KARAF-7630] Upgrade to Pax Web 8.0.15
;;;","06/Jan/23 13:45;jira-bot;Commit 2d5e98d53cbee683d4d0eb43b04d87bbd9831cbc in karaf's branch refs/heads/main from Jean-Baptiste Onofré
[ https://gitbox.apache.org/repos/asf?p=karaf.git;h=2d5e98d53c ]

Merge pull request #1707 from jbonofre/KARAF-7630

[KARAF-7630] Upgrade to Pax Web 8.0.15;;;",,,,,,,,,,,,,,,,,,,,,,,,,
Upgrade to Aries Proxy Impl 1.1.12,KARAF-7313,13420254,,Dependency upgrade,Resolved,KARAF,Karaf,software,jbonofre,,http://karaf.apache.org,Major,Fixed,jbonofre,jbonofre,jbonofre,02/Jan/22 06:55,05/Jun/22 04:46,06/Sep/26 16:38,05/Jun/22 04:46,,,,,,4.2.16,4.3.6,4.4.0,,,karaf,,,,,0,,,,,,,,,,,,,,,,,,,,,,,,,,,,,,,,,,,,,,,,,,,,,,,,,,0.0,,,,,,,,,,,,,,,,,,,,,,no_permission,,,,,,,,,,,,,,,,,,,,,9223372036854775807,,,,Sun Jun 05 04:46:21 UTC 2022,,,,,,,,,,0|z0y68g:,9223372036854775807,,,,,,,,,,,,4.2.16,4.3.6,4.4.0,,,,,,,,,,"06/Jan/22 17:09;jira-bot;Commit 49d743ac54c79602460eaa2533ffaee8e55f272b in karaf's branch refs/heads/main from Jean-Baptiste Onofré
[ https://gitbox.apache.org/repos/asf?p=karaf.git;h=49d743a ]

[KARAF-7313] Upgrade to Aries Proxy 1.11.12
;;;","06/Jan/22 17:09;jira-bot;Commit 6a9281b0ad16ed2d2e50353ef272da1b0628aa34 in karaf's branch refs/heads/main from Jean-Baptiste Onofré
[ https://gitbox.apache.org/repos/asf?p=karaf.git;h=6a9281b ]

Merge pull request #1476 from jbonofre/KARAF-7313

[KARAF-7313] Upgrade to Aries Proxy 1.11.12;;;","06/Jan/22 17:10;githubbot;jbonofre merged pull request #1476:
URL: https://github.com/apache/karaf/pull/1476


   


-- 
This is an automated message from the Apache Git Service.
To respond to the message, please log on to GitHub and use the
URL above to go to the specific comment.

To unsubscribe, e-mail: commits-unsubscribe@karaf.apache.org

For queries about this service, please contact Infrastructure at:
users@infra.apache.org
;;;","06/Jan/22 17:10;jira-bot;Commit d44872c632ef425b04c4b7a5c55d7b6b85aaa2b1 in karaf's branch refs/heads/karaf-4.3.x from Jean-Baptiste Onofré
[ https://gitbox.apache.org/repos/asf?p=karaf.git;h=d44872c ]

[KARAF-7313] Upgrade to Aries Proxy 1.11.12

(cherry picked from commit 49d743ac54c79602460eaa2533ffaee8e55f272b)
;;;","05/Jun/22 04:46;jira-bot;Commit 19087412ee0ddb7abdf4eb2e7851358a6a3a1306 in karaf's branch refs/heads/karaf-4.2.x from Jean-Baptiste Onofré
[ https://gitbox.apache.org/repos/asf?p=karaf.git;h=19087412ee ]

[KARAF-7313] Upgrade to Aries Proxy 1.1.12
;;;",,,,,,,,,,,,,,,,,,,,,,,
Update woodstox to 6.2.8,KARAF-7501,13468857,,Dependency upgrade,Resolved,KARAF,Karaf,software,jbonofre,,http://karaf.apache.org,Major,Fixed,jbonofre,nite,nite,28/Jun/22 10:34,04/Jul/22 05:21,06/Sep/26 16:38,04/Jul/22 05:21,4.3.7,4.4.0,,,,4.3.8,4.4.1,,,,karaf,,,,,0,,,,,,,"Current specs feature repo references woodstox-6.2.4. There are newer versions released: https://github.com/FasterXML/woodstox/wiki/Woodstox-Release-6.2#releases=

There is a 6.3.0 version, which seems to require spifly and may not be appropriate for 4.3.x because of that increased runtime impact.",,,,,,,,,,,,,,,,,,,,,,,,,,,,,,,,,,,,,,,,,,,0.0,,,,,,,,,,,,,,,,,,,,,,no_permission,,,,,,,,,,,,,,,,,,,,,9223372036854775807,,,,Mon Jul 04 05:21:19 UTC 2022,,,,,,,,,,0|z16f94:,9223372036854775807,,,,,,,,,,,,4.3.7,4.4.1,,,,,,,,,,,"04/Jul/22 05:20;githubbot;jbonofre merged PR #1587:
URL: https://github.com/apache/karaf/pull/1587


;;;","04/Jul/22 05:20;jira-bot;Commit 6108c89fc15ad74f20801dae811335de1fdfe3a3 in karaf's branch refs/heads/main from Jean-Baptiste Onofré
[ https://gitbox.apache.org/repos/asf?p=karaf.git;h=6108c89fc1 ]

[KARAF-7501] Update woodstox to 6.2.8
;;;","04/Jul/22 05:20;jira-bot;Commit 060cde98706b85298dc93814331b6c56ec7a9960 in karaf's branch refs/heads/main from Jean-Baptiste Onofré
[ https://gitbox.apache.org/repos/asf?p=karaf.git;h=060cde9870 ]

Merge pull request #1587 from jbonofre/KARAF-7501

[KARAF-7501] Update woodstox to 6.2.8;;;","04/Jul/22 05:21;jira-bot;Commit 2274f2ca0de9b27821357ee3dbbb04b325c8029e in karaf's branch refs/heads/karaf-4.3.x from Jean-Baptiste Onofré
[ https://gitbox.apache.org/repos/asf?p=karaf.git;h=2274f2ca0d ]

[KARAF-7501] Update woodstox to 6.2.8

(cherry picked from commit 6108c89fc15ad74f20801dae811335de1fdfe3a3)
;;;",,,,,,,,,,,,,,,,,,,,,,,,
Upgrade to JNA 5.13.0,KARAF-7716,13544368,,Dependency upgrade,Resolved,KARAF,Karaf,software,jbonofre,,http://karaf.apache.org,Major,Fixed,jbonofre,jbonofre,jbonofre,21/Jul/23 04:53,27/Jul/23 05:49,06/Sep/26 16:38,27/Jul/23 05:49,,,,,,4.3.10,4.4.4,,,,karaf,,,,,0,,,,,,,,,,,,,,,,,,,,,,,,,,,,,,,,,,,,,,,,,,,,,,,,,,0.0,,,,,,,,,,,,,,,,,,,,,,no_permission,,,,,,,,,,,,,,,,,,,,,9223372036854775807,,,,Thu Jul 27 05:49:13 UTC 2023,,,,,,,,,,0|z1jads:,9223372036854775807,,,,,,,,,,,,4.3.10,4.4.4,,,,,,,,,,,"21/Jul/23 13:01;githubbot;jbonofre opened a new pull request, #1737:
URL: https://github.com/apache/karaf/pull/1737

   (no comment)


;;;","27/Jul/23 05:47;githubbot;jbonofre merged PR #1737:
URL: https://github.com/apache/karaf/pull/1737


;;;","27/Jul/23 05:47;jira-bot;Commit bdab3c3c9684d9e0fa31c67aab2bddba2dc38c3a in karaf's branch refs/heads/main from Jean-Baptiste Onofré
[ https://gitbox.apache.org/repos/asf?p=karaf.git;h=bdab3c3c96 ]

KARAF-7716 - Upgrade to JNA 5.13.0
;;;","27/Jul/23 05:47;jira-bot;Commit dffffd45c101a00a6569db6c4b6fbb415224414c in karaf's branch refs/heads/main from JB Onofré
[ https://gitbox.apache.org/repos/asf?p=karaf.git;h=dffffd45c1 ]

Merge pull request #1737 from jbonofre/KARAF-7716

KARAF-7716 - Upgrade to JNA 5.13.0;;;","27/Jul/23 05:49;jira-bot;Commit fb4a2f280bf3020708fcf8c4257df2de7435a9dc in karaf's branch refs/heads/karaf-4.3.x from Jean-Baptiste Onofré
[ https://gitbox.apache.org/repos/asf?p=karaf.git;h=fb4a2f280b ]

KARAF-7716 - Upgrade to JNA 5.13.0

(cherry picked from commit bdab3c3c9684d9e0fa31c67aab2bddba2dc38c3a)
;;;",,,,,,,,,,,,,,,,,,,,,,,
Missing java.nio.file.spi from etc/jre.properties,KARAF-7927,13604012,,Bug,Resolved,KARAF,Karaf,software,jbonofre,,http://karaf.apache.org,Minor,Fixed,jbonofre,mattrpav,mattrpav,07/Jan/25 05:42,10/Jan/25 07:02,06/Sep/26 16:38,10/Jan/25 07:02,,,,,,4.4.7,4.5.0,,,,,,,,,0,,,,,,,"Update etc/jre.properties to include

{noformat}
java.nio.file.spi, \
{noformat}",,,,,,,,,,,,,,,,,,,,,,,,,,,,,,,,,,,,,,,,,,,0.0,,,,,,,,,,,,,,,,,,,,,,no_permission,,,,,,,,,,,,,,,,,,,,,9223372036854775807,,,,Fri Jan 10 07:01:42 UTC 2025,,,,,,,,,,0|z1tg6o:,9223372036854775807,,,,,,,,,,,,,,,,,,,,,,,,"09/Jan/25 20:52;githubbot;mattrpav opened a new pull request, #1921:
URL: https://github.com/apache/karaf/pull/1921

   (no comment)


;;;","10/Jan/25 07:00;githubbot;jbonofre merged PR #1921:
URL: https://github.com/apache/karaf/pull/1921


;;;","10/Jan/25 07:01;jira-bot;Commit 570ede10eb5c9e24f7d71cf2cbf380b81cb7aff6 in karaf's branch refs/heads/main from Matt Pavlovich
[ https://gitbox.apache.org/repos/asf?p=karaf.git;h=570ede10eb ]

[KARAF-7927] Add missing java.nio.file.spi to etc/jre.properties
;;;","10/Jan/25 07:01;jira-bot;Commit b60288a08e4c66f4aca620130f83c25e58f10856 in karaf's branch refs/heads/main from JB Onofré
[ https://gitbox.apache.org/repos/asf?p=karaf.git;h=b60288a08e ]

Merge pull request #1921 from mattrpav/KARAF-7927

[KARAF-7927] Add missing java.nio.file.spi to etc/jre.properties;;;","10/Jan/25 07:01;jira-bot;Commit 466d101feab2f7e2eaca99a7af06f6f4915a5404 in karaf's branch refs/heads/karaf-4.4.x from Matt Pavlovich
[ https://gitbox.apache.org/repos/asf?p=karaf.git;h=466d101fea ]

[KARAF-7927] Add missing java.nio.file.spi to etc/jre.properties

(cherry picked from commit 570ede10eb5c9e24f7d71cf2cbf380b81cb7aff6)
;;;",,,,,,,,,,,,,,,,,,,,,,,
Make the inclusion of camel history configurable,KARAF-7257,13402951,,New Feature,Resolved,KARAF,Karaf,software,jbonofre,,http://karaf.apache.org,Major,Fixed,jbonofre,owulff,owulff,23/Sep/21 13:03,01/Oct/21 07:29,06/Sep/26 16:38,26/Sep/21 15:57,decanter-2.8.0,,,,,decanter-2.9.0,,,,,decanter,,,,,0,,,,,,,"The history within the event can cause a lot of unstructed data. Every history item is added at the top level with other fields like properties, inHeaders, ...

History should be written to the field ""history"".

It can be configured whether history should be written or not like properties, headers and body.",,,,,,,,,,,,,,,,,,,,,,,,,,,,,,,,,,,,,,,,,,,0.0,,,,,,,,,,,,,,,,,,,,,,no_permission,,,,,,,,,,,,,,,,,,,,,9223372036854775807,,,,Sun Sep 26 15:56:57 UTC 2021,,,,,,,,,,0|z0v874:,9223372036854775807,,,,,,,,,,,,decanter-2.9.0,,,,,,,,,,,,23/Sep/21 13:23;owulff;I will create a PR for this;;;,"23/Sep/21 19:10;githubbot;olwulff opened a new pull request #270:
URL: https://github.com/apache/karaf-decanter/pull/270


   - includeHistory propery makes inclusion of history configurable
   - history stored as list within property ""history"" in the data object like headers, etc.


-- 
This is an automated message from the Apache Git Service.
To respond to the message, please log on to GitHub and use the
URL above to go to the specific comment.

To unsubscribe, e-mail: commits-unsubscribe@karaf.apache.org

For queries about this service, please contact Infrastructure at:
users@infra.apache.org
;;;",24/Sep/21 11:55;owulff;[~jbonofre] Will you merge this PR once you approve as well?;;;,"24/Sep/21 12:14;jbonofre;[~owulff] yes I will, I will do the review later today.;;;","26/Sep/21 15:56;jira-bot;Commit 30718865fcf62fc951743aee694fe74ba84d508f in karaf-decanter's branch refs/heads/main from Oliver Wulff
[ https://gitbox.apache.org/repos/asf?p=karaf-decanter.git;h=3071886 ]

[KARAF-7257] Make inclusion of history configurable
;;;","26/Sep/21 15:56;jira-bot;Commit 148fdf6ac53a822c569eccb359a2cd20519ac4c0 in karaf-decanter's branch refs/heads/main from Oliver Wulff
[ https://gitbox.apache.org/repos/asf?p=karaf-decanter.git;h=148fdf6 ]

[KARAF-7257] Make inclusion of history configurable for EventNotifier as well
;;;","26/Sep/21 15:56;jira-bot;Commit d33400fd3174ffda618d5d132e1c4d9ebdb4dbb4 in karaf-decanter's branch refs/heads/main from Jean-Baptiste Onofré
[ https://gitbox.apache.org/repos/asf?p=karaf-decanter.git;h=d33400f ]

Merge pull request #270 from olwulff/KARAF-7257

[KARAF-7257] Make inclusion of history configurable;;;","26/Sep/21 15:56;githubbot;jbonofre merged pull request #270:
URL: https://github.com/apache/karaf-decanter/pull/270


   


-- 
This is an automated message from the Apache Git Service.
To respond to the message, please log on to GitHub and use the
URL above to go to the specific comment.

To unsubscribe, e-mail: commits-unsubscribe@karaf.apache.org

For queries about this service, please contact Infrastructure at:
users@infra.apache.org
;;;",,,,,,,,,,,,,,,,,,,,
Upgrade to sshd 2.11.0,KARAF-7772,13554555,,Dependency upgrade,Resolved,KARAF,Karaf,software,jbonofre,,http://karaf.apache.org,Major,Fixed,jbonofre,jbonofre,jbonofre,18/Oct/23 11:36,15/Dec/23 13:10,06/Sep/26 16:38,15/Dec/23 13:10,,,,,,4.4.5,4.5.0,,,,karaf,,,,,0,,,,,,,,,,,,,,,,,,,,,,,,,,,,,,,,,,,,,,,,,,,,,,,,,,0.0,,,,,,,,,,,,,,,,,,,,,,no_permission,,,,,,,,,,,,,,,,,,,,,9223372036854775807,,,,Fri Dec 15 13:09:57 UTC 2023,,,,,,,,,,0|z1l0u0:,9223372036854775807,,,,,,,,,,,,4.4.5,4.5.0,,,,,,,,,,,"15/Dec/23 05:03;githubbot;jbonofre opened a new pull request, #1806:
URL: https://github.com/apache/karaf/pull/1806

   (no comment)


;;;","15/Dec/23 05:15;githubbot;jbonofre commented on PR #1806:
URL: https://github.com/apache/karaf/pull/1806#issuecomment-1857291464

   We have to merge #1805 to have spifly feature resolve. That's causing build issue here.


;;;","15/Dec/23 13:09;githubbot;jbonofre commented on PR #1806:
URL: https://github.com/apache/karaf/pull/1806#issuecomment-1857858338

   Test failure is unrelated to sshd update.


;;;","15/Dec/23 13:09;githubbot;jbonofre merged PR #1806:
URL: https://github.com/apache/karaf/pull/1806


;;;","15/Dec/23 13:09;jira-bot;Commit f4d0e141b65c61309e5a32d605a2771b3bbe3e47 in karaf's branch refs/heads/main from Jean-Baptiste Onofré
[ https://gitbox.apache.org/repos/asf?p=karaf.git;h=f4d0e141b6 ]

KARAF-7772: Upgrade to sshd 2.11.0
;;;","15/Dec/23 13:09;jira-bot;Commit 342c1db846ae956f594b67bce8859de5a359c5a4 in karaf's branch refs/heads/main from JB Onofré
[ https://gitbox.apache.org/repos/asf?p=karaf.git;h=342c1db846 ]

Merge pull request #1806 from jbonofre/KARAF-7772

KARAF-7772: Upgrade to sshd 2.11.0;;;","15/Dec/23 13:09;jira-bot;Commit c7c14ce1d02650ef14afd95248d87b7238460607 in karaf's branch refs/heads/karaf-4.4.x from Jean-Baptiste Onofré
[ https://gitbox.apache.org/repos/asf?p=karaf.git;h=c7c14ce1d0 ]

KARAF-7772: Upgrade to sshd 2.11.0

(cherry picked from commit f4d0e141b65c61309e5a32d605a2771b3bbe3e47)
;;;",,,,,,,,,,,,,,,,,,,,,
Upgrade to geronimo-json_1.1_spec 1.5,KARAF-7465,13467046,,Dependency upgrade,Resolved,KARAF,Karaf,software,jbonofre,,http://karaf.apache.org,Major,Fixed,jbonofre,jbonofre,jbonofre,24/Jun/22 09:07,03/Jul/22 15:57,06/Sep/26 16:38,03/Jul/22 15:57,,,,,,4.3.8,4.4.1,,,,karaf,,,,,0,,,,,,,,,,,,,,,,,,,,,,,,,,,,,,,,,,,,,,,,,,,,,,,,,,0.0,,,,,,,,,,,,,,,,,,,,,,no_permission,,,,,,,,,,,,,,,,,,,,,9223372036854775807,,,,Sun Jul 03 15:56:22 UTC 2022,,,,,,,,,,0|z164h4:,9223372036854775807,,,,,,,,,,,,4.3.8,4.4.1,,,,,,,,,,,"03/Jul/22 15:55;githubbot;jbonofre merged PR #1583:
URL: https://github.com/apache/karaf/pull/1583


;;;","03/Jul/22 15:55;jira-bot;Commit bfbc0282be1b47761614c0a8ce7f381104f8731f in karaf's branch refs/heads/main from Jean-Baptiste Onofré
[ https://gitbox.apache.org/repos/asf?p=karaf.git;h=bfbc0282be ]

[KARAF-7465] Upgrade to geronimo-json_1.1_spec 1.5
;;;","03/Jul/22 15:55;jira-bot;Commit 327641ab4abdd395adaabdf261ddf92d4b6535ab in karaf's branch refs/heads/main from Jean-Baptiste Onofré
[ https://gitbox.apache.org/repos/asf?p=karaf.git;h=327641ab4a ]

Merge pull request #1583 from jbonofre/KARAF-7465

[KARAF-7465] Upgrade to geronimo-json_1.1_spec 1.5;;;","03/Jul/22 15:56;jira-bot;Commit 4d7e044b7d6f41622d54f6a9ed08d4abf87710db in karaf's branch refs/heads/karaf-4.3.x from Jean-Baptiste Onofré
[ https://gitbox.apache.org/repos/asf?p=karaf.git;h=4d7e044b7d ]

[KARAF-7465] Upgrade to geronimo-json_1.1_spec 1.5

(cherry picked from commit bfbc0282be1b47761614c0a8ce7f381104f8731f)
;;;",,,,,,,,,,,,,,,,,,,,,,,,
Add a way to get the path to the executing karaf in KarafTestSupport,KARAF-7534,13476682,,Improvement,Open,KARAF,Karaf,software,jbonofre,,http://karaf.apache.org,Major,,jbonofre,sb@dod.no,sb@dod.no,14/Aug/22 07:00,16/Aug/22 14:10,06/Sep/26 16:38,,,,,,,,,,,,,,,,,0,,,,,,,"I would like to  programmatically read the karaf.log file of an executed pax exam karaf integration test, to be able to assert if the file contains the text ""Exception"".

So a convenient way for a subclass of the KarafTestSupport class, to find the ""target/exam/<somehash>"" directory would be nice to have.",,,,,,,,,,,,,,,,,,,,,,,,,,,,,,,,,,,,,,,,,,,0.0,,,,,,,,,,,,,,,,,,,,,,no_permission,,,,,,,,,,,,,,,,,,,,,9223372036854775807,,,,2022-08-14 07:00:43.0,,,,,,,,,,0|z17qfs:,9223372036854775807,,,,,,,,,,,,,,,,,,,,,,,,,,,,,,,,,,,,,,,,,,,,,,,,,,,
Java 17 is not supported is minimum javase version,KARAF-7401,13432385,,Bug,Resolved,KARAF,Karaf,software,jbonofre,,http://karaf.apache.org,Major,Fixed,jbonofre,nite,nite,07/Mar/22 09:21,12/Apr/22 06:09,06/Sep/26 16:38,12/Apr/22 06:09,4.3.6,,,,,4.3.7,4.4.0,,,,karaf,,,,,0,,,,,,,"Setting maven.compiler.release=17 results in:
{noformat}
[ERROR] Failed to execute goal org.apache.karaf.tooling:karaf-maven-plugin:4.3.6:assembly (process-resources) on project karaf4-parent: Unable to build assembly: Java version ""17"" is not supported -> [Help 1]
org.apache.maven.lifecycle.LifecycleExecutionException: Failed to execute goal org.apache.karaf.tooling:karaf-maven-plugin:4.3.6:assembly (process-resources) on project karaf4-parent: Unable to build assembly
    at org.apache.maven.lifecycle.internal.MojoExecutor.execute (MojoExecutor.java:215)
    at org.apache.maven.lifecycle.internal.MojoExecutor.execute (MojoExecutor.java:156)
    at org.apache.maven.lifecycle.internal.MojoExecutor.execute (MojoExecutor.java:148)
    at org.apache.maven.lifecycle.internal.LifecycleModuleBuilder.buildProject (LifecycleModuleBuilder.java:117)
    at org.apache.maven.lifecycle.internal.LifecycleModuleBuilder.buildProject (LifecycleModuleBuilder.java:81)
    at org.apache.maven.lifecycle.internal.builder.singlethreaded.SingleThreadedBuilder.build (SingleThreadedBuilder.java:56)
    at org.apache.maven.lifecycle.internal.LifecycleStarter.execute (LifecycleStarter.java:128)
    at org.apache.maven.DefaultMaven.doExecute (DefaultMaven.java:305)
    at org.apache.maven.DefaultMaven.doExecute (DefaultMaven.java:192)
    at org.apache.maven.DefaultMaven.execute (DefaultMaven.java:105)
    at org.apache.maven.cli.MavenCli.execute (MavenCli.java:972)
    at org.apache.maven.cli.MavenCli.doMain (MavenCli.java:293)
    at org.apache.maven.cli.MavenCli.main (MavenCli.java:196)
    at jdk.internal.reflect.NativeMethodAccessorImpl.invoke0 (Native Method)
    at jdk.internal.reflect.NativeMethodAccessorImpl.invoke (NativeMethodAccessorImpl.java:77)
    at jdk.internal.reflect.DelegatingMethodAccessorImpl.invoke (DelegatingMethodAccessorImpl.java:43)
    at java.lang.reflect.Method.invoke (Method.java:568)
    at org.codehaus.plexus.classworlds.launcher.Launcher.launchEnhanced (Launcher.java:282)
    at org.codehaus.plexus.classworlds.launcher.Launcher.launch (Launcher.java:225)
    at org.codehaus.plexus.classworlds.launcher.Launcher.mainWithExitCode (Launcher.java:406)
    at org.codehaus.plexus.classworlds.launcher.Launcher.main (Launcher.java:347)
Caused by: org.apache.maven.plugin.MojoExecutionException: Unable to build assembly
    at org.apache.karaf.tooling.AssemblyMojo.execute (AssemblyMojo.java:487)
    at org.apache.maven.plugin.DefaultBuildPluginManager.executeMojo (DefaultBuildPluginManager.java:137)
    at org.apache.maven.lifecycle.internal.MojoExecutor.execute (MojoExecutor.java:210)
    at org.apache.maven.lifecycle.internal.MojoExecutor.execute (MojoExecutor.java:156)
    at org.apache.maven.lifecycle.internal.MojoExecutor.execute (MojoExecutor.java:148)
    at org.apache.maven.lifecycle.internal.LifecycleModuleBuilder.buildProject (LifecycleModuleBuilder.java:117)
    at org.apache.maven.lifecycle.internal.LifecycleModuleBuilder.buildProject (LifecycleModuleBuilder.java:81)
    at org.apache.maven.lifecycle.internal.builder.singlethreaded.SingleThreadedBuilder.build (SingleThreadedBuilder.java:56)
    at org.apache.maven.lifecycle.internal.LifecycleStarter.execute (LifecycleStarter.java:128)
    at org.apache.maven.DefaultMaven.doExecute (DefaultMaven.java:305)
    at org.apache.maven.DefaultMaven.doExecute (DefaultMaven.java:192)
    at org.apache.maven.DefaultMaven.execute (DefaultMaven.java:105)
    at org.apache.maven.cli.MavenCli.execute (MavenCli.java:972)
    at org.apache.maven.cli.MavenCli.doMain (MavenCli.java:293)
    at org.apache.maven.cli.MavenCli.main (MavenCli.java:196)
    at jdk.internal.reflect.NativeMethodAccessorImpl.invoke0 (Native Method)
    at jdk.internal.reflect.NativeMethodAccessorImpl.invoke (NativeMethodAccessorImpl.java:77)
    at jdk.internal.reflect.DelegatingMethodAccessorImpl.invoke (DelegatingMethodAccessorImpl.java:43)
    at java.lang.reflect.Method.invoke (Method.java:568)
    at org.codehaus.plexus.classworlds.launcher.Launcher.launchEnhanced (Launcher.java:282)
    at org.codehaus.plexus.classworlds.launcher.Launcher.launch (Launcher.java:225)
    at org.codehaus.plexus.classworlds.launcher.Launcher.mainWithExitCode (Launcher.java:406)
    at org.codehaus.plexus.classworlds.launcher.Launcher.main (Launcher.java:347)
Caused by: java.lang.IllegalArgumentException: Java version ""17"" is not supported
    at org.apache.karaf.profile.assembly.Builder$JavaVersion.from (Builder.java:208)
    at org.apache.karaf.profile.assembly.Builder.javase (Builder.java:528)
    at org.apache.karaf.tooling.AssemblyMojo.doExecute (AssemblyMojo.java:508)
    at org.apache.karaf.tooling.AssemblyMojo.execute (AssemblyMojo.java:483)
    at org.apache.maven.plugin.DefaultBuildPluginManager.executeMojo (DefaultBuildPluginManager.java:137)
    at org.apache.maven.lifecycle.internal.MojoExecutor.execute (MojoExecutor.java:210)
    at org.apache.maven.lifecycle.internal.MojoExecutor.execute (MojoExecutor.java:156)
    at org.apache.maven.lifecycle.internal.MojoExecutor.execute (MojoExecutor.java:148)
    at org.apache.maven.lifecycle.internal.LifecycleModuleBuilder.buildProject (LifecycleModuleBuilder.java:117)
    at org.apache.maven.lifecycle.internal.LifecycleModuleBuilder.buildProject (LifecycleModuleBuilder.java:81)
    at org.apache.maven.lifecycle.internal.builder.singlethreaded.SingleThreadedBuilder.build (SingleThreadedBuilder.java:56)
    at org.apache.maven.lifecycle.internal.LifecycleStarter.execute (LifecycleStarter.java:128)
    at org.apache.maven.DefaultMaven.doExecute (DefaultMaven.java:305)
    at org.apache.maven.DefaultMaven.doExecute (DefaultMaven.java:192)
    at org.apache.maven.DefaultMaven.execute (DefaultMaven.java:105)
    at org.apache.maven.cli.MavenCli.execute (MavenCli.java:972)
    at org.apache.maven.cli.MavenCli.doMain (MavenCli.java:293)
    at org.apache.maven.cli.MavenCli.main (MavenCli.java:196)
    at jdk.internal.reflect.NativeMethodAccessorImpl.invoke0 (Native Method)
    at jdk.internal.reflect.NativeMethodAccessorImpl.invoke (NativeMethodAccessorImpl.java:77)
    at jdk.internal.reflect.DelegatingMethodAccessorImpl.invoke (DelegatingMethodAccessorImpl.java:43)
    at java.lang.reflect.Method.invoke (Method.java:568)
    at org.codehaus.plexus.classworlds.launcher.Launcher.launchEnhanced (Launcher.java:282)
    at org.codehaus.plexus.classworlds.launcher.Launcher.launch (Launcher.java:225)
    at org.codehaus.plexus.classworlds.launcher.Launcher.mainWithExitCode (Launcher.java:406)
    at org.codehaus.plexus.classworlds.launcher.Launcher.main (Launcher.java:347){noformat}",,,,,,,,,,,,,,,,,,,,,,,,,,,,,,,,,,,,,,,,,,,0.0,,,,,,,,,,,,,,,,,,,,,,no_permission,,,,,,,,,,,,,,,,,,,,,9223372036854775807,,,,Fri Mar 18 08:36:43 UTC 2022,,,,,,,,,,0|z108qw:,9223372036854775807,,,,,,,,,,,,4.3.7,,,,,,,,,,,,07/Mar/22 09:30;nite;PR: https://github.com/apache/karaf/pull/1493;;;,"18/Mar/22 08:28;jira-bot;Commit 0cf780107b252eaed1188c400c1a857d3f7b1c94 in karaf's branch refs/heads/main from Robert Varga
[ https://gitbox.apache.org/repos/asf?p=karaf.git;h=0cf7801 ]

[KARAF-7401] Recognize Java versions up to 18

javase versions larger than 11 are not recognized, but can be
encountered when the classese require them. Add constants for up to Java
18.

Signed-off-by: Robert Varga <robert.varga@pantheon.tech>
;;;","18/Mar/22 08:36;jira-bot;Commit 3635c02bb7d86b2b4cb612c1099660dc7ea6e60a in karaf's branch refs/heads/karaf-4.3.x from Robert Varga
[ https://gitbox.apache.org/repos/asf?p=karaf.git;h=3635c02 ]

[KARAF-7401] Recognize Java versions up to 18

javase versions larger than 11 are not recognized, but can be
encountered when the classese require them. Add constants for up to Java
18.

Signed-off-by: Robert Varga <robert.varga@pantheon.tech>
;;;",,,,,,,,,,,,,,,,,,,,,,,,,
Upgrade to maven-dependency-plugin 3.3.0,KARAF-7484,13468271,,Dependency upgrade,Resolved,KARAF,Karaf,software,jbonofre,,http://karaf.apache.org,Major,Fixed,jbonofre,jbonofre,jbonofre,24/Jun/22 11:53,29/Jun/22 09:28,06/Sep/26 16:38,29/Jun/22 09:28,,,,,,4.3.8,4.4.1,,,,karaf,,,,,0,,,,,,,,,,,,,,,,,,,,,,,,,,,,,,,,,,,,,,,,,,,,,,,,,,0.0,,,,,,,,,,,,,,,,,,,,,,no_permission,,,,,,,,,,,,,,,,,,,,,9223372036854775807,,,,Wed Jun 29 09:26:13 UTC 2022,,,,,,,,,,0|z16c1c:,9223372036854775807,,,,,,,,,,,,4.3.8,4.4.1,,,,,,,,,,,"29/Jun/22 09:25;githubbot;jbonofre merged PR #1568:
URL: https://github.com/apache/karaf/pull/1568


;;;","29/Jun/22 09:25;jira-bot;Commit 0ca4b82de85582b3b464553a11ce40dd39de759d in karaf's branch refs/heads/main from Jean-Baptiste Onofré
[ https://gitbox.apache.org/repos/asf?p=karaf.git;h=0ca4b82de8 ]

[KARAF-7484] Upgrade to maven-dependency-plugin 3.3.0
;;;","29/Jun/22 09:25;jira-bot;Commit e178d6a0bc7b324ffc956b572e79145a812eeb47 in karaf's branch refs/heads/main from Jean-Baptiste Onofré
[ https://gitbox.apache.org/repos/asf?p=karaf.git;h=e178d6a0bc ]

Merge pull request #1568 from jbonofre/KARAF-7484

[KARAF-7484] Upgrade to maven-dependency-plugin 3.3.0;;;","29/Jun/22 09:26;jira-bot;Commit ef723b6572b7e1beddbafe29000570da4c29af93 in karaf's branch refs/heads/karaf-4.3.x from Jean-Baptiste Onofré
[ https://gitbox.apache.org/repos/asf?p=karaf.git;h=ef723b6572 ]

[KARAF-7484] Upgrade to maven-dependency-plugin 3.3.0

(cherry picked from commit 0ca4b82de85582b3b464553a11ce40dd39de759d)
;;;",,,,,,,,,,,,,,,,,,,,,,,,
Upgrade to Hibernate Validator 7.0.1.Final,KARAF-7059,13362137,,Dependency upgrade,Resolved,KARAF,Karaf,software,jbonofre,,http://karaf.apache.org,Major,Fixed,jbonofre,jbonofre,jbonofre,03/Mar/21 15:58,04/Mar/21 15:09,06/Sep/26 16:38,04/Mar/21 15:09,,,,,,4.2.11,4.3.1,,,,karaf,,,,,0,,,,,,,,,,,,,,,,,,,,,,,,,,,,,,,,,,,,,,,,,,,,,,,,,,0.0,,,,,,,,,,,,,,,,,,,,,,no_permission,,,,,,,,,,,,,,,,,,,,,9223372036854775807,,,,Thu Mar 04 15:09:02 UTC 2021,,,,,,,,,,0|z0o9fs:,9223372036854775807,,,,,,,,,,,,4.2.11,4.3.1,,,,,,,,,,,"04/Mar/21 05:06;githubbot;jbonofre opened a new pull request #1317:
URL: https://github.com/apache/karaf/pull/1317


   


----------------------------------------------------------------
This is an automated message from the Apache Git Service.
To respond to the message, please log on to GitHub and use the
URL above to go to the specific comment.

For queries about this service, please contact Infrastructure at:
users@infra.apache.org
;;;","04/Mar/21 15:07;jira-bot;Commit 3bd7e7520efb8b6d8feca4a9af3aef3a58d4bcbb in karaf's branch refs/heads/master from jbonofre
[ https://gitbox.apache.org/repos/asf?p=karaf.git;h=3bd7e75 ]

[KARAF-7059] Upgrade to Hibernate Validator 7.0.1.Final
;;;","04/Mar/21 15:07;jira-bot;Commit f2e857965c7f6f0471fa3a094cc6efef6c687666 in karaf's branch refs/heads/master from Jean-Baptiste Onofré
[ https://gitbox.apache.org/repos/asf?p=karaf.git;h=f2e8579 ]

Merge pull request #1317 from jbonofre/KARAF-7059

[KARAF-7059] Upgrade to Hibernate Validator 7.0.1.Final;;;","04/Mar/21 15:08;jira-bot;Commit f2e857965c7f6f0471fa3a094cc6efef6c687666 in karaf's branch refs/heads/master from Jean-Baptiste Onofré
[ https://gitbox.apache.org/repos/asf?p=karaf.git;h=f2e8579 ]

Merge pull request #1317 from jbonofre/KARAF-7059

[KARAF-7059] Upgrade to Hibernate Validator 7.0.1.Final;;;","04/Mar/21 15:08;githubbot;jbonofre merged pull request #1317:
URL: https://github.com/apache/karaf/pull/1317


   


----------------------------------------------------------------
This is an automated message from the Apache Git Service.
To respond to the message, please log on to GitHub and use the
URL above to go to the specific comment.

For queries about this service, please contact Infrastructure at:
users@infra.apache.org
;;;","04/Mar/21 15:09;jira-bot;Commit 839a4c3c81934ccde983b698e1178da8f7e87270 in karaf's branch refs/heads/karaf-4.2.x from jbonofre
[ https://gitbox.apache.org/repos/asf?p=karaf.git;h=839a4c3 ]

[KARAF-7059] Upgrade to Hibernate Validator 7.0.1.Final

(cherry picked from commit 3bd7e7520efb8b6d8feca4a9af3aef3a58d4bcbb)
;;;",,,,,,,,,,,,,,,,,,,,,,
AuthConfigFactory error: java.lang.ClassNotFoundException: org.apache.geronimo.components.jaspi.AuthConfigFactoryImpl not found by org.apache.geronimo.specs.geronimo-jaspic_1.0_spec [167],KARAF-7942,13607313,,IT Help,Open,KARAF,Karaf,software,jbonofre,,http://karaf.apache.org,Major,,,nshifat,nshifat,04/Feb/25 17:16,20/Feb/25 15:30,06/Sep/26 16:38,,,,,,,,,,,,,,,,,0,,,,,,,"I have installed apache karaf 4.4.3 and I am getting the following error: Please let me know how to fix it.

AuthConfigFactory error: java.lang.ClassNotFoundException: org.apache.geronimo.components.jaspi.AuthConfigFactoryImpl not found by org.apache.geronimo.specs.geronimo-jaspic_1.0_spec [167]
java.lang.SecurityException: AuthConfigFactory error: java.lang.ClassNotFoundException: org.apache.geronimo.components.jaspi.AuthConfigFactoryImpl not found by org.apache.geronimo.specs.geronimo-jaspic_1.0_spec [167]
        at javax.security.auth.message.config.AuthConfigFactory.getFactory(AuthConfigFactory.java:77) ~[?:?]
        at org.eclipse.jetty.security.jaspi.JaspiAuthenticatorFactory.getAuthenticator(JaspiAuthenticatorFactory.java:90) ~[?:?]
        at org.eclipse.jetty.security.SecurityHandler.doStart(SecurityHandler.java:388) ~[?:?]
        at org.eclipse.jetty.security.ConstraintSecurityHandler.doStart(ConstraintSecurityHandler.java:417) ~[?:?]
        at org.eclipse.jetty.util.component.AbstractLifeCycle.start(AbstractLifeCycle.java:73) ~[?:?]
        at org.eclipse.jetty.util.component.ContainerLifeCycle.start(ContainerLifeCycle.java:169) ~[?:?]
        at org.eclipse.jetty.util.component.ContainerLifeCycle.doStart(ContainerLifeCycle.java:110) ~[?:?]
        at org.eclipse.jetty.server.handler.AbstractHandler.doStart(AbstractHandler.java:97) ~[?:?]
        at org.eclipse.jetty.server.handler.ScopedHandler.doStart(ScopedHandler.java:120) ~[?:?]
        at org.eclipse.jetty.server.session.SessionHandler.doStart(SessionHandler.java:505) ~[?:?]
        at org.eclipse.jetty.util.component.AbstractLifeCycle.start(AbstractLifeCycle.java:73) ~[?:?]
        at org.eclipse.jetty.util.component.ContainerLifeCycle.start(ContainerLifeCycle.java:169) ~[?:?]
        at org.eclipse.jetty.util.component.ContainerLifeCycle.doStart(ContainerLifeCycle.java:110) ~[?:?]
        at org.eclipse.jetty.server.handler.AbstractHandler.doStart(AbstractHandler.java:97) ~[?:?]
        at org.eclipse.jetty.server.handler.ScopedHandler.doStart(ScopedHandler.java:120) ~[?:?]
        at org.eclipse.jetty.server.handler.ContextHandler.startContext(ContextHandler.java:975) ~[?:?]
        at org.eclipse.jetty.servlet.ServletContextHandler.startContext(ServletContextHandler.java:375) ~[?:?]
        at org.ops4j.pax.web.service.jetty.internal.PaxWebServletContextHandler.startContext(PaxWebServletContextHandler.java:279) ~[?:?]
        at org.eclipse.jetty.server.handler.ContextHandler.doStart(ContextHandler.java:916) ~[?:?]
        at org.eclipse.jetty.servlet.ServletContextHandler.doStart(ServletContextHandler.java:288) ~[?:?]
        at org.ops4j.pax.web.service.jetty.internal.PaxWebServletContextHandler.doStart(PaxWebServletContextHandler.java:307) ~[?:?]
        at org.eclipse.jetty.util.component.AbstractLifeCycle.start(AbstractLifeCycle.java:73) ~[?:?]
        at org.ops4j.pax.web.service.jetty.internal.JettyServerWrapper.ensureServletContextStarted(JettyServerWrapper.java:2380) ~[?:?]
        at org.ops4j.pax.web.service.jetty.internal.JettyServerWrapper.lambda$visitServletModelChange$7(JettyServerWrapper.java:1231) ~[?:?]
        at java.util.ArrayList.forEach(ArrayList.java:1541) ~[?:?]
        at java.util.Collections$UnmodifiableCollection.forEach(Collections.java:1085) ~[?:?]
        at org.ops4j.pax.web.service.jetty.internal.JettyServerWrapper.visitServletModelChange(JettyServerWrapper.java:1140) ~[?:?]
        at org.ops4j.pax.web.service.spi.task.ServletModelChange.accept(ServletModelChange.java:101) ~[?:?]
        at org.ops4j.pax.web.service.spi.task.Batch.accept(Batch.java:430) ~[?:?]
        at org.ops4j.pax.web.service.jetty.internal.JettyServerController.sendBatch(JettyServerController.java:168) ~[?:?]
        at org.ops4j.pax.web.service.internal.HttpServiceEnabled.lambda$doRegisterServlet$1(HttpServiceEnabled.java:522) ~[?:?]
        at org.ops4j.pax.web.service.spi.model.ServerModel.lambda$run$2(ServerModel.java:541) ~[?:?]
        at java.util.concurrent.CompletableFuture$AsyncSupply.run(CompletableFuture.java:1700) ~[?:?]
        at java.util.concurrent.Executors$RunnableAdapter.call(Executors.java:515) ~[?:?]
        at java.util.concurrent.FutureTask.run(FutureTask.java:264) ~[?:?]
        at java.util.concurrent.ScheduledThreadPoolExecutor$ScheduledFutureTask.run(ScheduledThreadPoolExecutor.java:304) ~[?:?]
        at java.util.concurrent.ThreadPoolExecutor.runWorker(ThreadPoolExecutor.java:1128) ~[?:?]
        at java.util.concurrent.ThreadPoolExecutor$Worker.run(ThreadPoolExecutor.java:628) ~[?:?]
        at java.lang.Thread.run(Thread.java:829) ~[?:?]
Caused by: java.lang.ClassNotFoundException: org.apache.geronimo.components.jaspi.AuthConfigFactoryImpl not found by org.apache.geronimo.specs.geronimo-jaspic_1.0_spec [167]
        at org.apache.felix.framework.BundleWiringImpl.findClassOrResourceByDelegation(BundleWiringImpl.java:1591) ~[?:?]
        at org.apache.felix.framework.BundleWiringImpl.access$300(BundleWiringImpl.java:79) ~[?:?]
        at org.apache.felix.framework.BundleWiringImpl$BundleClassLoader.loadClass(BundleWiringImpl.java:1976) ~[?:?]
        at java.lang.ClassLoader.loadClass(ClassLoader.java:527) ~[?:?]
        at java.lang.Class.forName0(Native Method) ~[?:?]
        at java.lang.Class.forName(Class.java:398) ~[?:?]
        at org.apache.geronimo.osgi.locator.ProviderLocator.loadClass(ProviderLocator.java:195) ~[?:?]
        at javax.security.auth.message.config.AuthConfigFactory$3.run(AuthConfigFactory.java:68) ~[?:?]
        at java.security.AccessController.doPrivileged(Native Method) ~[?:?]
        at javax.security.auth.message.config.AuthConfigFactory.getFactory(AuthConfigFactory.java:64) ~[?:?]
        ... 38 more",,,,,,,,,,,,,,,,,,,,,,,,KARAF-7941,,,,,,,,,,,,,,,,,,,0.0,,,,,,,,,,,,,,,,,,,,,,no_permission,,,,,,,,,,,,,,,,,,,,,9223372036854775807,,,,Thu Feb 20 15:30:12 UTC 2025,,,,,,,,,,0|z1u0ig:,9223372036854775807,,,,,,,,,,,,,,,,,,,,,,,,20/Feb/25 15:30;jbonofre;Can you provide more details how you get this exception ? Is it while installing a feature ? Which feature ?;;;,,,,,,,,,,,,,,,,,,,,,,,,,,,
Clean argument should not remove log folder by default,KARAF-7146,13377356,,Improvement,Resolved,KARAF,Karaf,software,jbonofre,,http://karaf.apache.org,Major,Fixed,jbonofre,jbonofre,jbonofre,08/May/21 03:56,16/Jun/21 03:45,06/Sep/26 16:38,16/Jun/21 03:45,,,,,,4.3.3,,,,,karaf,,,,,0,,,,,,,{{clean}} removes the {{data}} folder including {{log}} folder.,,,,,,,,,,,,,,,,,,,,,,,,,,,,,,,,,,,,,,,,,,,0.0,,,,,,,,,,,,,,,,,,,,,,no_permission,,,,,,,,,,,,,,,,,,,,,9223372036854775807,,,,Wed Jun 16 03:44:33 UTC 2021,,,,,,,,,,0|z0qug8:,9223372036854775807,,,,,,,,,,,,4.3.3,,,,,,,,,,,,"14/Jun/21 07:55;githubbot;jbonofre opened a new pull request #1391:
URL: https://github.com/apache/karaf/pull/1391


   


-- 
This is an automated message from the Apache Git Service.
To respond to the message, please log on to GitHub and use the
URL above to go to the specific comment.

For queries about this service, please contact Infrastructure at:
users@infra.apache.org
;;;","16/Jun/21 03:44;githubbot;jbonofre merged pull request #1391:
URL: https://github.com/apache/karaf/pull/1391


   


-- 
This is an automated message from the Apache Git Service.
To respond to the message, please log on to GitHub and use the
URL above to go to the specific comment.

For queries about this service, please contact Infrastructure at:
users@infra.apache.org
;;;","16/Jun/21 03:44;jira-bot;Commit df23b2d25ac4672a648c0e6cfdeb96f1ad1579b9 in karaf's branch refs/heads/main from jbonofre
[ https://gitbox.apache.org/repos/asf?p=karaf.git;h=df23b2d ]

[KARAF-7146] clean argument doesn't remove the log
;;;","16/Jun/21 03:44;jira-bot;Commit 54595c2156a1b6567ec8bc0a6fdc80608875082c in karaf's branch refs/heads/main from Jean-Baptiste Onofré
[ https://gitbox.apache.org/repos/asf?p=karaf.git;h=54595c2 ]

Merge pull request #1391 from jbonofre/KARAF-7146

[KARAF-7146] clean argument doesn't remove the log;;;","16/Jun/21 03:44;jira-bot;Commit 54595c2156a1b6567ec8bc0a6fdc80608875082c in karaf's branch refs/heads/main from Jean-Baptiste Onofré
[ https://gitbox.apache.org/repos/asf?p=karaf.git;h=54595c2 ]

Merge pull request #1391 from jbonofre/KARAF-7146

[KARAF-7146] clean argument doesn't remove the log;;;",,,,,,,,,,,,,,,,,,,,,,,
Provide karaf-integration distribution,KARAF-7792,13561987,,New Feature,Open,KARAF,Karaf,software,jbonofre,,http://karaf.apache.org,Major,,jbonofre,jbonofre,jbonofre,15/Dec/23 12:38,11/Jan/25 07:12,06/Sep/26 16:38,,,,,,,,,,,,karaf,,,,,0,,,,,,,"A new karaf distribution will be available: karaf-integration.

This distribution will include Camel, ActiveMQ, etc, as an alternative to ServiceMix assembly.

Related to that (as mentioned in the Camel mailing list), I'm working on camel-karaf to support Camel 4 in Karaf 4.5.x.",,,,,,,,,,,,,,,,,,,,,,,,,,,,,,,,,,,,,,,,,,,0.0,,,,,,,,,,,,,,,,,,,,,,no_permission,,,,,,,,,,,,,,,,,,,,,9223372036854775807,,,,Fri Dec 15 13:50:09 UTC 2023,,,,,,,,,,0|z1macg:,9223372036854775807,,,,,,,,,,,,4.5.0,,,,,,,,,,,,"15/Dec/23 13:50;fpapon;[~jbonofre] what do you mean by ""include ActiveMQ""?

You are talking about the client or the embedded broker?;;;",,,,,,,,,,,,,,,,,,,,,,,,,,,
Resolver parallelism can fail on kubernetes as the resolverParallelism is not accurate,KARAF-7074,13365755,,Bug,Resolved,KARAF,Karaf,software,jbonofre,,http://karaf.apache.org,Major,Fixed,jbonofre,jbonofre,jbonofre,17/Mar/21 08:47,25/Mar/21 07:51,06/Sep/26 16:38,25/Mar/21 07:51,,,,,,4.3.1,,,,,karaf,,,,,0,,,,,,,"When building Karaf on kubernetes (on a pod), the {{resolverParallelism}} can be ""bad"" depending of the number of vCPU and the features dependencies.

The {{resolverParallelism}} is computed like this:
{code:java}
int resolverParallelism = Math.max(1, Runtime.getRuntime().availableProcessors()); {code}
Actually, if the features are not really sequential (features dependencies), the resolution will fail with 1 (if we have a single vCPU). The default should be at least 2.

It's better to use {{-1}} by default and then using resolver with default parallelism, and let the user defines the {{resolverParallelism}} by parameter.",,,,,,,,,,,,,,,,,,,,,,,,,,,,,,,,,,,,,,,,,,,0.0,,,,,,,,,,,,,,,,,,,,,,no_permission,,,,,,,,,,,,,,,,,,,,,9223372036854775807,,,,Thu Mar 25 07:50:21 UTC 2021,,,,,,,,,,0|z0ovn4:,9223372036854775807,,,,,,,,,,,,4.3.1,,,,,,,,,,,,"17/Mar/21 08:47;jbonofre;A workaround on kubernetes is to use:
{code:java}
<resolverParallelism>2</resolverParallelism> {code};;;","25/Mar/21 04:06;githubbot;jbonofre opened a new pull request #1336:
URL: https://github.com/apache/karaf/pull/1336


   


-- 
This is an automated message from the Apache Git Service.
To respond to the message, please log on to GitHub and use the
URL above to go to the specific comment.

For queries about this service, please contact Infrastructure at:
users@infra.apache.org
;;;","25/Mar/21 07:50;githubbot;jbonofre merged pull request #1336:
URL: https://github.com/apache/karaf/pull/1336


   


-- 
This is an automated message from the Apache Git Service.
To respond to the message, please log on to GitHub and use the
URL above to go to the specific comment.

For queries about this service, please contact Infrastructure at:
users@infra.apache.org
;;;","25/Mar/21 07:50;jira-bot;Commit 0f654e51e11fca2645fbaa68b476a037d9b84262 in karaf's branch refs/heads/main from jbonofre
[ https://gitbox.apache.org/repos/asf?p=karaf.git;h=0f654e5 ]

[KARAF-7074] Set default resolution parallelism to 2
;;;","25/Mar/21 07:50;jira-bot;Commit a06ad42e8071722a6dc6a8f3dd4e86a22e413b2e in karaf's branch refs/heads/main from Jean-Baptiste Onofré
[ https://gitbox.apache.org/repos/asf?p=karaf.git;h=a06ad42 ]

Merge pull request #1336 from jbonofre/KARAF-7074

[KARAF-7074] Set default resolution parallelism to 2;;;","25/Mar/21 07:50;jira-bot;Commit a06ad42e8071722a6dc6a8f3dd4e86a22e413b2e in karaf's branch refs/heads/main from Jean-Baptiste Onofré
[ https://gitbox.apache.org/repos/asf?p=karaf.git;h=a06ad42 ]

Merge pull request #1336 from jbonofre/KARAF-7074

[KARAF-7074] Set default resolution parallelism to 2;;;",,,,,,,,,,,,,,,,,,,,,,
Overlapped context path conflict between WAB and REST bundles,KARAF-7675,13527205,,Bug,Open,KARAF,Karaf,software,jbonofre,,http://karaf.apache.org,Major,,jbonofre,sgibier,sgibier,06/Mar/23 08:48,06/Mar/23 10:24,06/Sep/26 16:38,,4.4.3,,,,,,,,,,karaf,,,,,0,,,,,,,"Before karaf-4.4, it was possible to implement a REST bundle mapped to ""/example/api"" root context path beside a WAB bundle mapped to inner ""/example"" context path : REST services are available at ""/example/api"" from any ""/example"" frontend resource hosted in the WAB.

Since karaf-4.4, the services provided by the REST bundle are no longer available (HTTP 404).

This issue is easy to reproduce with the karaf-rest-example and karaf-war-example features provided by the karaf stock distribution and a customized etc/org.apache.cxf.osgi.cfg configuration file :
{noformat}
org.apache.cxf.servlet.context = /example/api
org.apache.cxf.servlet.hide-service-list-page = false
{noformat}
*Test with karaf-4.3.9 :*
{noformat}
karaf@root()> feature:install http http-whiteboard
karaf@root()> feature:repo-add mvn:org.apache.karaf.examples/karaf-rest-example-features/4.3.9/xml
karaf@root()> feature:repo-add mvn:org.apache.karaf.examples/karaf-war-example-features/4.3.9/xml
karaf@root()> feature:install karaf-rest-example-blueprint
karaf@root()> feature:install karaf-war-example{noformat}
The REST services list page is available at [http://localhost:8181/example/api] and the booking services examples are available too.

*Test with karaf-4.4.3 :*
{noformat}
karaf@root()> feature:install http http-whiteboard pax-web-karaf
karaf@root()> feature:repo-add mvn:org.apache.karaf.examples/karaf-rest-example-features/4.4.3/xml
karaf@root()> feature:repo-add mvn:org.apache.karaf.examples/karaf-war-example-features/4.4.3/xml
karaf@root()> feature:install karaf-rest-example-blueprint
karaf@root()> feature:install karaf-war-example{noformat}
The REST services list page is not found (HTTP 404) at [http://localhost:8181/example/api] and all others booking services examples are unavailable too. The karaf.log does not provide any explanation about it.

Since karaf-4.4, there is now a conflict between the CXF root context path and the default WAB context path. Is it intentional ? Should REST and WAB contexts be adjusted in order to work together ?",,,,,,,,,,,,,,,,,,,,,,,,,,,,,,,,,,,,,,,,,,,0.0,,,,,,,,,,,,,,,,,,,,,,no_permission,,,,,,,,,,,,,,,,,,,,,9223372036854775807,,,,Mon Mar 06 10:24:12 UTC 2023,,,,,,,,,,0|z1gcy8:,9223372036854775807,,,,,,,,,,,,,,,,,,,,,,,,"06/Mar/23 10:24;jbonofre;That's probably related to Pax Web change, let me take a look.;;;",,,,,,,,,,,,,,,,,,,,,,,,,,,
Hibernate Core 5.4.32.Final issue resulting in no database connection,KARAF-7356,13422581,,Bug,Open,KARAF,Karaf,software,jbonofre,,http://karaf.apache.org,Critical,,jbonofre,akhaware,akhaware,13/Jan/22 17:11,18/Apr/22 13:27,06/Sep/26 16:38,,4.2.14,4.2.15,,,,,,,,,karaf,,,,,0,,,,,,,"Apache Karaf 4.2.14 is bundled with hibernate-core 5.4.32.Final version. But there seems some issue in fetching the database connection. 

 
{noformat}
org.hibernate.orm.core - 5.4.32.Final | HHH000342: Could not obtain connection to query metadata
org.hibernate.HibernateException: Unable to determine Dialect to use [name=, majorVersion=0]; user must register resolver or explicitly set 'hibernate.dialect'{noformat}
h4. {{and further logs has entry }}
{code:java}
ERROR | CM Configuration Updater (ManagedService Update: pid=[org.apache.aries.jpa.abcd]) | configadmin                      | 11 - org.apache.felix.configadmin - 1.9.22 | [org.osgi.service.cm.ManagedService, id=426, bundle=....project bundle name...: Unexpected problem updating configuration org.apache.aries.jpa.abcd
java.lang.IllegalArgumentException: The persistence unit abcd has incomplete configuration and cannot be created. The configuration is{hibernate.dialect=org.hibernate.dialect.SQLServer2012Dialect, hibernate.id.optimizer.pooled.prefer_lo=true, javax.persistence.spi.PersistenceUnitTransactionType=RESOURCE_LOCAL, service.pid=org.apache.aries.jpa.abcd}
    at org.apache.aries.jpa.container.impl.AriesEntityManagerFactoryBuilder.createAndPublishEMF(AriesEntityManagerFactoryBuilder.java:365) ~[?:?]{code}
 

persistence.xml appears like this:

 
{code:java}
<persistence
        xsi:schemaLocation=""
        http://java.sun.com/xml/ns/persistence
        http://java.sun.com/xml/ns/persistence/persistence_2_0.xsd""
        xmlns=""http://java.sun.com/xml/ns/persistence""
        xmlns:xsi=""http://www.w3.org/2001/XMLSchema-instance""
        version=""2.0"">
    <persistence-unit name=""abcd"" transaction-type=""RESOURCE_LOCAL"">
        <provider>org.hibernate.jpa.HibernatePersistenceProvider</provider>
        <jta-data-source>osgi:service/javax.sql.DataSource/(osgi.jndi.service.name=xyz)</jta-data-source>
        <non-jta-data-source>osgi:service/javax.sql.DataSource/(osgi.jndi.service.name=xyz)</non-jta-data-source>
        <class>.......class names here.......</class>
        <exclude-unlisted-classes>true</exclude-unlisted-classes>
        <properties>
            <property name=""hibernate.id.optimizer.pooled.prefer_lo"" value=""true""/>
        </properties>
    </persistence-unit>
</persistence>
 
{code}
 

I believe dataSource is not available and hence this error is coming. All required parameters are passed through configuration (like username, password, schema etc..)

 

*IMPORTANT:*

As I am upgrading from Apache Karaf 4.2.9 to 4.2.14 (and to 4.2.15 tomorrow), I have observed that in 4.2.9 JdbcEnvironmentInitiator > initiateService() was getting called twice, where connection was getting established in 2nd iteration.

In 4.2.14, there is just one invocation and database connection is not established.

Can someone please investigate?",,,,,,,,,,,,,,,,,,,,,,,,,,,,,,,,,,,,,,,,,,,0.0,,,,,,,,,,,,,,,,,,,,,,no_permission,,,,,,,,,,,,,,,,,,,,,9223372036854775807,,,,Mon Apr 18 13:26:55 UTC 2022,,,,,,,,,,0|z0ykkg:,9223372036854775807,,,,,,,,,,,,,,,,,,,,,,,,17/Jan/22 08:11;akhaware;Issue persists in karaf 4.2.15 with aries-jpa version 2.7.3;;;,25/Jan/22 14:15;jbonofre;Which JDK version are you using ?;;;,25/Jan/22 15:07;akhaware;JDK 1.8;;;,27/Jan/22 15:29;akhaware;I have observed this problem in Karaf 4.3.6 as well.;;;,28/Jan/22 05:56;jbonofre;Not surprising as it’s related to hibernate/Aries jpa. ;;;,"28/Jan/22 09:36;akhaware;Hi Jean,

Do we have any tentative timelines for the next release?

Thanks in advance. 

 ;;;","18/Apr/22 13:26;jbonofre;Hi

I just checked with the JpaExample from Karaf 4.2.x and it works without problem.

Don't you have a connection issue (network or permission) to connect to your SQL server ? Maybe you don't have the permission to retrieve the metadata from the database ?;;;",,,,,,,,,,,,,,,,,,,,,
Upgrade maven-remote-resources-plugin to 3.1.0,KARAF-7759,13551711,,Dependency upgrade,Resolved,KARAF,Karaf,software,jbonofre,,http://karaf.apache.org,Major,Fixed,jbonofre,nite,nite,22/Sep/23 22:11,23/Sep/23 04:54,06/Sep/26 16:38,23/Sep/23 04:54,,,,,,4.3.11,4.4.5,4.5.0,,,karaf,,,,,0,,,,,,,https://issues.apache.org/jira/secure/ReleaseNote.jspa?projectId=12317825&version=12352115,,,,,,,,,,,,,,,,,,,,,,,,,,,,,,,,,,,,,,,,,,,0.0,,,,,,,,,,,,,,,,,,,,,,no_permission,,,,,,,,,,,,,,,,,,,,,9223372036854775807,,,,Sat Sep 23 04:54:34 UTC 2023,,,,,,,,,,0|z1kjbc:,9223372036854775807,,,,,,,,,,,,4.3.11,4.4.5,4.5.0,,,,,,,,,,"22/Sep/23 22:13;githubbot;rovarga opened a new pull request, #1776:
URL: https://github.com/apache/karaf/pull/1776

   Signed-off-by: Robert Varga <robert.varga@pantheon.tech>
   


;;;","23/Sep/23 04:47;githubbot;jbonofre merged PR #1776:
URL: https://github.com/apache/karaf/pull/1776


;;;","23/Sep/23 04:47;jira-bot;Commit 6429d65bd56eee31299b6bdba064c6a1ad2e189d in karaf's branch refs/heads/main from Robert Varga
[ https://gitbox.apache.org/repos/asf?p=karaf.git;h=6429d65bd5 ]

[KARAF-7759] Upgrade maven-remote-resources-plugin to 3.1.0

Signed-off-by: Robert Varga <robert.varga@pantheon.tech>
;;;","23/Sep/23 04:47;jira-bot;Commit 4169322e158b60493b2fad608c37dadc9ce21058 in karaf's branch refs/heads/main from JB Onofré
[ https://gitbox.apache.org/repos/asf?p=karaf.git;h=4169322e15 ]

Merge pull request #1776 from rovarga/karaf7759

[KARAF-7759] Upgrade maven-remote-resources-plugin to 3.1.0;;;","23/Sep/23 04:54;jira-bot;Commit 1f16d282d02530aae19a03dbeb893ac92d1dac46 in karaf's branch refs/heads/karaf-4.4.x from Robert Varga
[ https://gitbox.apache.org/repos/asf?p=karaf.git;h=1f16d282d0 ]

[KARAF-7759] Upgrade maven-remote-resources-plugin to 3.1.0

Signed-off-by: Robert Varga <robert.varga@pantheon.tech>

(cherry picked from commit 6429d65bd56eee31299b6bdba064c6a1ad2e189d)
;;;","23/Sep/23 04:54;jira-bot;Commit e57aa37cca30a3b22975959a29881ac71eae926f in karaf's branch refs/heads/karaf-4.3.x from Robert Varga
[ https://gitbox.apache.org/repos/asf?p=karaf.git;h=e57aa37cca ]

[KARAF-7759] Upgrade maven-remote-resources-plugin to 3.1.0

Signed-off-by: Robert Varga <robert.varga@pantheon.tech>

(cherry picked from commit 6429d65bd56eee31299b6bdba064c6a1ad2e189d)
;;;",,,,,,,,,,,,,,,,,,,,,,
Upgrade to xmlunit 1.6,KARAF-7478,13467155,,Dependency upgrade,Resolved,KARAF,Karaf,software,jbonofre,,http://karaf.apache.org,Major,Fixed,jbonofre,jbonofre,jbonofre,24/Jun/22 09:20,29/Jun/22 09:37,06/Sep/26 16:38,29/Jun/22 09:37,,,,,,4.3.8,4.4.1,,,,karaf,,,,,0,,,,,,,,,,,,,,,,,,,,,,,,,,,,,,,,,,,,,,,,,,,,,,,,,,0.0,,,,,,,,,,,,,,,,,,,,,,no_permission,,,,,,,,,,,,,,,,,,,,,9223372036854775807,,,,Wed Jun 29 09:37:28 UTC 2022,,,,,,,,,,0|z1655c:,9223372036854775807,,,,,,,,,,,,4.3.8,4.4.1,,,,,,,,,,,"29/Jun/22 09:36;githubbot;jbonofre merged PR #1572:
URL: https://github.com/apache/karaf/pull/1572


;;;","29/Jun/22 09:36;jira-bot;Commit d55318737108aea9fe28d6f4a7ba7034e05feea2 in karaf's branch refs/heads/main from Jean-Baptiste Onofré
[ https://gitbox.apache.org/repos/asf?p=karaf.git;h=d553187371 ]

[KARAF-7478] Upgrade to xmlunit 1.6
;;;","29/Jun/22 09:36;jira-bot;Commit 996a7847ca22ac907160ffe1dc5812146047edda in karaf's branch refs/heads/main from Jean-Baptiste Onofré
[ https://gitbox.apache.org/repos/asf?p=karaf.git;h=996a7847ca ]

Merge pull request #1572 from jbonofre/KARAF-7478

[KARAF-7478] Upgrade to xmlunit 1.6;;;","29/Jun/22 09:37;jira-bot;Commit f5352762da8a6f3a3853bf8e537207e0641e4a30 in karaf's branch refs/heads/karaf-4.3.x from Jean-Baptiste Onofré
[ https://gitbox.apache.org/repos/asf?p=karaf.git;h=f5352762da ]

[KARAF-7478] Upgrade to xmlunit 1.6

(cherry picked from commit d55318737108aea9fe28d6f4a7ba7034e05feea2)
;;;",,,,,,,,,,,,,,,,,,,,,,,,
Upgrade to commons-io 2.19.0,KARAF-7958,13617419,,Dependency upgrade,Resolved,KARAF,Karaf,software,jbonofre,,http://karaf.apache.org,Major,Fixed,jbonofre,jbonofre,jbonofre,07/May/25 13:33,03/Jul/25 07:48,06/Sep/26 16:38,03/Jul/25 07:48,,,,,,4.4.8,4.5.0,,,,karaf,,,,,0,,,,,,,,,,,,,,,,,,,,,,,,,,,,,,,,,,,,,,,,,,,,,,,,,,0.0,,,,,,,,,,,,,,,,,,,,,,no_permission,,,,,,,,,,,,,,,,,,,,,9223372036854775807,,,,Thu Jul 03 07:48:03 UTC 2025,,,,,,,,,,0|z1vqds:,9223372036854775807,,,,,,,,,,,,4.4.8,4.5.0,,,,,,,,,,,"03/Jul/25 04:11;githubbot;jbonofre opened a new pull request, #1952:
URL: https://github.com/apache/karaf/pull/1952

   (no comment)


;;;","03/Jul/25 07:47;githubbot;jbonofre merged PR #1952:
URL: https://github.com/apache/karaf/pull/1952


;;;","03/Jul/25 07:47;jira-bot;Commit 95151c24dd5bcd36320a6e5aec59d5928b47c35d in karaf's branch refs/heads/main from JB Onofré
[ https://gitbox.apache.org/repos/asf?p=karaf.git;h=95151c24dd ]

KARAF-7958: Upgrade to commons-io 2.19.0
;;;","03/Jul/25 07:47;jira-bot;Commit c687fc0070b0894970458c0f34fdae4bba62c2bc in karaf's branch refs/heads/main from JB Onofré
[ https://gitbox.apache.org/repos/asf?p=karaf.git;h=c687fc0070 ]

Merge pull request #1952 from jbonofre/KARAF-7958

KARAF-7958: Upgrade to commons-io 2.19.0;;;","03/Jul/25 07:48;jira-bot;Commit 5ac0f1e798ed100c00ba869a7c5c156bf9763ce5 in karaf's branch refs/heads/karaf-4.4.x from JB Onofré
[ https://gitbox.apache.org/repos/asf?p=karaf.git;h=5ac0f1e798 ]

KARAF-7958: Upgrade to commons-io 2.19.0

(cherry picked from commit 95151c24dd5bcd36320a6e5aec59d5928b47c35d)
;;;",,,,,,,,,,,,,,,,,,,,,,,
AccessControlException after enable framework-security,KARAF-7314,13420276,,Bug,Open,KARAF,Karaf,software,jbonofre,,http://karaf.apache.org,Major,,jbonofre,johnson.jedi,johnson.jedi,02/Jan/22 15:17,27/Jan/22 18:51,06/Sep/26 16:38,,4.2.8,4.3.2,4.3.5,,,,,,,,karaf,,,,,0,,,,,,,"etc/system.properties unmark
{code:java}
java.security.policy=${karaf.etc}/all.policy
org.osgi.framework.security=osgi {code}
and karaf log appear ERROR 
{code:java}
2022-01-02T23:04:35,436 | ERROR | CM Configuration Updater (ManagedService Update: pid=[org.apache.karaf.log]) | configadmin                      | 15 - org.apache.felix.configadmin - 1.9.22 | Unexpected problem calling configuration plugin [org.osgi.service.cm.ConfigurationPlugin, id=52, bundle=30/mvn:org.apache.karaf.config/org.apache.karaf.config.core/4.3.5]
java.security.AccessControlException: access denied (""java.lang.RuntimePermission"" ""getenv.ORG_APACHE_KARAF_LOG_COLOR_DEBUG"")
	at java.security.AccessControlContext.checkPermission(AccessControlContext.java:472) ~[?:?]
	at java.security.AccessController.checkPermission(AccessController.java:897) ~[?:?]
	at java.lang.SecurityManager.checkPermission(SecurityManager.java:322) ~[?:?]
	at java.lang.System.getenv(System.java:997) ~[?:?]
	at org.apache.karaf.config.core.impl.KarafConfigurationPlugin.modifyConfiguration(KarafConfigurationPlugin.java:39) ~[?:?]
	at org.apache.felix.cm.impl.ConfigurationManager.callPlugins(ConfigurationManager.java:928) ~[?:?]
	at org.apache.felix.cm.impl.helper.BaseTracker.getProperties(BaseTracker.java:221) ~[?:?]
	at org.apache.felix.cm.impl.helper.ManagedServiceTracker.updateService(ManagedServiceTracker.java:138) ~[?:?]
	at org.apache.felix.cm.impl.helper.ManagedServiceTracker.provideConfiguration(ManagedServiceTracker.java:85) ~[?:?]
	at org.apache.felix.cm.impl.ConfigurationManager$ManagedServiceUpdate.provide(ConfigurationManager.java:1129) ~[?:?]
	at org.apache.felix.cm.impl.ConfigurationManager$ManagedServiceUpdate.run(ConfigurationManager.java:1085) ~[?:?]
	at org.apache.felix.cm.impl.UpdateThread$1.run(UpdateThread.java:110) ~[?:?]
	at org.apache.felix.cm.impl.UpdateThread$1.run(UpdateThread.java:107) ~[?:?]
	at java.security.AccessController.doPrivileged(Native Method) ~[?:?]
	at org.apache.felix.cm.impl.UpdateThread.run0(UpdateThread.java:106) ~[?:?]
	at org.apache.felix.cm.impl.UpdateThread.run(UpdateThread.java:84) ~[?:?]
	at java.lang.Thread.run(Thread.java:834) [?:?]
{code}",,,,,,,,,,,,,,,,,,,,,,,,,,,,,,,,,,,,,,,,,,,0.0,,,,,,,,,,,,,,,,,,,,,,no_permission,,,,,,,,,,,,,,,,,,,,,9223372036854775807,,,,Thu Jan 27 18:51:39 UTC 2022,,,,,,,,,,0|z0y6dc:,9223372036854775807,,,,,,,,,,,,,,,,,,,,,,,,02/Jan/22 15:26;jbonofre;Which jdk are you using ?;;;,"04/Jan/22 09:50;jbonofre;I just tried on Karaf 4.4.0-SNAPSHOT, and not exception in the log. I'm trying on Karaf 4.3.5/4.3.6-SNAPSHOT.;;;","04/Jan/22 09:58;jbonofre;Tested with Karaf 4.3.5/JDK11, no problem, no exception in the log. 

Are you using JDK17 ?;;;","19/Jan/22 07:34;labiss96;I also have the same Issue.
It works normally in the karaf 4.2x version, but the problem occurs from the karaf 4.3x version.

https://issues.apache.org/jira/browse/KARAF-7111
It's the same problem as the issue.
Is there a way to downgrade the version of the ""org.apache.karaf.log.core"" bundle like the questioner's opinion?

JDK1.8/11 versions all have the same problem.

Thank you for your answer in advance.;;;",27/Jan/22 18:51;johnson.jedi;I use Oracle JDK 11.0.13;;;,,,,,,,,,,,,,,,,,,,,,,,
Upgrade to maven-filtering 3.3.0,KARAF-7475,13467140,,Dependency upgrade,Resolved,KARAF,Karaf,software,jbonofre,,http://karaf.apache.org,Major,Fixed,jbonofre,jbonofre,jbonofre,24/Jun/22 09:18,29/Jun/22 11:58,06/Sep/26 16:38,29/Jun/22 11:58,,,,,,4.3.8,4.4.1,,,,karaf,,,,,0,,,,,,,,,,,,,,,,,,,,,,,,,,,,,,,,,,,,,,,,,,,,,,,,,,0.0,,,,,,,,,,,,,,,,,,,,,,no_permission,,,,,,,,,,,,,,,,,,,,,9223372036854775807,,,,Wed Jun 29 11:57:58 UTC 2022,,,,,,,,,,0|z16520:,9223372036854775807,,,,,,,,,,,,4.3.8,4.4.1,,,,,,,,,,,"29/Jun/22 11:57;githubbot;jbonofre merged PR #1574:
URL: https://github.com/apache/karaf/pull/1574


;;;","29/Jun/22 11:57;jira-bot;Commit 3890e71de8cd15dde333375f1e439495f069980f in karaf's branch refs/heads/main from Jean-Baptiste Onofré
[ https://gitbox.apache.org/repos/asf?p=karaf.git;h=3890e71de8 ]

[KARAF-7475] Upgrade to maven-filtering 3.3.0
;;;","29/Jun/22 11:57;jira-bot;Commit dc4a09b356d521437c09dfeb8baf694b5323582b in karaf's branch refs/heads/main from Jean-Baptiste Onofré
[ https://gitbox.apache.org/repos/asf?p=karaf.git;h=dc4a09b356 ]

Merge pull request #1574 from jbonofre/KARAF-7475

[KARAF-7475] Upgrade to maven-filtering 3.3.0;;;","29/Jun/22 11:57;jira-bot;Commit e2077c0e76f834af5f86665133329b12cbe44a91 in karaf's branch refs/heads/karaf-4.3.x from Jean-Baptiste Onofré
[ https://gitbox.apache.org/repos/asf?p=karaf.git;h=e2077c0e76 ]

[KARAF-7475] Upgrade to maven-filtering 3.3.0

(cherry picked from commit 3890e71de8cd15dde333375f1e439495f069980f)
;;;",,,,,,,,,,,,,,,,,,,,,,,,
Upgrade to jansi 2.4.1,KARAF-7790,13561709,,Dependency upgrade,Resolved,KARAF,Karaf,software,jbonofre,,http://karaf.apache.org,Major,Fixed,jbonofre,jbonofre,jbonofre,13/Dec/23 16:07,14/Dec/23 09:00,06/Sep/26 16:38,14/Dec/23 09:00,,,,,,4.4.5,4.5.0,,,,karaf,,,,,0,,,,,,,,,,,,,,,,,,,,,,,,,,,,,,,,,,,,,,,,,,,,,,,,,,0.0,,,,,,,,,,,,,,,,,,,,,,no_permission,,,,,,,,,,,,,,,,,,,,,9223372036854775807,,,,Thu Dec 14 09:00:24 UTC 2023,,,,,,,,,,0|z1m8mw:,9223372036854775807,,,,,,,,,,,,4.4.5,4.5.0,,,,,,,,,,,"13/Dec/23 19:12;githubbot;jbonofre opened a new pull request, #1796:
URL: https://github.com/apache/karaf/pull/1796

   (no comment)


;;;","14/Dec/23 08:59;githubbot;jbonofre merged PR #1796:
URL: https://github.com/apache/karaf/pull/1796


;;;","14/Dec/23 08:59;jira-bot;Commit 8b6f37f27aabf964b46d003ce289cac2a94bdb70 in karaf's branch refs/heads/main from JB Onofré
[ https://gitbox.apache.org/repos/asf?p=karaf.git;h=8b6f37f27a ]

KARAF-7790: Upgrade to jansi 2.4.1
;;;","14/Dec/23 08:59;jira-bot;Commit 94c9a5188c1fd10af72afb63eba88ab791114b08 in karaf's branch refs/heads/main from JB Onofré
[ https://gitbox.apache.org/repos/asf?p=karaf.git;h=94c9a5188c ]

Merge pull request #1796 from jbonofre/KARAF-7790

KARAF-7790: Upgrade to jansi 2.4.1;;;","14/Dec/23 09:00;jira-bot;Commit fd2ce0b67915ab92df1965f1aaa6918f05eab528 in karaf's branch refs/heads/karaf-4.4.x from JB Onofré
[ https://gitbox.apache.org/repos/asf?p=karaf.git;h=fd2ce0b679 ]

KARAF-7790: Upgrade to jansi 2.4.1

(cherry picked from commit 8b6f37f27aabf964b46d003ce289cac2a94bdb70)
;;;",,,,,,,,,,,,,,,,,,,,,,,
Upgrade to lucene 9.5.0,KARAF-7664,13522265,,Dependency upgrade,Resolved,KARAF,Karaf,software,jbonofre,,http://karaf.apache.org,Major,Fixed,jbonofre,jbonofre,jbonofre,31/Jan/23 15:53,14/Feb/23 06:29,06/Sep/26 16:38,14/Feb/23 06:29,,,,,,decanter-2.10.0,,,,,decanter,,,,,0,,,,,,,,,,,,,,,,,,,,,,,,,,,,,,,,,,,,,,,,,,,,,,,,,,0.0,,,,,,,,,,,,,,,,,,,,,,no_permission,,,,,,,,,,,,,,,,,,,,,9223372036854775807,,,,Tue Feb 14 06:29:25 UTC 2023,,,,,,,,,,0|z1fik0:,9223372036854775807,,,,,,,,,,,,decanter-2.10.0,,,,,,,,,,,,"14/Feb/23 06:29;githubbot;jbonofre merged PR #327:
URL: https://github.com/apache/karaf-decanter/pull/327


;;;","14/Feb/23 06:29;jira-bot;Commit b619dfbd6de717eb085305490dbbd2574091e8de in karaf-decanter's branch refs/heads/main from JB Onofré
[ https://gitbox.apache.org/repos/asf?p=karaf-decanter.git;h=b619dfbd ]

[KARAF-7664] Upgrade to lucene 9.5.0
;;;","14/Feb/23 06:29;jira-bot;Commit 0eab684aad6592392b915f1c64ac2dae01db3355 in karaf-decanter's branch refs/heads/main from JB Onofré
[ https://gitbox.apache.org/repos/asf?p=karaf-decanter.git;h=0eab684a ]

Merge pull request #327 from jbonofre/KARAF-7664

[KARAF-7664] Upgrade to lucene 9.5.0;;;",,,,,,,,,,,,,,,,,,,,,,,,,
